agency_cd,site_no,station_nm,site_tp_cd,dec_lat_va,dec_long_va,coord_acy_cd,dec_coord_datum_cd,alt_va,alt_acy_va,alt_datum_cd,huc_cd
USGS,415800101561201, 41N39W35CA,GW,43.48194356,-101.9334833,T,NAD83, 2936, 30,NGVD29,10140202
USGS,423003102570101, 29N 48W 9DA  1,GW,42.5007965,-102.9507443,F,NAD83, 3970.00, 10,NGVD29,10150003
USGS,423006102431801, 29N 46W 9DB  1,GW,42.5016292,-102.72214,F,NAD83,,,,10150003
USGS,423010102404101, 29N 46W11DA  1,GW,42.5027413,-102.67853,F,NAD83, 3780.00,10,NGVD29,10150003
USGS,423010102413301, 29N 46W11CB  1,GW,42.502741,-102.692974,F,NAD83, 3804.00,10,NGVD29,10150003
USGS,423010102424301, 29N 46W10CB  1,GW,42.50274058,-102.712418,F,NAD83, 3810.00,10,NGVD29,10150003
USGS,423010102430101, 29N 46W 9DA  1,GW,42.50274047,-102.7174179,F,NAD83, 3815.00,10,NGVD29,10150003
USGS,423010102430102, 29N 46W 9DA  2,GW,42.50274047,-102.7174179,F,NAD83, 3820.00, 10,NGVD29,10150003
USGS,423010102435401, 29N 46W 9CB  1,GW,42.50274015,-102.7321397,F,NAD83, 3830.00,10,NGVD29,10150003
USGS,423010102435402, 29N 46W 9CB  2,GW,42.50274015,-102.7321397,F,NAD83, 3829.00,.1,NGVD29,10150003
USGS,423010102441101, 29N 46W 8DA  1,GW,42.50274005,-102.7368618,F,NAD83, 3829.00,.1,NGVD29,10150003
USGS,423010102441102, 29N 46W 8DA  2,GW,42.50274005,-102.7368618,F,NAD83, 3830.00,10,NGVD29,10150003
USGS,423010102441103, 29N 46W 8DA  3,GW,42.50274005,-102.7368618,F,NAD83, 3835.00, 10,NGVD29,10150003
USGS,423012102361601, 29N 45W 9DB  1,GW,42.5032985,-102.6049206,F,NAD83, 3740.00,10,NGVD29,10150003
USGS,423012102372701, 29N 45W 8DB  1,GW,42.50329808,-102.6246424,F,NAD83, 3740.00,10,NGVD29,10150003
USGS,423012102382001, 29N 45W 7DA  1,GW,42.50329776,-102.6393642,F,NAD83,,,,10150003
USGS,423012102382002, 29N 45W 7DA  2,GW,42.50329776,-102.6393642,F,NAD83,,,,10150003
USGS,423023102415101, 29N 46W10AD  1,GW,42.50635219,-102.6979736,F,NAD83, 3802.00,10,NGVD29,10150003
USGS,423023102424301, 29N 46W10BC  1,GW,42.50635188,-102.7124176,F,NAD83, 3816.00,10,NGVD29,10150003
USGS,423023102430101, 29N 46W 9AD  1,GW,42.50635177,-102.7174175,F,NAD83, 3823.00, 10,NGVD29,10150003
USGS,423025102352201, 29N 45W10BD  1,GW,42.50691017,-102.5899206,F,NAD83, 3737.00, 10,NGVD29,10150003
USGS,423025102355801, 29N 45W 9AD  1,GW,42.50690995,-102.5999204,F,NAD83, 3740.00, 10,NGVD29,10150003
USGS,423025102355802, 29N 45W 9AD  2,GW,42.50690995,-102.5999204,F,NAD83, 3745.00,1.,NGVD29,10150003
USGS,423025102361601, 29N 45W 9AC  1,GW,42.5069098,-102.6049203,F,NAD83, 3735.00,5.,NGVD29,10150003
USGS,423028102253701, 29N 44W12AC  1,GW,42.50775295,-102.4274196,F,NAD83, 3830.00,10,NGVD29,10150003
USGS,423028102313201, 29N 44W 7AC  1,GW,42.50774497,-102.5260332,F,NAD83, 3922.00,10,NGVD29,10150003
USGS,423029102233301, 29N 43W 8BD  1,GW,42.5080342,-102.3929737,F,NAD83, 3650.00,20,NGVD29,10150003
USGS,423032102435401, 29N 46W 9BB  1,GW,42.50885156,-102.7321391,F,NAD83, 3835.00, 10,NGVD29,10150003
USGS,423032102435402, 29N 46W 9BB  2,GW,42.50885156,-102.7321391,F,NAD83,,,,10150003
USGS,423034102415001, 29N 46W10AA  1  MIRAGE FLATS,GW,42.5094079,-102.6976955,S,NAD83, 3794.00, 10,NGVD29,10150003
USGS,423034102415002, 29N 46W10AA  2,GW,42.5094079,-102.6976955,F,NAD83,,,,10150003
USGS,423034102500301, 29N 47W 9AA  1,GW,42.50940725,-102.8346362,F,NAD83, 3901.00, 10,NGVD29,10150003
USGS,423036102384701, 29N 45W 7BA  1,GW,42.5099646,-102.6468634,F,NAD83,,,,10150003
USGS,423036102400601, 29N 46W12BA  1,GW,42.50996415,-102.6688073,F,NAD83, 3820.00,10,NGVD29,10150003
USGS,423036102400602, 29N 46W12BA  2,GW,42.50996415,-102.6688073,F,NAD83, 3820.00,10,NGVD29,10150003
USGS,423036102413301, 29N 46W11BB  1,GW,42.5099636,-102.6929733,F,NAD83, 3798.00,10,NGVD29,10150003
USGS,423036102420801, 29N 46W10AB  1,GW,42.50996339,-102.7026953,F,NAD83, 3802.00,10,NGVD29,10150003
USGS,423036102422601, 29N 46W10BA  1,GW,42.50996328,-102.7076952,F,NAD83, 3808.00,10,NGVD29,10150003
USGS,423036102430101, 29N 46W 9AA  1,GW,42.50996306,-102.7174172,F,NAD83, 3818.00,10,NGVD29,10150003
USGS,423036102431901, 29N 46W 9AB  1,GW,42.50996295,-102.722417,F,NAD83, 3830.00,10,NGVD29,10150003
USGS,423038102352201, 29N 45W10BA  1,GW,42.5105215,-102.5899203,F,NAD83, 3732.00,10,NGVD29,10150003
USGS,423038102352202, 29N 45W10BA  2,GW,42.5105215,-102.5899203,F,NAD83, 3732.00,10,NGVD29,10150003
USGS,423038102352203, 29N 45W10BA  3,GW,42.5105215,-102.5899203,F,NAD83, 3732.00,10,NGVD29,10150003
USGS,423038102354001, 29N 45W10BB  1,GW,42.51052139,-102.5949201,F,NAD83, 3734.00,10,NGVD29,10150003
USGS,423038102365101, 29N 45W 9BB  1,GW,42.51052095,-102.6146419,F,NAD83, 3756.00, 10,NGVD29,10150003
USGS,423038102365102, 29N 45W 9BB  2,GW,42.51052095,-102.6146419,F,NAD83, 3757.00, 10,NGVD29,10150003
USGS,423038102365103, 29N 45W 9BB  3,GW,42.51052095,-102.6146419,F,NAD83, 3747.00,10,NGVD29,10150003
USGS,423038102391301, 29N 45W 7BB  1,GW,42.51052006,-102.6540853,F,NAD83, 3788.00,5.,NGVD29,10150003
USGS,423038102391302, 29N 45W 7BB  2,GW,42.51052006,-102.6540853,F,NAD83, 3780.00,5.,NGVD29,10150003
USGS,423038102391303, 29N 45W 7BB  3,GW,42.51052006,-102.6540853,F,NAD83,,,,10150003
USGS,423040102292701, 29N 44W 9BA  1,GW,42.51108,-102.4913109,F,NAD83, 3850.00,10,NGVD29,10150003
USGS,423042101580101, 29N 40W12BBD 1,GW,42.51165858,-101.9673963,F,NAD83, 3706.00, 20,NGVD29,10150005
USGS,423042102573601, 29N 48W 4CD  1,GW,42.5116303,-102.9604659,F,NAD83, 4119.00, 10,NGVD29,10150003
USGS,423045102364601, 29N 45W 5DDD 1,GW,42.51357665,-102.6161693,S,NAD83, 3754.00, .1,NGVD29,10150003
USGS,423045102450401, 29N 46W 5CC  1,GW,42.51246245,-102.7515828,F,NAD83,,,,10150003
USGS,423047102475501, 29N 47W 2DCA 1,GW,42.5130183,-102.7990814,F,NAD83, 3905.00, 10,NGVD29,10150003
USGS,423048102420801, 29N 46W 3DC  1,GW,42.5132969,-102.702695,F,NAD83, 3800.00,10,NGVD29,10150003
USGS,423048102420802, 29N 46W 3DC  2,GW,42.5132969,-102.702695,F,NAD83, 3805.00,10,NGVD29,10150003
USGS,423048102422601, 29N 46W 3CD  1,GW,42.51329678,-102.7076949,F,NAD83, 3806.00,10,NGVD29,10150003
USGS,423048102430101, 29N 46W 4DD  1,GW,42.51329656,-102.7174169,F,NAD83, 3818.00,10,NGVD29,10150003
USGS,423048102431901, 29N 46W 4DC  1,GW,42.51329645,-102.7224167,F,NAD83, 3829.00,10,NGVD29,10150003
USGS,423048102431902, 29N 46W 4DC  2,GW,42.51329645,-102.7224167,F,NAD83, 3828.00, 10,NGVD29,10150003
USGS,423048102435401, 29N 46W 4CC  1,GW,42.5132962,-102.7321387,F,NAD83, 3833.00,10,NGVD29,10150003
USGS,423050102344701, 29N 45W 3DD  1,GW,42.51385526,-102.5801979,F,NAD83, 3721.00,5.,NGVD29,10150003
USGS,423050102363301, 29N 45W 4CD  1,GW,42.51385459,-102.6096416,F,NAD83, 3756.00,1.,NGVD29,10150003
USGS,423050102363302, 29N 45W 4CD  2,GW,42.51385459,-102.6096416,F,NAD83,,,,10150003
USGS,423050102374401, 29N 45W 5CD  1,GW,42.51385414,-102.6293634,F,NAD83, 3752.00,1.,NGVD29,10150003
USGS,423050102374402, 29N 45W 5CD  2,GW,42.51385414,-102.6293634,F,NAD83, 3752.00,1.,NGVD29,10150003
USGS,423050102383801, 29N 45W 6DC  1,GW,42.5138538,-102.644363,F,NAD83, 3760.00,5.,NGVD29,10150003
USGS,423052102434901, 29N 46W 4CCA 1,GW,42.5144074,-102.7307498,F,NAD83, 3833.00,10,NGVD29,10150003
USGS,423101102433601, 29N 46W 4CA  1,GW,42.5169076,-102.7271385,F,NAD83, 3839.00,.1,NGVD29,10150003
USGS,423101102444601, 29N 46W 5CA  1,GW,42.51690719,-102.7465825,F,NAD83, 3865.00,10,NGVD29,10150003
USGS,423103102354001, 29N 45W 3CB  1,GW,42.51746625,-102.5949194,F,NAD83, 3730.00,5.,NGVD29,10150003
USGS,423103102370901, 29N 45W 5DA  1,GW,42.51746569,-102.619641,F,NAD83, 3752.00,1.,NGVD29,10150003
USGS,423103102382001, 29N 45W 6DA  1,GW,42.5174652,-102.6393628,F,NAD83, 3780.00,10,NGVD29,10150003
USGS,423110102125901, 29N 42W 2CA  1,GW,42.5194377,-102.2168536,F,NAD83, 3860.00,10,NGVD29,10150003
USGS,423111102434001, 29N 46W 4BDC 1,GW,42.5196855,-102.7282493,F,NAD83, 3840.00,10,NGVD29,10150003
USGS,423114102341301, 29N 45W 2BC  1,GW,42.52052255,-102.570753,F,NAD83,,,,10150003
USGS,423114102402301, 29N 46W 1BC  1,GW,42.52052017,-102.6735283,F,NAD83, 3770.00,50,NGVD29,10150003
USGS,423114102415101, 29N 46W 3AD  1,GW,42.5205196,-102.6979722,F,NAD83, 3795.00,10,NGVD29,10150003
USGS,423114102415102, 29N 46W 3AD  2,GW,42.5205196,-102.6979722,F,NAD83, 3800.00, 10,NGVD29,10150003
USGS,423114102422601, 29N 46W 3BD  1,GW,42.52051938,-102.7076942,F,NAD83, 3820.00,10,NGVD29,10150003
USGS,423114102430101, 29N 46W 4AD  1,GW,42.52051915,-102.7174162,F,NAD83, 3828.00,10,NGVD29,10150003
USGS,423114102433601, 29N 46W 4BD  1,GW,42.5205189,-102.7271382,F,NAD83, 3840.00,10,NGVD29,10150003
USGS,423116102344701, 29N 45W 3AD  1,GW,42.5210779,-102.5801971,F,NAD83, 3730.00,10,NGVD29,10150003
USGS,423116102344702, 29N 45W 3AD  2,GW,42.5210779,-102.5801971,F,NAD83, 3725.00,1.,NGVD29,10150003
USGS,423123102114801, 29N 42W 1BD  1,GW,42.52304888,-102.1971299,F,NAD83, 3820.00,10,NGVD29,10150005
USGS,423124102422501, 29N 46W 3BA  1,GW,42.5232973,-102.7074161,F,NAD83, 3818.00, 10,NGVD29,10150003
USGS,423127102394201, 29N 46W 1ABA 1,GW,42.52413175,-102.6621393,F,NAD83, 3770.00, .1,NGVD29,10150003
USGS,423127102404101, 29N 46W 2AA  1,GW,42.52413136,-102.6785278,F,NAD83, 3790.00,10,NGVD29,10150003
USGS,423127102404102, 29N 46W 2AA  2,GW,42.52413136,-102.6785278,F,NAD83, 3890.00,10,NGVD29,10150003
USGS,423127102413301, 29N 46W 2BB  1,GW,42.524131,-102.6929719,F,NAD83, 3800.00,10,NGVD29,10150003
USGS,423127102420801, 29N 46W 3AB  1,GW,42.5241308,-102.7026939,F,NAD83, 3812.00,.1,NGVD29,10150003
USGS,423127102433601, 29N 46W 4BA  1,GW,42.5241302,-102.7271378,F,NAD83, 3841.00,.1,NGVD29,10150003
USGS,423127102440701, 29N 46W 5AAA 1,GW,42.52413,-102.7357487,F,NAD83, 3853.00, .1,NGVD29,10150003
USGS,423129102391301, 29N 45W 6BB  1,GW,42.5246875,-102.6540839,F,NAD83, 3760.00,10,NGVD29,10150003
USGS,423131102374801, 29N 45W 5BBB 1,GW,42.52524366,-102.6304733,F,NAD83, 3744.00, .1,NGVD29,10150003
USGS,423132102303801, 29N 44W 5BA  1,GW,42.52552427,-102.5110316,F,NAD83, 3850.00,20,NGVD29,10150003
USGS,423133102224001, 29N 43W 4BB  1,GW,42.5258143,-102.378249,F,NAD83, 3810.00,5.,NGVD29,10150003
USGS,423136102403901, 30N 46W35DD  1,GW,42.5269093,-102.6771387,F,NAD83, 3775, 10,NGVD29,10150003
USGS,423140102393101, 30N 46W36DD  1,GW,42.5277431,-102.6590835,F,NAD83, 3760.00,10,NGVD29,10150003
USGS,423140102394801, 30N 46W36DC  1,GW,42.527743,-102.6638056,F,NAD83, 3770.00,10,NGVD29,10150003
USGS,423140102402301, 30N 46W36CC  1,GW,42.52774279,-102.6735276,F,NAD83,,,,10150003
USGS,423140102405801, 30N 46W35DC  1,GW,42.52774256,-102.6832496,F,NAD83, 3890, 10,NGVD29,10150003
USGS,423140102431901, 30N 46W33DC  1,GW,42.5277416,-102.7224154,F,NAD83, 3869, 10,NGVD29,10150003
USGS,423142102344701, 30N 45W34DD  1,GW,42.52830059,-102.5801964,F,NAD83,,,,10150003
USGS,423142102344702, 30N 45W34DD  2,GW,42.52830059,-102.5801964,F,NAD83,,,,10150003
USGS,423142102344703, 30N 45W34DD  3,GW,42.52830059,-102.5801964,F,NAD83,,,,10150003
USGS,423142102363301, 30N 45W33CD  1,GW,42.52829989,-102.6096401,F,NAD83, 3725.00,20,NGVD29,10150003
USGS,423142102374401, 30N 45W32CD  1,GW,42.5282994,-102.6293619,F,NAD83,,,,10150003
USGS,423150102342601, 30N 45W34DAD 1,GW,42.57247005,-102.5771362,F,NAD83, 3721.00, .1,NGVD29,10150003
USGS,423155102352201, 30N 45W34CA  1,GW,42.53191169,-102.589918,F,NAD83, 3738.00,10,NGVD29,10150003
USGS,423155102352202, 30N 45W34CA  2,GW,42.53191169,-102.589918,F,NAD83, 3938.00, 10,NGVD29,10150003
USGS,423157102564801, 30N 48W34BCC 1,GW,42.5324643,-102.9471323,F,NAD83, 4010.00, 10,NGVD29,10150003
USGS,423157103154501, 30N 51W36BC  1,GW,42.53246528,-103.2629789,F,NAD83, 4298,4.3,NAVD88,10150002
USGS,423206102393101, 30N 46W36AD  1,GW,42.53496575,-102.6590828,F,NAD83, 3770.00,10,NGVD29,10150003
USGS,423208102361601, 30N 45W33AC  1,GW,42.53552265,-102.6049173,F,NAD83,,,,10150003
USGS,423208102382001, 30N 45W31AD  1,GW,42.5355218,-102.6393609,F,NAD83,,,,10150003
USGS,423215102402201, 30N 46W36BB  1,GW,42.53746554,-102.6732489,F,NAD83, 3781.00, 10,NGVD29,10150003
USGS,423215102402202, 30N 46W36BB  2,GW,42.53746554,-102.6732489,F,NAD83,,,,10150003
USGS,423219102404101, 30N 46W35AA  1,GW,42.53857659,-102.6785264,F,NAD83, 3799.00,10,NGVD29,10150003
USGS,423219102413301, 30N 46W35BB  1,GW,42.5385762,-102.6929705,F,NAD83, 3840, 10,NGVD29,10150003
USGS,423221102342901, 30N 45W35BB  1,GW,42.5391347,-102.5751953,F,NAD83, 3740.00,10,NGVD29,10150003
USGS,423221102344701, 30N 45W34AA  1,GW,42.53913459,-102.5801952,F,NAD83, 3740.00,10,NGVD29,10150003
USGS,423221102350501, 30N 45W34AB  1,GW,42.53913447,-102.5851951,F,NAD83,,,,10150003
USGS,423221102372701, 30N 45W32AB  1,GW,42.5391335,-102.6246387,F,NAD83, 3755.00,10,NGVD29,10150003
USGS,423221102372702, 30N 45W32AB  2,GW,42.5391335,-102.6246387,F,NAD83,,,,10150003
USGS,423221102391301, 30N 45W31BB  1,GW,42.53913277,-102.6540825,F,NAD83, 3771.00,10,NGVD29,10150003
USGS,423222102364601, 30N 45W32AAA 1,GW,42.54163386,-102.6157497,F,NAD83, 3750.00, .1,NGVD29,10150003
USGS,423223102302101, 30N 44W32AB  1,GW,42.539692,-102.5063079,F,NAD83, 3650.00,10,NGVD29,10150003
USGS,423223102303801, 30N 44W32BA  1,GW,42.53969188,-102.51103,F,NAD83, 3620.00,10,NGVD29,10150003
USGS,423225102205401, 30N 43W34AB  1,GW,42.5402622,-102.3488018,F,NAD83, 3734.00,20,NGVD29,10150003
USGS,423225102225801, 30N 43W32AA  1,GW,42.5402589,-102.3832477,F,NAD83, 3740.00,10,NGVD29,10150003
USGS,423232102402301, 30N 46W25CC  1,GW,42.542188,-102.6735262,F,NAD83, 3787.6, 10,NGVD29,10150003
USGS,423233102225301, 30N 43W32AAA 1,GW,42.54248139,-102.3818585,F,NAD83, 3740.00,0.1,NGVD29,10150003
USGS,423234102363301, 30N 45W28CD  1,GW,42.54274519,-102.6096386,F,NAD83, 3765.00,10,NGVD29,10150003
USGS,423234102372701, 30N 45W29DC  1,GW,42.5427448,-102.6246383,F,NAD83,,,,10150003
USGS,423236103214001, 30N 51W30CB  1,GW,42.54329895,-103.3615925,F,NAD83,,,,10150002
USGS,423245102365101, 30N 45W29DA  1,GW,42.54830088,-102.6171379,F,NAD83, 3760, 10,NGVD29,10150003
USGS,423245102394801, 30N 46W25DB  1,GW,42.54579957,-102.6638038,F,NAD83,,,,10150003
USGS,423247102391301, 30N 45W30CB  1,GW,42.5463554,-102.6540817,F,NAD83,,,,10150003
USGS,423247103210301, 30N 51W30AC  1,GW,42.54635455,-103.3513143,F,NAD83, 4493,4.3,NAVD88,10150002
USGS,423254102342601, 30N 45W27ADD 1,GW,42.54913529,-102.5768609,F,NAD83, 3750.00, .1,NGVD29,10150003
USGS,423255102414701, 30N 46W27ADD 1,GW,42.54857666,-102.6968584,F,NAD83, 3810.00,10,NGVD29,10150003
USGS,423258102413301, 30N 46W26BC  1,GW,42.5494101,-102.6929695,F,NAD83,,,,10150003
USGS,423300102352201, 30N 45W27BD  1,GW,42.5499683,-102.589916,F,NAD83, 3725.00,10,NGVD29,10150003
USGS,423300102352202, 30N 45W27BD  2,GW,42.5499683,-102.589916,F,NAD83, 3722.00,10,NGVD29,10150003
USGS,423300102352203, 30N 45W27BD  3,GW,42.5499683,-102.589916,F,NAD83,,,,10150003
USGS,423300102355801, 30N 45W28AD  1,GW,42.54996809,-102.5999159,F,NAD83, 3715.00,10,NGVD29,10150003
USGS,423300102382001, 30N 45W30AD  1,GW,42.54996708,-102.6393595,F,NAD83, 3774.00,10,NGVD29,10150003
USGS,423300102391301, 30N 45W30BC  1,GW,42.5499667,-102.6540814,F,NAD83,,,,10150003
USGS,423311102380301, 30N 45W30AA  1,GW,42.55580084,-102.6357478,F,NAD83, 3760.00, 10,NGVD29,10150003
USGS,423311102402301, 30N 46W25BB  1,GW,42.5530219,-102.673525,F,NAD83, 3792.00,10,NGVD29,10150003
USGS,423313102352201, 30N 45W27BA  1,GW,42.55357967,-102.5899157,F,NAD83, 3744.00,10,NGVD29,10150003
USGS,423313102382002, 30N 45W30AA  2,GW,42.5535784,-102.639359,F,NAD83, 3761.00,10,NGVD29,10150003
USGS,423313102382003, 30N 45W30AA  3,GW,42.5535784,-102.639359,F,NAD83, 3760.00,10,NGVD29,10150003
USGS,423317102435801, 30N 46W21CCC 1,GW,42.5557983,-102.7332458,F,NAD83, 3915.00, .1,NGVD29,10150003
USGS,423320102391501, 30N 45W19CCC 1,GW,42.55607815,-102.6546363,F,NAD83, 3774.00, .1,NGVD29,10150003
USGS,423324102413301, 30N 46W23CC  1,GW,42.5566327,-102.6929688,F,NAD83,,,,10150003
USGS,423324102442901, 30N 46W20DC  1,GW,42.55663148,-102.7418566,F,NAD83,,,,10150003
USGS,423324102442902, 30N 46W20DC  2,GW,42.55663148,-102.7418566,F,NAD83,,,,10150003
USGS,423325102365101, 30N 45W21CC  1,GW,42.55691257,-102.614637,F,NAD83, 3725.00,10,NGVD29,10150003
USGS,423325102370901, 30N 45W20DD  1,GW,42.5569124,-102.619637,F,NAD83, 3735.00,20,NGVD29,10150003
USGS,423325102383801, 30N 45W19DC  1,GW,42.55691179,-102.6443587,F,NAD83, 3770.00,10,NGVD29,10150003
USGS,423328102302101, 30N 44W20DC  1,GW,42.55774876,-102.5063059,F,NAD83, 3779.00,50,NGVD29,10150003
USGS,423331103041301, 30N 49W21DA  1,GW,42.55857668,-103.0707457,F,NAD83, 4200.00,10,NGVD29,10150003
USGS,423332103004101, 32N 49W36DD  1,GW,42.70024789,-103.0099067,F,NAD83, 3960, 10,NGVD29,10140201
USGS,423333102403901, 30N 46W23DA  1,GW,42.55913327,-102.6779688,F,NAD83, 3856.00, 10,NGVD29,10150003
USGS,423336102380301, 30N 45W19DA  1,GW,42.56274568,-102.6360249,F,NAD83, 3750, 10,NGVD29,10150003
USGS,423337102402301, 30N 46W24CB  1,GW,42.56024455,-102.6735244,F,NAD83,,,,10150003
USGS,423337102402302, 30N 46W24CB  2,GW,42.56024455,-102.6735244,F,NAD83, 3850, 10,NGVD29,10150003
USGS,423337102402303, 30N 46W24CB  3,GW,42.56024455,-102.6735244,F,NAD83, 3833,4.3,NAVD88,10150003
USGS,423337102433601, 30N 46W21CA  1,GW,42.56024315,-102.7271344,F,NAD83, 3923.00,10,NGVD29,10150003
USGS,423337102450401, 30N 46W20CB  1,GW,42.5602425,-102.7515783,F,NAD83, 3936.00,10,NGVD29,10150003
USGS,423337102452101, 30N 46W19DA  1,GW,42.56024256,-102.7563005,F,NAD83,,,,10150003
USGS,423338102322501, 30N 45W24DA  1,GW,42.5605258,-102.5407493,F,NAD83, 3832.00,10,NGVD29,10150003
USGS,423338102365101, 30N 45W21CB  1,GW,42.56052389,-102.6146367,F,NAD83,,,,10150003
USGS,423338102385501, 30N 45W19CA  1,GW,42.56052299,-102.6490804,F,NAD83, 3810.00,10,NGVD29,10150003
USGS,423341102264801, 30N 44W23DB  1,GW,42.56136516,-102.4471369,F,NAD83, 3580.00, 10,NGVD29,10150003
USGS,423350102413301, 30N 46W23BC  1,GW,42.56385535,-102.692968,F,NAD83, 3810, 10,NGVD29,10150003
USGS,423350102431901, 30N 46W21AC  1,GW,42.56385457,-102.7224119,F,NAD83,,,,10150003
USGS,423350102431902, 30N 46W21AC  2,GW,42.56385457,-102.7224119,F,NAD83,,,,10150003
USGS,423350102461401, 30N 46W19BC  1,GW,42.56385388,-102.7710222,F,NAD83, 3955.00,10,NGVD29,10150003
USGS,423351102354001, 30N 45W22BC  1,GW,42.5641357,-102.5949145,F,NAD83, 3754.00,10,NGVD29,10150003
USGS,423351102354002, 30N 45W22BC  2,GW,42.5641357,-102.5949145,F,NAD83, 3762.5, 10,NGVD29,10150003
USGS,423354102292701, 30N 44W21BD  1,GW,42.56497246,-102.4913049,F,NAD83, 3740.00,10,NGVD29,10150003
USGS,423354102313201, 30N 44W19AC  1,GW,42.56497095,-102.5260269,F,NAD83, 3778.00,50,NGVD29,10150003
USGS,423356103035801, 30N 49W22BB  1,GW,42.5655213,-103.0665787,F,NAD83,,,,10150003
USGS,423401102491001, 30N 47W22AB  1,GW-TH,42.5669097,-102.8199103,S,NAD83, 4081.00, 10,NGVD29,10150003
USGS,423402102363301, 30N 45W21BB  1,GW,42.56719108,-102.609636,F,NAD83, 3774.00, 10,NGVD29,10150003
USGS,423403102402301, 30N 46W24BB  1,GW,42.56746717,-102.6735237,F,NAD83, 3867.1, 10,NGVD29,10150003
USGS,423403102402302, 30N 46W24BB  2,GW,42.56746717,-102.6735237,F,NAD83, 3862.00,10,NGVD29,10150003
USGS,423403102413301, 30N 46W23BB  1,GW,42.56746665,-102.6929677,F,NAD83,,,,10150003
USGS,423403102450401, 30N 46W20BB  1,GW,42.5674651,-102.7515776,F,NAD83, 3950.00,10,NGVD29,10150003
USGS,423404102330001, 30N 45W24BA  1,GW,42.56774825,-102.5504706,F,NAD83, 3755.00,10,NGVD29,10150003
USGS,423404102335401, 30N 45W23AB  1,GW,42.56774785,-102.5654703,F,NAD83, 3770,4.3,NAVD88,10150003
USGS,423404102342901, 30N 45W23BB  1,GW,42.56774759,-102.5751923,F,NAD83, 3760.00,10,NGVD29,10150003
USGS,423404102344701, 30N 45W22AA  1,GW,42.56774746,-102.5801922,F,NAD83, 3769,4.3,NAVD88,10150003
USGS,423404102370901, 30N 45W20AA  1,GW,42.5677464,-102.6196358,F,NAD83, 3772.00,10,NGVD29,10150003
USGS,423404102372701, 30N 45W20AB  1,GW,42.56774627,-102.6246357,F,NAD83, 3762.00,10,NGVD29,10150003
USGS,423404102382001, 30N 45W19AA  1,GW,42.56774587,-102.6393577,F,NAD83, 3765.00,10,NGVD29,10150003
USGS,423404102391301, 30N 45W19BB  1,GW,42.56774548,-102.6540796,F,NAD83,,,,10150003
USGS,423407102311401, 30N 44W19AA  1,GW,42.5685824,-102.5210266,F,NAD83, 3775.00,10,NGVD29,10150003
USGS,423415102341301, 30N 45W14CC  1,GW,42.57108154,-102.5599145,F,NAD83, 3749.00, 10,NGVD29,10150003
USGS,423415102352301, 30N 45W15CC  1,GW,42.5708029,-102.5901917,F,NAD83, 3762.00, 10,NGVD29,10150003
USGS,423415102365101, 30N 45W17DD  1,GW,42.5566346,-102.620748,F,NAD83, 3775, 10,NGVD29,10150003
USGS,423415102365102, 30N 45W17DD  2,GW,42.5708021,-102.6196355,F,NAD83, 3765, 10,NGVD29,10150003
USGS,423415102380301, 30N 45W18DD  1,GW,42.5708017,-102.6351908,F,NAD83, 3756.00, 10,NGVD29,10150003
USGS,423415102435401, 30N 46W16CC  1,GW,42.5707991,-102.7321333,F,NAD83, 3884, 10,NGVD29,10150003
USGS,423417102344701, 30N 45W15DD  1,GW,42.57135879,-102.5801918,F,NAD83,,,,10150003
USGS,423417102344702, 30N 45W15DD  2,GW,42.57135879,-102.5801918,F,NAD83,,,,10150003
USGS,423417102363301, 30N 45W16CD  1,GW,42.571358,-102.6096357,F,NAD83, 3777.00,10,NGVD29,10150003
USGS,423417102374401, 30N 45W17CD  1,GW,42.57135746,-102.6293575,F,NAD83, 3761.00,5.,NGVD29,10150003
USGS,423423102575301, 30N 48W16CB  1,GW,42.5730214,-102.9651864,F,NAD83, 4150.00, 10,NGVD29,10150003
USGS,423428102420801, 30N 46W15DB  1,GW,42.57441119,-102.702689,F,NAD83, 3817, 10,NGVD29,10150003
USGS,423428102455601, 30N 46W18CA  1,GW,42.5744099,-102.7660213,F,NAD83,,,,10150003
USGS,423430102324301, 30N 45W13DB  1,GW,42.57497106,-102.5457477,F,NAD83,,,,10150003
USGS,423430102370901, 30N 45W17DA  1,GW,42.57496905,-102.619635,F,NAD83, 3749.00,10,NGVD29,10150003
USGS,423433102190901, 30N 43W13CB  1,GW,42.5758218,-102.3196304,F,NAD83, 3760.00,20,NGVD29,10150003
USGS,423441102433601, 30N 46W16BD  1,GW,42.5780218,-102.7271327,F,NAD83,,,,10150003
USGS,423441102433602, 30N 46W16BD  2,GW,42.5780218,-102.7271327,F,NAD83,,,,10150003
USGS,423443102354001, 30N 45W15BC  1,GW,42.57858105,-102.594913,F,NAD83, 3755.00,10,NGVD29,10150003
USGS,423443102361601, 30N 45W16AC  1,GW,42.57858078,-102.6049128,F,NAD83, 3770.00,10,NGVD29,10150003
USGS,423443102391301, 30N 45W18BC  1,GW,42.5785794,-102.6540785,F,NAD83,,,,10150003
USGS,423443102391302, 30N 45W18BC  2,GW,42.5785794,-102.6540785,F,NAD83,,,,10150003
USGS,423452102441901, 31N 46W17DA  1,GW,42.6596923,-102.735458,F,NAD83, 3850, 10,NGVD29,10150003
USGS,423453102525701, 30N 47W18BA  1,GW,42.5813549,-102.8829644,F,NAD83, 4150.00,10,NGVD29,10150003
USGS,423454102352301, 30N 45W15BB  1,GW,42.5816369,-102.5901905,F,NAD83,,,,10150003
USGS,423454102352302, 30N 45W15BB  2,GW,42.5816369,-102.5901905,F,NAD83,,,,10150003
USGS,423454102415101, 30N 46W15AA  2,GW,42.5816339,-102.6979662,F,NAD83,,,,10150003
USGS,423454102424301, 30N 46W15BB  1,GW,42.5816335,-102.7124104,F,NAD83,,,,10150003
USGS,423454102435801, 30N 46W16BBB 1,GW,42.58163294,-102.7332433,F,NAD83, 3866.00, .1,NGVD29,10150003
USGS,423454102444601, 30N 46W17BA  1,GW,42.58163257,-102.7465764,F,NAD83,,,,10150003
USGS,423456102350501, 30N 45W15AB  1,GW,42.58219265,-102.5851906,F,NAD83, 3769.00,10,NGVD29,10150003
USGS,423456102374401, 30N 45W17BA  1,GW,42.5821914,-102.6293564,F,NAD83,,,,10150003
USGS,423456102391301, 30N 45W18BB  1,GW,42.5821907,-102.6540781,F,NAD83, 3785.00,10,NGVD29,10150003
USGS,423503102391501, 30N 45W 7CCC 1,GW,42.58524644,-102.6546334,F,NAD83, 3778.00, .1,NGVD29,10140201
USGS,423507102413301, 30N 46W11CC  1,GW,42.58524537,-102.692966,F,NAD83,,,,10150003
USGS,423507102444601, 30N 46W 8CD  1,GW,42.58524386,-102.746576,F,NAD83, 3931.00,10,NGVD29,10150003
USGS,423509102350501, 30N 45W10DC  1,GW,42.58580398,-102.5851902,F,NAD83,,,,10150003
USGS,423509102361601, 30N 45W 9DC  1,GW,42.5858034,-102.604912,F,NAD83,,,,10150003
USGS,423509102372701, 30N 45W 8DC  1,GW,42.58580287,-102.6246339,F,NAD83, 3750.00,10,NGVD29,10150003
USGS,423509102381701, 30N 45W 7DD  1,GW,42.58580248,-102.6385225,F,NAD83, 3763.00, 10,NGVD29,10150003
USGS,423514102114801, 30N 42W12CD  1,GW,42.58721708,-102.1971243,F,NAD83, 3780.00,20,NGVD29,10150003
USGS,423514102114802, 30N 42W12CD  2,GW,42.58721708,-102.1971243,F,NAD83, 3800.00,20,NGVD29,10150003
USGS,423517102405701, 30N 46W11DB  1,GW,42.58802357,-102.6829659,F,NAD83,,,,10150003
USGS,423520102374301, 30N 45W 8CB  1,GW,42.58885848,-102.6290779,F,NAD83, 3752,4.3,NAVD88,10150003
USGS,423520102374302, 30N 45W 8CB  2,GW,42.58885848,-102.6290779,F,NAD83,,,,10150003
USGS,423522102272701, 30N 45W 8DB  1,GW,42.5894214,-102.4579676,F,NAD83, 3746.00,10,NGVD29,10150003
USGS,423522102272702, 30N 45W 8DB  2,GW,42.5894214,-102.4579676,F,NAD83,,,,10150003
USGS,423522102363301, 30N 45W 9CA  1,GW,42.5894146,-102.6096338,F,NAD83, 3751,4.3,NAVD88,10150003
USGS,423522102363302, 30N 45W 9CA  2,GW,42.5894146,-102.6096338,F,NAD83, 3751,4.3,NAVD88,10150003
USGS,423522102370900, 30N 45W 8DA  1,GW,42.5894143,-102.6196336,F,NAD83, 3755.00,10,NGVD29,10150003
USGS,423522102380203, 30N 45W 8CB  3,GW,42.5894139,-102.6343555,F,NAD83, 3760.00,10,NGVD29,10150003
USGS,423522102380204, 30N 45W 8CB  4,GW,42.5894139,-102.6343555,F,NAD83,,,,10150003
USGS,423522102380205, 30N 45W 8CB  5,GW,42.5894139,-102.6343555,F,NAD83,,,,10150003
USGS,423522102391301, 30N 45W 7CB  1,GW,42.58941336,-102.6540774,F,NAD83, 3773.00,10,NGVD29,10150003
USGS,423528102373601, 30N 45W 8   1,GW,42.59108089,-102.6271333,F,NAD83,,,,10150003
USGS,423535102370901, 30N 45W 8AD  1,GW,42.59302566,-102.6196332,F,NAD83, 3750.00,10,NGVD29,10150003
USGS,423535102372701, 30N 45W 8AC  1,GW,42.5930255,-102.6246331,F,NAD83, 3752,4.3,NAVD88,10150003
USGS,423538102374001, 30N 45W 8BDA 1,GW,42.59385879,-102.628244,F,NAD83, 3755.00, 10,NGVD29,10150003
USGS,423540102150201, 30N 42W 9AC  1,GW,42.59443946,-102.2510148,F,NAD83, 3700.00,20,NGVD29,10150003
USGS,423540102175801, 30N 42W 7BC  1,GW,42.59443527,-102.2999055,F,NAD83, 3660.00, 10,NGVD29,10150003
USGS,423543102421301, 30N 46W10ABC 1,GW,42.59524557,-102.7040759,F,NAD83, 3825.00, 10,NGVD29,10150003
USGS,423546102413301, 30N 46W11BB  1,GW,42.59607927,-102.6929649,F,NAD83,,,,10150003
USGS,423548102380201, 30N 45W 8BB  1,GW,42.59663655,-102.6343548,F,NAD83, 3750.00,10,NGVD29,10150003
USGS,423548102391301, 30N 45W 7BB  1,GW,42.59663598,-102.6540767,F,NAD83, 3769.00,10,NGVD29,10150003
USGS,423548102391302, 30N 45W 7BB  2,GW,42.59663598,-102.6540767,F,NAD83, 3767.00,10,NGVD29,10150003
USGS,423550102272301, 30N 44W11BB  1,GW,42.59719974,-102.4568555,F,NAD83, 3788.00,10,NGVD29,10150003
USGS,423556102105201, 30N 41W 7BB  1,GW,42.598884,-102.1815671,F,NAD83, 3750.00,20,NGVD29,10150003
USGS,423600102344701, 30N 45W 3DD  1,GW,42.59997166,-102.5801888,F,NAD83, 3780.00,10,NGVD29,10150003
USGS,423600102350501, 30N 45W 3DC  1,GW,42.5999715,-102.5851887,F,NAD83, 3800.00,10,NGVD29,10150003
USGS,423600102363301, 30N 45W 4CD  1,GW,42.5999708,-102.6096327,F,NAD83, 3745.00,10,NGVD29,10150003
USGS,423600102363302, 30N 45W 4CD  2,GW,42.5999708,-102.6096327,F,NAD83, 3745.00,10,NGVD29,10150003
USGS,423600102365101, 30N 45W 4CC  1,GW,42.59997065,-102.6146326,F,NAD83, 3741.00,10,NGVD29,10150003
USGS,423602102435801, 30N 46W 4CCB 1,GW,42.60052277,-102.7332415,F,NAD83, 3845.00,10,NGVD29,10150003
USGS,423613102382001, 30N 45W 6DA  1,GW,42.60358125,-102.639354,F,NAD83, 3770.00,10,NGVD29,10150003
USGS,423618102170501, 30N 42W 6DA  1,GW,42.60499239,-102.2851817,F,NAD83, 3640.00,20,NGVD29,10150003
USGS,423620103091501, 30N 50W 2AC  1,GW,42.6055225,-103.154638,F,NAD83, 4463,4.3,NAVD88,10140201
USGS,423626102370901, 30N 45W 5AD  1,GW,42.60719315,-102.6196318,F,NAD83, 3740.00,10,NGVD29,10150003
USGS,423626102370902, 30N 45W 5AD  2,GW,42.60719315,-102.6196318,F,NAD83, 3740.00,10,NGVD29,10150003
USGS,423626102370903, 30N 45W 5AD  3,GW,42.60719315,-102.6196318,F,NAD83, 3740.00,10,NGVD29,10150003
USGS,423626102391301, 30N 45W 6BC  1,GW,42.6071921,-102.6540756,F,NAD83, 3785.00,10,NGVD29,10150003
USGS,423633102571801, 30N 48W 4AB  1,GW,42.60913379,-102.9554632,F,NAD83, 4262.00, 10,NGVD29,10150003
USGS,423637102572301, 30N 48W 4ABB 1,GW,42.61024495,-102.956852,F,NAD83, 4265.00, 10,NGVD29,10150003
USGS,423638102405801, 30N 46W20AB  1,GW,42.61052477,-102.6832414,F,NAD83, 3930.00, 10,NGVD29,10150003
USGS,423639102374401, 30N 45W 5BA  1,GW,42.61080418,-102.6293534,F,NAD83, 3770.00,10,NGVD29,10150003
USGS,423639102380201, 30N 45W 5BB  1,GW,42.610804,-102.6343534,F,NAD83, 3770.00,50,NGVD29,10140201
USGS,423657102440701, 31N 46W32DAD 1,GW,42.6158012,-102.73574,F,NAD83, 3832.00, .1,NGVD29,10150003
USGS,423700102052701, 31N 41W35DC  1,GW,42.6166622,-102.0912845,F,NAD83, 3684.00, 10,NGVD29,10150003
USGS,423704102433601, 31N 46W33CA  1,GW,42.617746,-102.7271289,F,NAD83, 3850.00,10,NGVD29,10150003
USGS,423712103035601, 31N 49W34BC  1,GW,42.6199674,-103.066022,F,NAD83, 4338.00,10,NGVD29,10150003
USGS,423713102043501, 31N 41W36CA  1,GW,42.62027345,-102.0768393,F,NAD83, 3680.00,10,NGVD29,10150003
USGS,423726102093001, 31N 41W32BC  1,GW,42.6238846,-102.1587864,F,NAD83, 3660.00,20,NGVD29,10150003
USGS,423739102061901, 31N 41W34AA  1,GW,42.62749586,-102.1057287,F,NAD83, 3653.00,10,NGVD29,10150003
USGS,423751103041301, 31N 49W28DA  1,GW,42.63080109,-103.0707443,F,NAD83,,,,10150003
USGS,423800102374901, 31N 45W29CAB 1,GW,42.6333054,-102.63074,F,NAD83, 3742.00,  5,NGVD29,10150003
USGS,423810102322501, 31N 45W25AD  1,GW,42.63608625,-102.540741,F,NAD83, 3747,4.3,NAVD88,10150003
USGS,423811102323101, 31N 45W25ACD 1,GW,42.63636399,-102.5424077,F,NAD83, 3750.00, 10,NGVD29,10150003
USGS,423813102374901, 31N 45W29BDB 1,GW,42.63691676,-102.6307396,F,NAD83, 3740.00,  5,NGVD29,10150003
USGS,423817102575301, 31N 48W28BB  1,GW,42.6380237,-102.9651846,F,NAD83, 4320.00,20,NGVD29,10150003
USGS,423820102505601, 31N 47W28BB  1,GW,42.63885728,-102.8493499,F,NAD83, 4008.00,10,NGVD29,10150003
USGS,423827102375101, 31N 45W29BABB1,GW,42.64080585,-102.6312948,F,NAD83, 3752.00,  5,NGVD29,10150003
USGS,423830102061901, 31N 41W27AA  1,GW,42.6416629,-102.1057277,F,NAD83, 3630.00,10,NGVD29,10150003
USGS,423843102080301, 31N 41W21CD  1,GW,42.64527408,-102.1346172,F,NAD83, 3560.00, 10,NGVD29,10150003
USGS,423909102085501, 31N 41W20AC  1,GW,42.65249647,-102.1490616,F,NAD83, 3525.00,20,NGVD29,10150003
USGS,423909103032001, 31N 49W22AB  1,GW-TH,42.65246845,-103.0560209,S,NAD83, 4105.00, 10,NGVD29,10140201
USGS,423918102114801, 31N 42W24BA  1,GW,42.65499648,-102.1971184,F,NAD83, 3530.00, 10,NGVD29,10150003
USGS,423926102441101, 31N 46W17DD  1,GW,42.6571921,-102.7368472,F,NAD83, 3820.00, 10,NGVD29,10150003
USGS,423959101593401, 31N 40W15AD  1,GW,42.6663858,-101.9932227,F,NAD83, 3530.00,20,NGVD29,10150003
USGS,424005102452101, 31N 46W18AA  1,GW,42.6680255,-102.7562906,F,NAD83, 3870.00,20,NGVD29,10150003
USGS,424008101581001, 31N 40W13BBC 1,GW,42.6688855,-101.9698882,F,NAD83, 3560.00, 20,NGVD29,10150003
USGS,424016101592901, 31N 40W15AABA1,GW,42.67094444,-101.9915556,5,NAD83, 3515, 10,NGVD29,10150003
USGS,424018102274401, 31N 44W15AA  1,GW,42.6716482,-102.4626809,F,NAD83, 3655,  5,NGVD29,10150003
USGS,424021102224001, 31N 43W 9CC  1,GW,42.67248765,-102.3782336,F,NAD83, 3810,4.3,NAVD88,10150003
USGS,424026103162101, 31N 51W11DB  1,GW-TH,42.6738573,-103.272975,S,NAD83, 3785.00, 10,NGVD29,10140201
USGS,424034102305401, 31N 44W 8CB  1,GW,42.6760897,-102.5154593,F,NAD83, 3701,4.3,NAVD88,10150003
USGS,424037101584101, 31N 40W11AC  1,GW,42.67694145,-101.9784993,F,NAD83, 3520.00, 10,NGVD29,10150003
USGS,424041102441101, 31N 46W 8AD  1,GW,42.6780265,-102.7368452,T,NAD83, 3830,  5,NGVD29,10150003
USGS,424044102411601, 31N 46W11BD  1,GW,42.67886159,-102.6882346,F,NAD83, 3817,4.3,NAVD88,10150003
USGS,424050102033201, 31N 40W 7BD  1,GW,42.6805529,-102.0593349,F,NAD83, 3550.00,.1,NGVD29,10150003
USGS,424054102590301, 31N 48W 8BB  1,GW,42.68163627,-102.9846284,F,NAD83, 4164.00,10,NGVD29,10140201
USGS,424057102405801, 31N 46W11AB  1,GW,42.68247308,-102.6832343,F,NAD83,,,,10150003
USGS,424057102411601, 31N 46W11BA  1,GW,42.6824729,-102.6882343,F,NAD83, 3830,4.3,NAVD88,10150003
USGS,424100103243501, 31N 52W 3DC  1,GW,42.68330149,-103.4102011,S,NAD83, 3685.00, 10,NGVD29,10140201
USGS,424109102441101, 31N 46W 5DD  1,GW,42.68580467,-102.7368445,F,NAD83, 3876, 10,NGVD29,10220002
USGS,424112102255401, 31N 44W 1CD  1,GW,42.6866512,-102.4321227,F,NAD83, 3710.00,10,NGVD29,10150003
USGS,424139102175401, 31N 42W 6BC  1,GW,42.6941607,-102.2987844,F,NAD83, 3639,4.3,NAVD88,10140201
USGS,424139102175402, 31N 42W 6BC  2,GW,42.6941607,-102.2987844,F,NAD83, 3628.00, 10,NGVD29,10150003
USGS,424145102182501, 31N 43W 1AO  1,GW,42.6958268,-102.3073956,F,NAD83, 3640.00,0.1,NGVD29,10150003
USGS,424156102105201, 31N 41W 6BB  1,GW,42.69888646,-102.1815586,F,NAD83, 3605,1.6,NAVD88,10150003
USGS,424202102342901, 32N 45W35CC  1,GW,42.70053358,-102.5751781,F,NAD83, 3775.00,10,NGVD29,10150003
USGS,424203102275901, 32N 44W34DC  1,GW,42.70081637,-102.4668445,F,NAD83,,,,10150003
USGS,424216102274101, 32N 44W34DA  1,GW,42.704428,-102.461844,F,NAD83, 3771,4.3,NAVD88,10150003
USGS,424230102183301, 32N 43W36AC  1,GW,42.7083271,-102.3096166,F,NAD83, 3650.00, 10,NGVD29,10150003
USGS,424233102215201, 32N 43W33ADB 1,GW,42.70915686,-102.364896,F,NAD83, 3690.00,0.1,NGVD29,10150003
USGS,424239102503801, 32N 47W33BA  1,GW,42.7108048,-102.8443452,F,NAD83, 4120.00,10,NGVD29,10140201
USGS,424255102320701, 32N 44W30CC  1,GW,42.7152582,-102.5357325,F,NAD83, 3750.00,10,NGVD29,10140201
USGS,424307101385801, 32N 37W27CBD 1,GW,42.71860725,-101.649875,F,NAD83, 3355.00, 20,NGVD29,10150003
USGS,424308102200201, 32N 43W26CA  1,GW,42.7188814,-102.3343385,F,NAD83, 3675.00,10,NGVD29,10150003
USGS,424311101390301, 32N 37W27CB  1,GW,42.71971838,-101.6512639,F,NAD83, 3352.00,20,NGVD29,10150003
USGS,424315101532701, 32N 39W27CBB 1,GW,42.72083035,-101.8912709,F,NAD83, 3440.00,20,NGVD29,10150003
USGS,424315101563201, 32N 39W30CA  1,GW,42.7208311,-101.942662,F,NAD83, 3440.00, 20,NGVD29,10150003
USGS,424334102194401, 32N 43W26AB  1,GW,42.7261042,-102.3293376,F,NAD83, 3670.00,10,NGVD29,10150003
USGS,424347102231501, 32N 43W20DC  1,GW,42.72971188,-102.3879501,F,NAD83, 3820.00,10,NGVD29,10150003
USGS,424400101535401, 32N 39W21DBD 1,GW,42.73333085,-101.8987706,F,NAD83, 3460.00, 10,NGVD29,10150003
USGS,424412102275701, 32N 44W22AC  1,GW,42.7366519,-102.466285,F,NAD83, 3739,4.3,NAVD88,10140201
USGS,424429101435001, 32N 38W24BB  1,GW,42.74138477,-101.7309857,F,NAD83, 3380.00, 10,NGVD29,10150003
USGS,424429101530501, 32N 39W22BA  1,GW,42.74138646,-101.8851585,F,NAD83, 3390.00, 10,NGVD29,10150003
USGS,424431102080001, 32N 41W21AC  1,GW,42.7419432,-102.1337765,F,NAD83, 3602,4.3,NAVD88,10150003
USGS,424451102151701, 32N 42W16CA  1,GW,42.7474982,-102.2551666,F,NAD83, 3644,4.3,NAVD88,10150003
USGS,424452102175801, 32N 42W18CB  1,GW,42.7477734,-102.2998901,F,NAD83, 3640.00,20,NGVD29,10150003
USGS,424454101450001, 32N 38W14CB  1,GW,42.7483292,-101.75043,F,NAD83, 3380.00, 10,NGVD29,10150003
USGS,424507102204101, 32N 43W15ADB 1,GW,42.7519375,-102.3451689,F,NAD83, 3728.00, 10,NGVD29,10150003
USGS,424507102204102, 32N 43W15ADC 1,GW,42.7519375,-102.3451689,F,NAD83, 3728., 10,NGVD29,10150003
USGS,424609101441201, 32N 38W11AAC 1,GW,42.76916319,-101.7370959,F,NAD83, 3350.00, 20,NGVD29,10150003
USGS,424625101535801, 32N 39W 4DC  1,GW,42.77360929,-101.8998798,F,NAD83, 3418.00,20,NGVD29,10150003
USGS,424630103151001, 32N 51W 1DB  1,GW,42.77497046,-103.2532502,F,NAD83, 3415,4.3,NAVD88,10140201
USGS,424634102220501, 32N 43W 4DB  1,GW-TH,42.77610259,-102.3685015,S,NAD83, 3798.00, 10,NGVD29,10150003
USGS,424711103150901, 33N 50W31DC  1,GW,42.7863594,-103.2529725,F,NAD83, 3415,4.3,NAVD88,10140201
USGS,424713102282301, 33N 44W35CC  1,GW,42.7869303,-102.473504,F,NAD83, 3831,4.3,NAVD88,10150003
USGS,424722102120101, 33N 42W36DA  1,GW,42.78944227,-102.2007188,F,NAD83, 3583,4.3,NAVD88,10150003
USGS,424743102114801, 33N 41W31BDB 1,GW,42.7952755,-102.1971073,F,NAD83, 3550.00,0.1,NGVD29,10150003
USGS,424747102030601, 33N 40W32ABC 1,GW,42.7963877,-102.0521054,F,NAD83, 3522.00, 20,NGVD29,10150003
USGS,424750101594401, 33N 40W35BA  1,GW,42.79722139,-101.9959935,F,NAD83, 3560.00, 10,NGVD29,10150003
USGS,424801102121901, 33N 42W25DC  1,GW,42.8002753,-102.2057183,F,NAD83, 3553,4.3,NAVD88,10150003
USGS,424815102194501, 33N 43W25CA  1,GW,42.80415979,-102.3296098,F,NAD83, 3670.00,10,NGVD29,10150003
USGS,424815102220801, 33N 43W27CA  1,GW,42.8041578,-102.3693333,S,NAD83, 3784., 10,NGVD29,10140201
USGS,424827102125401, 33N 42W25BC  1,GW,42.80749728,-102.2154402,F,NAD83, 3562,4.3,NAVD88,10150003
USGS,424827102125402, 33N 42W25BC  2,GW,42.80749728,-102.2154402,F,NAD83, 3562,4.3,NAVD88,10150003
USGS,424827102501201, 33N 47W27AC  1,GW-TH,42.80747485,-102.8371204,S,NAD83, 3640.00, 10,NGVD29,10140201
USGS,424829102033701, 33N 40W29BC  1,GW,42.80805417,-102.060716,F,NAD83, 3550.00,20,NGVD29,10150003
USGS,424829103100201, 33N 50W26AD  1,GW,42.80802725,-103.1676914,F,NAD83, 3351,4.3,NAVD88,10140201
USGS,424830101545901, 33N 39W28BD  1,GW,42.8083318,-101.9168233,F,NAD83, 3440.00,20,NGVD29,10150003
USGS,424850102170001, 33N 42W20DCD 1,GW,42.81388408,-102.2837746,F,NAD83, 3647., 10,NGVD29,10150003
USGS,424853102530901, 33N 47W20CC  1,GW,42.8146969,-102.8862897,F,NAD83, 3480.00,20,NGVD29,10140201
USGS,424920102035501, 33N 40W19AD  1,GW-TH,42.8222206,-102.0657152,S,NAD83, 3649.00, 10,NGVD29,10150003
USGS,424927102112001, 33N 41W19ABC 1,GW,42.8241638,-102.1893277,F,NAD83, 3590.00,10,NGVD29,10150003
USGS,424928102183801, 33N 42W19BAC 1,GW,42.8244381,-102.310997,F,NAD83, 3652.00, 10,NGVD29,10150003
USGS,424930102111602, 33N 41W19AB  2,GW,42.8249971,-102.1882166,F,NAD83,,,,10150003
USGS,424932102584501, 33N 48W21BA  1,GW,42.8255299,-102.979628,F,NAD83, 3390, 10,NGVD29,10220002
USGS,424936102190401, 33N 43W24AAA 1,GW,42.82665996,-102.3182193,F,NAD83, 3655.00, 10,NGVD29,10150003
USGS,424941102131701, 33N 42W14DDC 1,GW,42.82805227,-102.2218279,F,NAD83, 3590.00, 10,NGVD29,10150003
USGS,424944102121901, 33N 42W13DC  1,GW,42.82888575,-102.2057166,F,NAD83, 3592,4.3,NAVD88,10150003
USGS,425008102300201, 41N19E20,GW,43.41721748,-102.0898767,F,NAD83, 2740.,5,NGVD29,10140201
USGS,425035102114501, 33N 41W 7CC  1,GW,42.84305219,-102.1962712,F,NAD83, 3620.00,10,NGVD29,10150003
USGS,425046102125901, 33N 42W12CBC 1,GW,42.8461074,-102.2168268,F,NAD83, 3650.00, 10,NGVD29,10150003
USGS,425057102071601, 33N 41W11BCC 1,GW,42.84916408,-102.1215476,F,NAD83, 3580.00, 10,NGVD29,10150003
USGS,425071101216801,32N 40W 1B   01,GW,42.7856,-101.966,U,NAD83,3500,1.6,NAVD88,10150003
USGS,425101101375401, 33N 37W12BC  1,GW-TH,42.85027745,-101.6320936,S,NAD83, 3225.00, 10,NGVD29,10150003
USGS,425102102142401, 33N 42W10AD  1,GW,42.85055147,-102.2404379,F,NAD83, 3673,4.3,NAVD88,10150003
USGS,425103102581101, 33N 48W 9AD  1,GW,42.8508085,-102.9701835,F,NAD83, 3400.00,50,NGVD29,10140201
USGS,425103103124701, 33N 50W 9AC  1,GW-TH,42.85080498,-103.213527,S,NAD83, 3510.00, 10,NGVD29,10140201
USGS,425126102054301, 33N 41W 1CD  1,GW,42.8572198,-102.0957135,F,NAD83, 3595.00,10,NGVD29,10150003
USGS,425206101425201, 33N 37W 6AA  1,GW,42.86833235,-101.7148711,F,NAD83, 2580.00,20,NGVD29,10150003
USGS,425231103235801, 34N 52W36CB  1,GW,42.8752477,-103.3999215,F,NAD83, 3600.00,50,NGVD29,10140201
USGS,425235101570401, 34N 39W31DB  1,GW,42.8763876,-101.9515432,F,NAD83, 3438., 20,NGVD29,10150003
USGS,425245100518301,32N 40W 27DAAA01,GW,42.7256,-101.9901,U,NAD83,3460,1.6,NAVD88,10150003
USGS,425300103143201, 34N 50W32BB  1,GW,42.8833048,-103.242695,F,NAD83, 3400.00,50,NGVD29,10140201
USGS,425330101564701, 34N 39W29CBCD1,GW,42.89169444,-101.94625,5,NAD83, 3420, 10,NGVD29,10150003
USGS,425405101481301, 34N 38W20DDA 1,GW,42.901388,-101.8040383,F,NAD83, 3345.00,20,NGVD29,10150003
USGS,425412102435601, 24N 47W23CD  1,GW,42.9033119,-102.7326707,F,NAD83, 3376,4.3,NAVD88,10140201
USGS,425440101414401, 34N 37W20AA  1,GW,42.9111113,-101.6959812,F,NAD83, 3300.00, 10,NGVD29,10150003
USGS,425509101424901, 34N 37W18DAA 1,GW,42.9191668,-101.7140366,F,NAD83, 3270.00,20,NGVD29,10150003
USGS,425522100569101,31N 38W 1DD  01,GW,42.6905,-101.7158,U,NAD83,3439,1.6,NAVD88,10150004
USGS,425532101455501,34N 38W14BC  1  NE-NP-SWR-B,GW,42.9255553,-101.7657033,S,NAD83, 3308., 10,NGVD29,10150003
USGS,425534101555301, 34N 39W17AB  1,GW,42.92610995,-101.9318179,F,NAD83, 3423.00,20,NGVD29,10150003
USGS,425600102595701, 34N 48W 8CA  1,GW,42.93331095,-102.9996312,F,NAD83, 3175.00,.1,NGVD29,10140201
USGS,425610103033701, 34N 49W11BC  1,GW,42.93608737,-103.0607445,F,NAD83, 3230.00, 20,NGVD29,10140201
USGS,425610103033702, 34N 49W11BC  2,GW,42.93608737,-103.0607445,F,NAD83, 3230.00, 20,NGVD29,10140201
USGS,425636101300901,34N 36W 1DC  1  NE-NP-SWR-B,GW,42.9433367,-101.5029256,T,NAD83, 3210, 10,NGVD29,10150003
USGS,425842101453301, 35N 38W 2BB  1,GW,42.97833425,-101.7595906,F,NAD83, 3316.00,20,NGVD29,10150003
USGS,425858101454201, 35N 38W26BB  1,GW,42.98277876,-101.7620905,F,NAD83,,,,10150003
USGS,425859101501101, 35N 38W30ACCB1,GW,42.98291667,-101.8365278,5,NAD83, 3379,  5,NGVD29,10150003
USGS,425901101453701, 35N 38W26BBA 1,GW,42.9836121,-101.7607016,F,NAD83, 3316.00,20,NGVD29,10150003
USGS,425945101451501, 35N 38W23DB  1,GW,42.99583469,-101.75459,F,NAD83,,,,10150003
USGS,425947102330201, 35N 44W19B   1,GW,42.99637407,-102.5509957,F,NAD83,,,,10140201
USGS,425956101424101,35N37W19AADD (BT-78D),GW,42.998889,-101.711389,T,NAD83,3297.0,8.0,NGVD29,101500031605
USGS,430000102103001, 35N41W 5ADDD,GW,43.03971567,-102.1612624,F,NAD83, 3501.00, 15,NGVD29,10140203
USGS,430005102204701, 35N43W23,GW,43.0013785,-102.3468214,M,NAD83, 3655,130,NGVD29,10140201
USGS,430011101424501, 35N37W19ACD,GW,42.99666855,-101.7140347,S,NAD83, 3289, 15,NGVD29,10140203
USGS,430015101383601, 35N37W14CD,GW,43.00416667,-101.6433333,S,NAD83, 3271, 10,NAVD88,10140203
USGS,430017102200501, 35N43W13CC,GW,43.00471207,-102.3351544,T,NAD83, 3620, 30,NGVD29,10140201
USGS,430019102332701, 35N45W13DBAD,GW,43.00859617,-102.5596073,S,NAD83, 3240, 20,NGVD29,10140201
USGS,430023102332701, 35N45W13ADDC2,GW,43.0102629,-102.555996,S,NAD83, 3240, 20,NGVD29,10140201
USGS,430025102213601, 35N43W15DD,GW,43.00443377,-102.360433,T,NAD83, 3640.00, 40,NGVD29,10140201
USGS,430025103132601, 12S 8E18BCAC,GW,43.00691757,-103.224362,F,NAD83, 3477, 10,NGVD29,10120106
USGS,430027102311801,35N44W17DBCA (OST Shallow North well),GW,43.0075,-102.521667,T,NAD83,3299.74,0.18,NAVD88,101402011203
USGS,430027102311802, 35N44W17DBDC,GW,43.0074859,-102.5221056,T,NAD83, 3298.13, .5,NGVD29,10140201
USGS,430027102311804, 35N44W17DBCD,GW,43.0074859,-102.5221056,T,NAD83, 3297.57, .5,NGVD29,10140201
USGS,430027102311805, 35N44W17DBCA5,GW,43.0074859,-102.5221056,M,NAD83, 3296.03, .5,NGVD29,10140201
USGS,430027102311806,35N44W17DBCA6OST Deep South,GW,43.0075,-102.521667,T,NAD83,3299.74,0.18,NAVD88,101402011203
USGS,430030101495401, 35N38W18DB,GW,43.0083333,-101.8316667,S,NAD83, 3383, 10,NAVD88,10150003
USGS,430030102144701, 35N42W15DBDA,GW,43.00749176,-102.2440404,F,NAD83, 3527, 15,NGVD29,10140201
USGS,430030102311701, 35N44W17DBDB,GW,43.0083192,-102.5218278,T,NAD83, 3292.49, .5,NGVD29,10140201
USGS,430033102274301, 35N44W14D,GW,43.0063761,-102.4604366,M,NAD83, 3455.00,120,NGVD29,10140201
USGS,430034101345401, 35N36W17DBB,GW,43.0094478,-101.5820912,F,NAD83, 3240, 20,NGVD29,10150003
USGS,430034102331101, 35N44W18CBBB,GW,43.00942965,-102.5532181,S,NAD83, 3255, 10,NGVD29,10140201
USGS,430036102454001, 37N45W19DCCC,GW,43.15887238,-102.6901734,F,NAD83, 3075.00, 20,NGVD29,10140201
USGS,430037101372801, 35N37W13BD,GW,43.0102806,-101.6248687,T,NAD83, 3260, 50,NGVD29,10140203
USGS,430037102334501, 35N45W13ADDD3,GW,43.01026277,-102.5629408,F,NAD83, 3240, 15,NGVD29,10140201
USGS,430038102332501, 35N45W13DAAA,GW,43.0105407,-102.5546071,F,NAD83, 3255.00, 20,NGVD29,10140201
USGS,430043101584801, 35N40W13BCD,GW,43.01194444,-101.98,S,NAD83, 3461, 10,NAVD88,10150003
USGS,430043102294901, 35N44W16AD,GW,43.0119309,-102.4973825,T,NAD83, 3355, 30,NGVD29,10140201
USGS,430043102333001, 35N45W13A,GW,43.0119295,-102.558774,T,NAD83, 3220, 20,NGVD29,10140201
USGS,430044102182701, 35N42W18BC,GW,43.0122124,-102.3154318,T,NAD83, 3560.00, 20,NGVD29,10140201
USGS,430044102332501, 35N45W13ADDD,GW,43.01026296,-102.5546071,T,NAD83, 3240.00, 20,NGVD29,10140201
USGS,430044102332502, 35N45W13ADDD2,GW,43.01026296,-102.5546071,T,NAD83, 3240.00, 20,NGVD29,10140201
USGS,430044102333001, 35N45W13ADDC,GW,43.01220738,-102.5557183,T,NAD83, 3240.00, 20,NGVD29,10140201
USGS,430046102280101, 35N44W14,GW,43.0102649,-102.4654369,M,NAD83, 3420.00, 80,NGVD29,10140201
USGS,430046102280102, 35N44W142,GW,43.0102649,-102.4654369,M,NAD83, 3420.00, 80,NGVD29,10140201
USGS,430046102332701, 35N45W13ADD,GW,43.01276295,-102.5551628,T,NAD83, 3240.00, 20,NGVD29,10140201
USGS,430050102020601, 35N40W16BDD,GW,43.01166366,-102.0334823,T,NAD83, 3560.00, 50,NGVD29,10150003
USGS,430050102191201, 35N43W13AD,GW,43.01387899,-102.320432,T,NAD83, 3545.00, 20,NGVD29,10140201
USGS,430050103255101, 12S 6E 8DCDB,GW,43.0138592,-103.4313112,F,NAD83, 3664, 10,NGVD29,10120106
USGS,430052102371401, 35N45W16A,GW,43.0144282,-102.6182211,M,NAD83, 3350.00, 60,NGVD29,10140201
USGS,430055101300701, 35N26W13AB,GW,43.0152819,-101.5023696,T,NAD83, 3230,100,NGVD29,10150004
USGS,430055101440001, 40N37W30DDDD,GW,43.4038875,-101.7307038,F,NAD83, 2723.00, 30,NGVD29,10140202
USGS,430055101440002,40N37W30DDDD2 (JA-79A),GW,43.403611,-101.723333,F,NAD83,2729.0,30.0,NGVD29,101402020503
USGS,430055101440401, 35N38W13AB,GW,43.01527778,-101.7344444,S,NAD83, 3320, 10,NAVD88,10150003
USGS,430055101542101, 35N39W16AA,GW,43.01527778,-101.9058333,S,NAD83, 3458, 10,NAVD88,10150003
USGS,430056102020301, 35N40W16BAD,GW,43.01555556,-102.0341667,S,NAD83, 3504, 10,NAVD88,10150003
USGS,430056102261501, 35N44W13AADB,GW,43.0155432,-102.437936,S,NAD83, 3440, 10,NGVD29,10140201
USGS,430056102272901, 35N44W14AA,GW,43.0155428,-102.4584924,F,NAD83, 3400, 40,NGVD29,10140201
USGS,430057101384401, 35N37W14BA,GW,43.01583577,-101.6459797,T,NAD83, 3230, 50,NGVD29,10140203
USGS,430058102331901, 35N45W13AAAC,GW,43.0158185,-102.5557184,S,NAD83, 3265, 20,NGVD29,10140201
USGS,430059102331301, 35N45W13AAA,GW,43.0163741,-102.5540517,T,NAD83, 3260, 20,NGVD29,10140201
USGS,430100102351001, 35N45W14BABA,GW,43.01665116,-102.5865531,F,NAD83, 3360, 20,NGVD29,10140201
USGS,430103102274401, 35N44W11DCDC,GW,43.01748717,-102.4626592,F,NAD83, 3355, 30,NGVD29,10140201
USGS,430103102352401, 35N45W11CCDC,GW,43.0174844,-102.5904422,F,NAD83, 3360, 10,NGVD29,10140201
USGS,430104101353101, 35N36W 8CCC,GW,43.0177808,-101.592369,T,NAD83, 3250, 50,NGVD29,10150003
USGS,430104101370101, 35N37W12DDC,GW,43.0177805,-101.6173688,T,NAD83, 3250, 50,NGVD29,10150003
USGS,430104101570501, 35N39W 7BDA,GW,43.0277759,-101.9545927,F,NAD83, 3450.00, 50,NGVD29,10150003
USGS,430106102261201, 35N44W12DDD,GW,43.018321,-102.4371028,F,NAD83, 3406, 15,NGVD29,10140201
USGS,430108102332801, 35N45W12DDBC,GW,43.018874,-102.5582186,T,NAD83, 3230, 20,NGVD29,10140201
USGS,430110102261001, 35N44W12DDAD,GW,43.0194321,-102.4365473,F,NAD83, 3400, 20,NGVD29,10140201
USGS,430111102353601, 35N45W14BBAA,GW,43.01720665,-102.589331,T,NAD83, 3345.00, 20,NGVD29,10140201
USGS,430112102073301, 35N41W10D,GW,43.01999455,-102.1262614,T,NAD83, 3487, 15,NGVD29,10140203
USGS,430113102260901, 35N44W12DDAB,GW,43.02026548,-102.4362695,F,NAD83, 3388, 10,NGVD29,10140201
USGS,430114102303401, 35N44W 9C,GW,43.0205417,-102.5098833,T,NAD83, 3310, 20,NGVD29,10140201
USGS,430114102303402, 35N44W 9C2,GW,43.0205417,-102.5098833,T,NAD83, 3310, 20,NGVD29,10140201
USGS,430115102211801, 35N43W11CC,GW,43.02082268,-102.3554334,T,NAD83, 3545.00, 20,NGVD29,10140201
USGS,430115102310901, 35N44W 8D,GW,43.0208193,-102.5196059,T,NAD83, 3290, 20,NGVD29,10140201
USGS,430117102125001, 35N42W12C,GW,43.02138126,-102.2143182,T,NAD83, 3457, 30,NGVD29,10140201
USGS,430117102360301, 35N45W10AADD2,GW,43.0280399,-102.5943316,S,NAD83, 3280.00, 20,NGVD29,10140201
USGS,430120102341601, 35N45W12CCCA,GW,43.0188737,-102.5718303,F,NAD83, 3260, 20,NGVD29,10140201
USGS,430121102072101, 35N41W10DAD,GW,43.0224946,-102.1229281,T,NAD83, 3497, 50,NGVD29,10140203
USGS,430121102274101, 35N44W11DDBB,GW,43.0205427,-102.4618259,T,NAD83, 3370.00, 10,NGVD29,10140201
USGS,430121102282601, 35N44W11BBDB,GW,43.03082026,-102.4740489,S,NAD83, 3333.00, 10,NGVD29,10140201
USGS,430122102342801, 35N45W11DAAC,GW,43.0227625,-102.5762751,T,NAD83, 3235, 20,NGVD29,10140201
USGS,430123101323101, 35N36W10DB,GW,43.023059,-101.5423694,T,NAD83, 3250, 50,NGVD29,10150003
USGS,430123102321501, 35N44W 7CAB,GW,43.0230409,-102.5476628,T,NAD83, 3300., 20,NGVD29,10140201
USGS,430124102144701, 35N42W10DABB,GW,43.0238805,-102.2429297,F,NAD83, 3484, 15,NGVD29,10140201
USGS,430124102342501, 35N45W12CB,GW,43.02331819,-102.5709971,T,NAD83, 3230.00, 20,NGVD29,10140201
USGS,430125102324001, 35N44W 7ACCC R,GW,43.02470768,-102.5437737,F,NAD83, 3280, 20,NGVD29,10140201
USGS,430125102324002, 35N44W 7CAAA R,GW,43.02331876,-102.5448849,F,NAD83, 3300, 10,NGVD29,10140201
USGS,430125102343201, 35N45W12CBBC,GW,43.0235959,-102.5732194,T,NAD83, 3130.00, 20,NGVD29,10140201
USGS,430127102324601, 35N44W 72,GW,43.02415206,-102.5465516,M,NAD83, 3300, 50,NGVD29,10140201
USGS,430127102333601, 35N45W12DAB,GW,43.0241518,-102.5576632,T,NAD83, 3230.00, 20,NGVD29,10140201
USGS,430128102223001, 35N43W10CB,GW,43.02443337,-102.3754342,T,NAD83, 3600.00, 60,NGVD29,10140201
USGS,430128102290001, 35N44W10,GW,43.02443118,-102.4837713,M,NAD83, 3335, 50,NGVD29,10140201
USGS,430128102323601, 35N44W 7DBB,GW,43.0244299,-102.5437737,F,NAD83, 3280, 20,NGVD29,10140201
USGS,430129102323501, 35N44W 7,GW,43.02470768,-102.543496,T,NAD83, 3280, 20,NGVD29,10140201
USGS,430129102333101, 35N45W12ACCA R,GW,43.0258184,-102.5615523,F,NAD83, 3220, 20,NGVD29,10140201
USGS,430130102373201, 35N45W 92,GW,43.0249837,-102.6237772,M,NAD83, 3445.00, 50,NGVD29,10140201
USGS,430130102384301, 35N45W 8,GW,43.02498329,-102.6432225,M,NAD83, 3420.00,100,NGVD29,10140201
USGS,430130102384302, 35N45W 82,GW,43.02498329,-102.6432225,M,NAD83, 3420.00,100,NGVD29,10140201
USGS,430131102261601, 35N44W12DADA,GW,43.0222099,-102.4365473,F,NAD83, 3382.00, 10,NGVD29,10140201
USGS,430132103255201, 12S 6E 8ABA,GW,43.0255261,-103.4315889,F,NAD83, 3650,50,NGVD29,10120106
USGS,430133102075101, 35N41W10,GW,43.02582768,-102.1312616,M,NAD83, 3494,100,NGVD29,10140203
USGS,430134102251401, 35N43W 7A,GW,43.0260991,-102.4209914,T,NAD83, 3400, 15,NGVD29,10140201
USGS,430135102074501, 35N41W10ACCC,GW,43.02638327,-102.129595,T,NAD83, 3493, 30,NGVD29,10140203
USGS,430135102075001, 35N41W102,GW,43.0263832,-102.1309839,M,NAD83, 3475,100,NGVD29,10140203
USGS,430135102320301, 35N44W 7ADAD,GW,43.02637454,-102.5346067,T,NAD83, 3272, 50,NGVD29,10140201
USGS,430136102021701, 35N42W 8BDDA,GW,43.02637955,-102.2890424,T,NAD83, 3420.00, 30,NGVD29,10140201
USGS,430136102153701, 35N42W 9AD,GW,43.02665789,-102.260708,T,NAD83, 3490, 40,NGVD29,10140201
USGS,430136102343301, 35N45W11AD,GW,43.0266514,-102.5762752,T,NAD83, 3232, 15,NGVD29,10140201
USGS,430136102355401, 35N45W10AADD,GW,43.0283177,-102.5943316,S,NAD83, 3283.00, 20,NGVD29,10140201
USGS,430137102073901, 35N41W10ACDB,GW,43.02693886,-102.1279283,F,NAD83, 3526, 15,NGVD29,10140203
USGS,430137102342001, 35N45W12BCBA,GW,43.02776259,-102.5737752,S,NAD83, 3220, 10,NGVD29,10140201
USGS,430138102073701, 35N41W10ACCA,GW,43.02638327,-102.129595,F,NAD83, 3478.00, 15,NGVD29,10140203
USGS,430138102362101, 35N45W10BDBD,GW,43.0272063,-102.6062766,F,NAD83, 3340, 20,NGVD29,10140201
USGS,430138102363201, 35N45W10ACA,GW,43.02720647,-102.5996096,T,NAD83, 3300.00, 40,NGVD29,10140201
USGS,430139102314501, 35N44W 8ADDC,GW,43.02581896,-102.5359957,S,NAD83, 3270, 20,NGVD29,10140201
USGS,430140102273701, 35N44W11ADCD,GW,43.02582057,-102.4587704,T,NAD83, 3357.00, 10,NGVD29,10140201
USGS,430140102324101, 35N44W 7ACBB R,GW,43.0277632,-102.5457184,F,NAD83, 3270, 40,NGVD29,10140201
USGS,430141102343601, 35N45W11AAD,GW,43.0294292,-102.5748864,F,NAD83, 3217.00, 20,NGVD29,10140201
USGS,430141102343701, 35N45W12BDDB R,GW,43.0260961,-102.5648858,F,NAD83, 3280, 20,NGVD29,10140201
USGS,430142102093601, 35N41W 8ADAA,GW,43.02832689,-102.1623732,F,NAD83, 3514.00, 15,NGVD29,10140203
USGS,430142102094302, 35N41W 8ADAA2,GW,43.02832689,-102.1623732,F,NAD83, 3514, 20,NGVD29,10140203
USGS,430142102292301, 35N44W10B,GW,43.0283199,-102.4901605,T,NAD83, 3325, 30,NGVD29,10140201
USGS,430142102341601, 35N45W12BCBB,GW,43.027207,-102.5734973,S,NAD83, 3220.00, 40,NGVD29,10140201
USGS,430142102341602, 35N45W12B2,GW,43.02831826,-102.5687749,M,NAD83, 3195.00, 40,NGVD29,10140201
USGS,430142102345201, 35N45W11ADBC,GW,43.02665138,-102.5782198,S,NAD83, 3240.00, 20,NGVD29,10140201
USGS,430142102351101, 35N45W11B,GW,43.02831787,-102.5868313,T,NAD83, 3260, 40,NGVD29,10140201
USGS,430143102061901, 35N41W11AACD,GW,43.02971716,-102.1048725,F,NAD83, 3494, 15,NGVD29,10140203
USGS,430144102122701, 35N42W12ABCC,GW,43.0288813,-102.2079294,F,NAD83, 3503, 25,NGVD29,10140201
USGS,430144102251301, 35N43W 5BADB,GW,43.02887689,-102.4207137,F,NAD83, 3460, 30,NGVD29,10140201
USGS,430145102034001, 35N40W 2BC,GW,43.0413861,-102.0009824,T,NAD83, 3445.00, 15,NGVD29,10150003
USGS,430146102322701, 35N44W 7ADBB,GW,43.02748557,-102.5387736,T,NAD83, 3249.00, 20,NGVD29,10140201
USGS,430146102325801, 35N44W 7BDBA,GW,43.0294298,-102.5476629,S,NAD83, 3265.00, 20,NGVD29,10140201
USGS,430147102293103, 35N44W10BBAC,GW,43.0302643,-102.492105,F,NAD83, 3340, 10,NGVD29,10140201
USGS,430147102343601, 35N45W11ADAD,GW,43.0260959,-102.573775,S,NAD83, 3223.00, 20,NGVD29,10140201
USGS,430148102342701, 35N45W11DDAA,GW,43.0199848,-102.5732193,S,NAD83, 3272, 10,NGVD29,10140201
USGS,430149102305601, 35N44W 8AA,GW,43.0302638,-102.5159949,F,NAD83, 3296, 20,NGVD29,10140201
USGS,430149102340901, 35N45W11ACDC,GW,43.0255402,-102.5798865,S,NAD83, 3260, 20,NGVD29,10140201
USGS,430149102355401, 35N45W10ADA,GW,43.02720658,-102.5946094,T,NAD83, 3300.00, 80,NGVD29,10140201
USGS,430150102063201, 35N41W11AB,GW,43.03055037,-102.109317,T,NAD83, 3487, 20,NGVD29,10140203
USGS,430150102261501, 35N44W12AAAC,GW,43.0305432,-102.4379365,S,NAD83, 3395, 10,NGVD29,10140201
USGS,430150102303501, 35N44W 9BBAD,GW,43.0305417,-102.5101613,S,NAD83, 3280.00, 20,NGVD29,10140201
USGS,430150102345001, 35N45W11DAD,GW,43.03026255,-102.5762753,S,NAD83, 3240.00, 20,NGVD29,10140201
USGS,430151102300101, 35N44W 9ABAD,GW,43.0308197,-102.5007165,F,NAD83, 3290, 20,NGVD29,10140201
USGS,430152102293301, 35N44W10BBBC,GW,43.0299865,-102.4954385,S,NAD83, 3340, 10,NGVD29,10140201
USGS,430152102293302, 35N44W10BBBD,GW,43.0302643,-102.4937718,S,NAD83, 3340, 10,NGVD29,10140201
USGS,430152102335301, 35N45W12BAAB,GW,43.0310961,-102.5651638,T,NAD83, 3240, 30,NGVD29,10140201
USGS,430152102335401, 35N45W12ABB,GW,43.03109617,-102.5626637,T,NAD83, 3262.00, 20,NGVD29,10140201
USGS,430153102124201, 35N42W12BA,GW,43.0313812,-102.2120962,T,NAD83, 3500, 40,NGVD29,10140201
USGS,430153102282001, 35N44W11BBAB,GW,43.0313758,-102.47266,F,NAD83, 3340, 15,NGVD29,10140201
USGS,430153102350601, 35N45W11BAAB,GW,43.03137346,-102.5854424,T,NAD83, 3240, 20,NGVD29,10140201
USGS,430154102271601, 35N44W12BBBB,GW,43.03165397,-102.4548816,F,NAD83, 3365, 15,NGVD29,10140201
USGS,430154102324301, 35N44W 7BAAB,GW,43.03165209,-102.5457185,T,NAD83, 3240, 30,NGVD29,10140201
USGS,430155102291101, 35N44W10ABCB,GW,43.0297089,-102.4848826,T,NAD83, 3353.00, 10,NGVD29,10140201
USGS,430155102291501, 35N44W10BAAD,GW,43.0305422,-102.4859938,S,NAD83, 3345.00, 10,NGVD29,10140201
USGS,430157102130401, 35N42W 1CCCC,GW,43.03249216,-102.2182074,T,NAD83, 3460, 30,NGVD29,10140201
USGS,430157102263601, 35N44W 1CDDC,GW,43.0324875,-102.4437701,F,NAD83, 3380, 10,NGVD29,10140201
USGS,430157102333801, 35N45W 1DCDA R,GW,43.0324851,-102.559608,F,NAD83, 3230, 10,NGVD29,10140201
USGS,430157102345601, 35N45W 2DCC,GW,43.0324846,-102.5826646,T,NAD83, 3340, 60,NGVD29,10140201
USGS,430158102324801, 35N44W 6CDCB,GW,43.03276315,-102.5484964,T,NAD83, 3243.00, 20,NGVD29,10140201
USGS,430159102290201, 35N44W10ABDB,GW,43.0305423,-102.4821047,S,NAD83, 3345.00, 10,NGVD29,10140201
USGS,430159102291101, 35N44W10ABBB,GW,43.0310978,-102.4851604,S,NAD83, 3345.00, 10,NGVD29,10140201
USGS,430159102324701, 35N44W 6CDCA,GW,43.03304096,-102.5468297,F,NAD83, 3240, 50,NGVD29,10140201
USGS,430200101583001, 35N40W 1CD,GW,43.0333333,-101.975,S,NAD83, 3458, 10,NAVD88,10150003
USGS,430200102120301, 35N42W 1DDDB,GW,43.03332589,-102.2012628,F,NAD83, 3526, 20,NGVD29,10140201
USGS,430200102130001,35N42W01CDCB (SN-79C),GW,43.033056,-102.213333,S,NAD83,3491.0,15.0,NGVD29,101402011601
USGS,430201102012601, 35N40W 4DD,GW,43.0336079,-102.0243159,T,NAD83, 3525, 50,NGVD29,10150003
USGS,430201102381701, 35N45W 5DD,GW,43.0335946,-102.6354447,T,NAD83, 3385.00, 60,NGVD29,10140201
USGS,430201102385201, 35N45W 5CD,GW,43.0335944,-102.6457229,T,NAD83, 3400.00, 20,NGVD29,10140201
USGS,430202101500401, 35N40W 1DAB,GW,43.0391644,-101.9662598,F,NAD83, 3450.00, 50,NGVD29,10150003
USGS,430202102354901, 36N45W15,GW,43.0963734,-102.603223,M,NAD83, 3110., 50,NGVD29,10140201
USGS,430202103234901, 12S 6E 3CABA,GW,43.03386,-103.3974215,F,NAD83, 3612, 10,NGVD29,10120106
USGS,430203102370901, 35N45W 9,GW,43.02415038,-102.6234994,F,NAD83, 3430, 50,NGVD29,10140201
USGS,430204101593101, 35N40W 2,GW,43.0344419,-101.992371,M,NAD83, 3468,111,NGVD29,10150003
USGS,430204102202801, 35N43W 2DDB,GW,43.034434,-102.3415444,F,NAD83, 3500.00, 50,NGVD29,10140201
USGS,430205102291501, 35N44W 3CDDD,GW,43.03248668,-102.4859938,T,NAD83, 3255.00, 10,NGVD29,10140201
USGS,430205102291901, 35N44W 3CDDC,GW,43.03248665,-102.4876605,T,NAD83, 3360.00, 10,NGVD29,10140201
USGS,430205102382101, 35N45W 5DCAB,GW,43.03470566,-102.6396116,F,NAD83, 3320, 30,NGVD29,10140201
USGS,430206102243801, 35N43W 5CDBB,GW,43.03498817,-102.4109913,F,NAD83, 3390, 20,NGVD29,10140201
USGS,430206102343601, 35N45W 2DDAA,GW,43.03442926,-102.5746087,S,NAD83, 3190, 20,NGVD29,10140201
USGS,430208102083301, 35N41W 4DAAC,GW,43.0374939,-102.1420954,S,NAD83, 3481.00, 15,NGVD29,10140203
USGS,430208102292401, 35N44W 3C,GW,43.03554215,-102.4904385,T,NAD83, 3350, 50,NGVD29,10140201
USGS,430208102382501, 35N45W 5CDCB,GW,43.0324834,-102.6387781,S,NAD83, 3440.00, 20,NGVD29,10140201
USGS,430209102123301, 35N42W 1CADD,GW,43.03582567,-102.2095963,T,NAD83, 3486, 30,NGVD29,10140201
USGS,430211101540301, 35N39W 4DA,GW,43.03638889,-101.9008333,S,NAD83, 3419, 10,NAVD88,10150003
USGS,430211102245301, 35N43W 5CB,GW,43.03637698,-102.4151581,T,NAD83, 3390, 40,NGVD29,10140201
USGS,430211102354701, 35N45W 3DAC,GW,43.03637324,-102.596832,F,NAD83, 3400, 20,NGVD29,10140201
USGS,430212102240001, 35N43W 5DAC,GW,43.03665504,-102.4004354,F,NAD83, 3428, 20,NGVD29,10140201
USGS,430212102240301, 35N43W 5D,GW,43.036655,-102.4012688,F,NAD83, 3425, 15,NGVD29,10140201
USGS,430212102340101, 35N45W 1CACB,GW,43.03665165,-102.5673863,F,NAD83, 3210, 40,NGVD29,10140201
USGS,430213103255801, 12S 6E 5ACAC,GW,43.0369152,-103.4332554,F,NAD83, 3690, 10,NGVD29,10120106
USGS,430214102324601, 35N44W 6CA,GW,43.03720764,-102.546552,T,NAD83, 3300, 50,NGVD29,10140201
USGS,430214103265001, 12S 6E 5BD,GW,43.03719286,-103.4477001,T,NAD83, 3661,10,NGVD29,10120106
USGS,430217102123401, 35N42W 1CAAD,GW,43.03804786,-102.2098741,F,NAD83, 3483, 20,NGVD29,10140201
USGS,430217102123402, 35N42W 1CAAD2,GW,43.03804786,-102.2098741,F,NAD83, 3483, 20,NGVD29,10140201
USGS,430218102210001, 35N43W 2CA,GW,43.03832269,-102.3504337,T,NAD83, 3435.00, 30,NGVD29,10140201
USGS,430218102210002, 35N43W 2CA2,GW,43.03832269,-102.3504337,T,NAD83, 3435.00, 30,NGVD29,10140201
USGS,430219102300601, 35N44W 4DBA,GW,43.03859747,-102.5021057,F,NAD83, 3345, 25,NGVD29,10140201
USGS,430220103081501, 12S 8E 2AB,GW,43.03886487,-103.137971,F,NAD83, 3603,50,NGVD29,10140201
USGS,430221101350801, 35N36W 5BDB,GW,43.03916667,-101.5855556,S,NAD83, 3225, 10,NAVD88,10140203
USGS,430221102301501, 35N44W 4,GW,43.03915298,-102.5046058,M,NAD83, 3340,100,NGVD29,10140201
USGS,430221102334301, 35N44W 1,GW,43.03915176,-102.5623861,M,NAD83, 3260, 50,NGVD29,10140201
USGS,430223102084901, 35N41W 4ACDD,GW,43.03916045,-102.1473733,S,NAD83, 3480, 15,NGVD29,10140203
USGS,430224102093001, 35N41W 4BDCD,GW,43.0399935,-102.1587624,F,NAD83, 3491, 15,NGVD29,10140203
USGS,430224102242601, 35N43W 5DCCA,GW,43.0333216,-102.4054355,F,NAD83, 3409.00, 10,NGVD29,10140201
USGS,430226102235301, 35N43W 5ADDD,GW,43.04026619,-102.3979354,F,NAD83, 3452.00, 10,NGVD29,10140201
USGS,430226102385801, 35N45W 5BC,GW,43.0405388,-102.64989,T,NAD83, 3500, 40,NGVD29,10140201
USGS,430228102233901, 35N43W 4BC,GW,43.04109959,-102.394602,T,NAD83, 2430, 40,NGVD29,10140201
USGS,430228102240601, 35N43W 5ADBD,GW,43.041655,-102.4001578,F,NAD83, 3515.00, 10,NGVD29,10140201
USGS,430229101432301, 35N37W6B,GW,43.04138889,-101.7230556,S,NAD83, 3333, 10,NAVD88,10140203
USGS,430229102065001, 35N41W 2BDDA,GW,43.0411057,-102.1123729,F,NAD83, 3480, 15,NGVD29,10140203
USGS,430229102135201, 35N42W 2BDBC,GW,43.04165837,-102.2334857,F,NAD83, 3410, 15,NGVD29,10140201
USGS,430229102304301, 35N44W 4BC,GW,43.041375,-102.512384,T,NAD83, 3375, 40,NGVD29,10140201
USGS,430230101340201, 35N36W 5BAC,GW,43.04389125,-101.587925,F,NAD83, 3200.00, 50,NGVD29,10140203
USGS,430230102035001, 36N41W 2DDD,GW,43.1205492,-102.1020968,T,NAD83, 3379.00, 15,NGVD29,10140203
USGS,430230102151901, 35N42W 3BCDB,GW,43.0399912,-102.2554305,F,NAD83, 3435.00, 10,NGVD29,10140201
USGS,430230102210001, 35N43W 2BDDB,GW,43.04110048,-102.3493227,F,NAD83, 3453.00, 10,NGVD29,10140201
USGS,430231102384501, 35N45W 5BDAA,GW,43.04192784,-102.6437787,T,NAD83, 3445.00, 20,NGVD29,10140201
USGS,430231103203801, 11S 7E31CCCC,GW,43.04191637,-103.3443649,F,NAD83, 3576, 10,NGVD29,10120106
USGS,430234101432601, 35N37W 6B,GW,43.04277875,-101.724313,M,NAD83, 3250,100,NGVD29,10140203
USGS,430234103095401, 11S 8E34CCDC,GW,43.04275306,-103.1654719,F,NAD83, 3641, 10,NGVD29,10140201
USGS,430235102273601, 35N49W 2A,GW,43.0430427,-102.4604377,T,NAD83, 3405, 50,NGVD29,10140201
USGS,430237101523401,0035N39W 2BA,GW,43.0436111,-101.8761111,S,NAD83, 3422, 10,NAVD88,10140203
USGS,430238102512001, 35N47W 4AA,GW,43.04386946,-102.8521237,T,NAD83, 3102.00, 20,NGVD29,10140201
USGS,430239102523301, 35N47W 5AB,GW,43.04414709,-102.876292,T,NAD83, 3125.00, 20,NGVD29,10140201
USGS,430240102115301, 35N41W 6BBCC,GW,43.0436036,-102.1990408,S,NAD83, 3491.00, 15,NGVD29,10140201
USGS,430242102204201, 35N43W 2AB,GW,43.0449894,-102.3454337,T,NAD83, 3440.00, 10,NGVD29,10140201
USGS,430242102210001, 35N43W 2BA,GW,43.0449893,-102.3504339,T,NAD83, 3450.00, 20,NGVD29,10140201
USGS,430243102125601, 35N42W 1BB,GW,43.04526986,-102.2159855,T,NAD83, 3430.00, 15,NGVD29,10140201
USGS,430245103292801, 11S 5E35DC,GW,43.0458036,-103.4915897,F,NAD83, 3732, 10,NGVD29,10120106
USGS,430247101420501, 36N37W32B,GW,43.0572231,-101.7048689,M,NAD83, 3280,100,NGVD29,10140203
USGS,430247102204701, 35N43W 2ABB,GW,43.04637828,-102.3468227,T,NAD83, 3445, 20,NGVD29,10140201
USGS,430247102273201, 36N44W35DDCD,GW,43.04637609,-102.4593266,T,NAD83, 3430, 10,NGVD29,10140201
USGS,430250102272401, 36N44W35DD,GW,43.0472094,-102.4584933,T,NAD83, 3422, 40,NGVD29,10140201
USGS,430252102081001, 36N41W34CCD,GW,43.0477717,-102.13654,T,NAD83, 3480, 40,NGVD29,10140203
USGS,430252102190301, 36N43W35DDDA,GW,43.0477677,-102.3179329,F,NAD83, 3387, 10,NGVD29,10140201
USGS,430253101420701,36N37W32DBCB (BT-83A),GW,43.050833,-101.701944,S,NAD83,3264.0,20.0,NGVD29,101402030204
USGS,430254102143201, 36N42W34DDCC,GW,43.04721366,-102.2426526,F,NAD83, 3411.00, 15,NGVD29,10140201
USGS,430255102070301, 36N41W35CC,GW,43.0486054,-102.1193176,T,NAD83, 3488.00, 15,NGVD29,10140203
USGS,430255102072101, 36N41W34DD,GW,43.04860535,-102.1229287,T,NAD83, 3500.00, 45,NGVD29,10140203
USGS,430255102191201, 36N43W36DDDC,GW,43.04693435,-102.3201551,S,NAD83, 3405.00, 10,NGVD29,10140201
USGS,430256102305101, 36N44W33CC,GW,43.048875,-102.5146065,T,NAD83, 3320.00, 60,NGVD29,10140201
USGS,430256102323802, 36N44W31DC2,GW,43.0488744,-102.5421077,T,NAD83, 3220.00, 20,NGVD29,10140201
USGS,430257102230201, 36N43W33DCAB,GW,43.0491553,-102.3843241,S,NAD83, 3420, 10,NGVD29,10140201
USGS,430257102340501, 36N45W36CDAB,GW,43.0494295,-102.5657199,S,NAD83, 3240.00, 20,NGVD29,10140201
USGS,430257102355301, 36N45W35C1,GW,43.04915105,-102.5984991,T,NAD83, 3400,100,NGVD29,10140201
USGS,430258102323201, 36N44W31DCBA,GW,43.04942998,-102.5426633,F,NAD83, 3260, 15,NGVD29,10140201
USGS,430258102340601, 36N45W36C,GW,43.0494294,-102.5687756,T,NAD83, 3182, 30,NGVD29,10140201
USGS,430259102323501, 36N44W31DCBB,GW,43.0497077,-102.5434967,T,NAD83, 3265.00, 40,NGVD29,10140201
USGS,430259102344101, 36N45W35D,GW,43.049707,-102.5784983,T,NAD83, 3175, 50,NGVD29,10140201
USGS,430259102355101, 36N45W35C2,GW,43.0497066,-102.5979436,T,NAD83, 3400,100,NGVD29,10140201
USGS,430300101373501, 36N37W36CAC,GW,43.0500018,-101.6268137,T,NAD83,,,,10140203
USGS,430301102121101, 36N42W36DAD,GW,43.0513813,-102.1995966,F,NAD83, 3516.00, 20,NGVD29,10140201
USGS,430303102510201, 36N47W34CB,GW,43.05081398,-102.8474014,T,NAD83, 3110.00, 80,NGVD29,10140201
USGS,430304102173801, 36N42W32CBD,GW,43.05110149,-102.294321,T,NAD83, 3390, 20,NGVD29,10140201
USGS,430304102333301, 36N45W36DBDA,GW,43.0510963,-102.5596086,F,NAD83, 3200, 20,NGVD29,10140201
USGS,430304102334801, 36N45W36,GW,43.0535962,-102.5637755,M,NAD83, 3205., 50,NGVD29,10140201
USGS,430306101454101, 36N38W35C,GW,43.05166705,-101.7618131,M,NAD83, 3360,130,NGVD29,10150003
USGS,430307102141101, 36N42W35CBDB,GW,43.051936,-102.235986,F,NAD83, 3468, 15,NGVD29,10140201
USGS,430308102012701, 36N40W33DA,GW,43.0522187,-102.024594,T,NAD83, 3510, 80,NGVD29,10150003
USGS,430308102183601, 36N42W31CACA,GW,43.05193448,-102.3115439,F,NAD83, 3375.00, 10,NGVD29,10140201
USGS,430308102334701, 36N45W36DBBC,GW,43.0522073,-102.5634977,F,NAD83, 3195, 20,NGVD29,10140201
USGS,430315102280101, 36N44W35,GW,43.0541537,-102.465716,M,NAD83, 3425, 90,NGVD29,10140201
USGS,430315102333201, 36N45W36ACDD,GW,43.05415187,-102.5593309,F,NAD83, 3240, 30,NGVD29,10140201
USGS,430316102171701, 36N42W32,GW,43.0544349,-102.2884876,M,NAD83, 3367,100,NGVD29,10140201
USGS,430316102333001, 36N45W362,GW,43.05442966,-102.5587753,M,NAD83, 3220,100,NGVD29,10140201
USGS,430317102265101, 36N44W36BDDB,GW,43.0547096,-102.4479376,F,NAD83, 3426, 10,NGVD29,10140201
USGS,430318102342101, 36N45W36BCCB,GW,43.0549849,-102.5729426,F,NAD83, 3160, 20,NGVD29,10140201
USGS,430319102330701, 36N44W31BC,GW,43.0552631,-102.5523862,T,NAD83, 3310, 60,NGVD29,10140201
USGS,430322102553501, 36N48W25BBB,GW,43.07442465,-102.926852,T,NAD83, 3300.00, 20,NGVD29,10140201
USGS,430326102240801, 36N43W32A,GW,43.05721049,-102.4026583,T,NAD83, 3409.00, 40,NGVD29,10140201
USGS,430327102165301, 36N42W32ADBA,GW,43.05749057,-102.2818208,F,NAD83, 3440, 30,NGVD29,10140201
USGS,430327102242101, 36N43W32ABCD,GW,43.0574882,-102.4062696,S,NAD83, 3402.00, 10,NGVD29,10140201
USGS,430327102333001, 36N45W36A,GW,43.0574852,-102.5587754,T,NAD83, 3255, 60,NGVD29,10140201
USGS,430328103162201, 11S 7E27DCAD,GW,43.0577508,-103.2732526,F,NAD83, 3471, 10,NGVD29,10120106
USGS,430332102200601, 36N43W36BBBD,GW,43.0597117,-102.336545,F,NAD83, 3395.00, 10,NGVD29,10140201
USGS,430332102202401, 36N43W35AA,GW,43.0588783,-102.340434,T,NAD83, 3390.00, 30,NGVD29,10140201
USGS,430332102202402, 36N43W35AA2,GW,43.0588783,-102.340434,T,NAD83, 3390.00, 30,NGVD29,10140201
USGS,430332102334401, 36N45W25,GW,43.058874,-102.5626645,M,NAD83, 3300,100,NGVD29,10140201
USGS,430333102322001, 36N44W31AA,GW,43.0591523,-102.5373856,T,NAD83, 3355.00,100,NGVD29,10140201
USGS,430333102560801, 36N48W35AB,GW,43.05914677,-102.9360189,M,NAD83, 3393.00, 60,NGVD29,10140201
USGS,430335102304901, 36N44W33BBDB,GW,43.0597084,-102.5115512,T,NAD83, 3335.00, 20,NGVD29,10140201
USGS,430337103200001, 11S 7E30DC,GW,43.06025018,-103.3338091,F,NAD83, 3550,50,NGVD29,10120106
USGS,430338102201101, 36N43W36BBBD2,GW,43.0597117,-102.336545,F,NAD83, 3395.00, 10,NGVD29,10140201
USGS,430340101471601, 36N38W28DD1,GW,43.0611111,-101.7877778,S,NAD83, 3356, 10,NAVD88,10140203
USGS,430341101383601, 36N40W25DD,GW,43.06138889,-101.6433333,S,NAD83, 3144, 10,NAVD88,10140203
USGS,430342102342501, 36N45W25CC,GW,43.06165165,-102.5715539,T,NAD83, 3240.00, 80,NGVD29,10140201
USGS,430344101315401, 36N36W26CC,GW,43.0622246,-101.5320923,T,NAD83, 3200, 50,NGVD29,10140203
USGS,430344101315402, 36N36W26CC2,GW,43.0622246,-101.5320923,T,NAD83, 3200, 50,NGVD29,10140203
USGS,430344101471801, 36N38W28DD,GW,43.062222,-101.788758,T,NAD83, 3360, 50,NGVD29,10140203
USGS,430345102150101, 36N42W27CDDC,GW,43.06193557,-102.2504309,F,NAD83, 3505.00, 10,NGVD29,10140201
USGS,430345102194901, 36N43W26DDDD,GW,43.0616561,-102.3384895,F,NAD83, 3350, 10,NGVD29,10140201
USGS,430345102200601, 36N43W25CCCC,GW,43.0611006,-102.336545,F,NAD83, 3370.00, 10,NGVD29,10140201
USGS,430345102200602, 36N43W25CCCC4,GW,43.0611006,-102.336545,F,NAD83, 3370.00, 10,NGVD29,10140201
USGS,430345102200603, 36N43W25CCCC3,GW,43.0611006,-102.336545,F,NAD83, 3370.00, 10,NGVD29,10140201
USGS,430345102200604, 36N43W25CCCC2,GW,43.0611006,-102.336545,F,NAD83, 3370., 10,NGVD29,10140201
USGS,430345102272801, 36N44W26DD,GW,43.0624872,-102.458216,T,NAD83, 3430, 50,NGVD29,10140201
USGS,430350102284801, 36N45W29C,GW,43.06387237,-102.6471128,T,NAD83, 3400.00,100,NGVD29,10140201
USGS,430351102225601, 36N43W28D,GW,43.06415529,-102.3826578,T,NAD83, 3425.00, 70,NGVD29,10140201
USGS,430358102292201, 36N44W27CA,GW,43.06609775,-102.4879393,T,NAD83, 3425.00,100,NGVD29,10140201
USGS,430359101564201, 36N39W30DA,GW,43.0663864,-101.9454267,T,NAD83, 3445, 90,NGVD29,10140203
USGS,430400102052101, 36N41W25DDB,GW,43.06388377,-102.0851508,T,NAD83, 3488.00, 15,NGVD29,10140203
USGS,430403103244001, 11S 6E28AC,GW,43.06747166,-103.411588,F,NAD83, 3743, 10,NGVD29,10120106
USGS,430404102371801, 36N45W28,GW,43.06776178,-102.6221119,M,NAD83, 3400,100,NGVD29,10140201
USGS,430406102452201, 36N46W29ADDC,GW,43.0683139,-102.8715703,T,NAD83, 3360, 20,NGVD29,10140201
USGS,430407102052601, 36N41W25BABD,GW,43.07527226,-102.095429,M,NAD83, 3445, 15,NGVD29,10140203
USGS,430407102235101, 36N43W29ADDD2,GW,43.0685994,-102.3979363,F,NAD83, 3442, 15,NGVD29,10140201
USGS,430407102515501, 36N47W28BD,GW,43.06859178,-102.8618474,T,NAD83, 3200.00, 80,NGVD29,10140201
USGS,430408102164501, 36N42W29DADD,GW,43.06499057,-102.2787653,F,NAD83, 3450, 10,NGVD29,10140201
USGS,430408102235301, 36N43W29ADDD,GW,43.06859945,-102.3968251,F,NAD83, 3450.00, 10,NGVD29,10140201
USGS,430408102272201, 36N44W26ADDD,GW,43.0688761,-102.4565494,T,NAD83, 3510.00, 10,NGVD29,10140201
USGS,430409102332401, 36N45W25BDBB,GW,43.07137397,-102.5679429,F,NAD83, 3340, 20,NGVD29,10140201
USGS,430410101454901, 36N38W26BC,GW,43.06944446,-101.7640357,T,NAD83, 3030, 65,NGVD29,10140203
USGS,430411102265901, 36N44W25BD,GW,43.06970959,-102.4487714,T,NAD83, 3535.00,110,NGVD29,10140201
USGS,430413102343901, 36N45W26ADBC,GW,43.07026266,-102.5779433,F,NAD83, 3185, 10,NGVD29,10140201
USGS,430413102475601, 36N47W25A,GW,43.07137006,-102.796843,T,NAD83, 3040.00, 40,NGVD29,10140201
USGS,430414101314401, 36N36W26BBD,GW,43.0705577,-101.5293146,T,NAD83,,,,10140203
USGS,430414102063301, 36N41W26BDBC,GW,43.0708274,-102.1157069,F,NAD83, 3526, 15,NGVD29,10140203
USGS,430414102342901, 36N45W26ADAA,GW,43.07109605,-102.5751654,S,NAD83, 3192, 10,NGVD29,10140201
USGS,430415102023701, 36N40W29AD,GW,43.070829,-102.0440392,T,NAD83, 3495, 45,NGVD29,10140203
USGS,430416102184501, 36N42W30B,GW,43.071101,-102.3129334,M,NAD83, 3340.00, 40,NGVD29,10140201
USGS,430416102343901, 36N45W26ADBB,GW,43.071096,-102.5779433,F,NAD83, 3185, 10,NGVD29,10140201
USGS,430417102083601, 36N41W28ADBD,GW,43.0713823,-102.1437629,T,NAD83, 3480, 20,NGVD29,10140203
USGS,430418102340601, 36N45W 25B,GW,43.0716517,-102.5687763,T,NAD83, 3250, 50,NGVD29,10140201
USGS,430418102475101, 36N47W25ABCD,GW,43.0716478,-102.7979543,F,NAD83, 3040, 10,NGVD29,10140201
USGS,430419102334301, 36N45W25ABCC,GW,43.0719296,-102.5623871,F,NAD83, 3380, 20,NGVD29,10140201
USGS,430419102344001, 36N45W26A,GW,43.0719293,-102.5782212,T,NAD83, 3190, 30,NGVD29,10140201
USGS,430419102345701, 36N45W26ABCC,GW,43.0719292,-102.5829436,F,NAD83, 3130, 15,NGVD29,10140201
USGS,430419102491601, 36N47W26AB,GW,43.07192547,-102.8174,T,NAD83, 3012, 20,NGVD29,10140201
USGS,430422102245301, 36N43W29BB,GW,43.07276576,-102.4151592,T,NAD83, 3400.00, 50,NGVD29,10140201
USGS,430423102322001, 36N44W30AA,GW,43.07304125,-102.5368305,T,NAD83, 3460.00,140,NGVD29,10140201
USGS,430423102490801, 36N47W26ABC,GW,43.07303657,-102.8193447,T,NAD83, 3005.00, 20,NGVD29,10140201
USGS,430424102093301, 36N41W28BBBA,GW,43.07471529,-102.159041,S,NAD83, 3445.00, 15,NGVD29,10140203
USGS,430424102485601, 36N47W26AAAB,GW,43.0733144,-102.8118442,T,NAD83, 2981.00, 20,NGVD29,10140201
USGS,430427101320501, 36N36W22DDDD,GW,43.07416866,-101.535148,S,NAD83, 3068, 10,NGVD29,10140203
USGS,430427102340101, 36N45W25BAB,GW,43.07415177,-102.5673874,F,NAD83, 3320, 20,NGVD29,10140201
USGS,430429101320401, 36N36W22DDDD2,GW,43.0747242,-101.5354258,S,NAD83, 3068,  8,NGVD29,10140203
USGS,430429102093901, 36N41W29AAAC,GW,43.0747152,-102.1618188,S,NAD83, 3474, 15,NGVD29,10140203
USGS,430432102484001, 36N47W24CC,GW,43.07553668,-102.8076773,T,NAD83, 2980.00, 20,NGVD29,10140201
USGS,430432102490201, 36N47W23DDC,GW,43.0755366,-102.813511,T,NAD83, 3000.00, 20,NGVD29,10140201
USGS,430432102491201, 36N47W23CDDD,GW,43.07553658,-102.8204559,F,NAD83, 3015, 10,NGVD29,10140201
USGS,430432102491202, 36N47W23CDDD2,GW,43.07553658,-102.8204559,F,NAD83, 3015, 10,NGVD29,10140201
USGS,430432102491601, 36N47W23DC,GW,43.0755366,-102.8174002,T,NAD83, 3010.00, 40,NGVD29,10140201
USGS,430432102541701, 36N47W19CD,GW,43.07553596,-102.9015726,T,NAD83, 3340.00, 40,NGVD29,10140201
USGS,430432102551101, 36N48W24DC,GW,43.07553585,-102.9157402,T,NAD83, 3350.00, 20,NGVD29,10140201
USGS,430435102181801, 36N42W19DC,GW,43.07637888,-102.3054333,T,NAD83, 3370.00, 50,NGVD29,10140201
USGS,430437101362001, 36N36W19CD,GW,43.07694575,-101.6059809,T,NAD83, 3050, 50,NGVD29,10140203
USGS,430437101412001, 36N37W21CCAC,GW,43.076945,-101.6893138,S,NAD83, 3149, 20,NGVD29,10140203
USGS,430437102081901, 36N41W22CC,GW,43.0769379,-102.1390408,T,NAD83, 3461, 60,NGVD29,10140203
USGS,430438101314301, 36N36W23CCA,GW,43.07722425,-101.5209814,T,NAD83,,,,10140203
USGS,430439102350701, 36N45W23CDBD R,GW,43.07720697,-102.5862772,F,NAD83, 3140, 20,NGVD29,10140201
USGS,430439102350702, 36N45W23DCBC,GW,43.0780403,-102.5851661,F,NAD83, 3160, 40,NGVD29,10140201
USGS,430440102072501, 36N41W22DD,GW,43.07777158,-102.1240406,S,NAD83, 3497, 10,NGVD29,10140203
USGS,430440102351101, 36N45W23,GW,43.0824848,-102.5837773,M,NAD83, 3180., 50,NGVD29,10140201
USGS,430440103021001, 11S 9E23CB,GW,43.07775655,-103.0365804,F,NAD83, 3328,50,NGVD29,10140201
USGS,430442101440601, 36N38W24,GW,43.08277785,-101.7368136,F,NAD83, 3232.00,180,NGVD29,10140203
USGS,430443102032401, 36N40W29BCA,GW,43.0711065,-102.057095,S,NAD83, 3457, 20,NGVD29,10140203
USGS,430444102214001, 36N43W22D,GW,43.0788778,-102.3615464,T,NAD83, 3400,100,NGVD29,10140201
USGS,430446102050901, 36N41W24DABC,GW,43.0822168,-102.0857068,F,NAD83, 3450, 15,NGVD29,10140203
USGS,430446102073001, 36N41W22D,GW,43.07943819,-102.1254295,T,NAD83, 3494.00, 90,NGVD29,10140203
USGS,430446102381701, 36N45W20DA,GW,43.07942827,-102.6351684,T,NAD83, 3400.00, 40,NGVD29,10140201
USGS,430447101495101, 36N38W19D,GW,43.0797211,-101.8312589,T,NAD83, 3340, 20,NGVD29,10140203
USGS,430448102373801, 36N45W21CACB,GW,43.07998397,-102.627668,F,NAD83, 3400, 30,NGVD29,10140201
USGS,430450102140001, 36N41W20CAC,GW,43.0805482,-102.1743192,T,NAD83, 3475.00, 15,NGVD29,10140203
USGS,430450102551301, 36N48W24CA,GW,43.0805358,-102.9207407,M,NAD83, 3355.00,100,NGVD29,10140201
USGS,430451102492501, 36N47W23,GW,43.0808144,-102.8199005,M,NAD83, 3060.00,160,NGVD29,10140201
USGS,430451102492502, 36N47W23DA2,GW,43.0808144,-102.8199005,M,NAD83, 3010.00,160,NGVD29,10140201
USGS,430451102553001, 36N48W24CB,GW,43.08081357,-102.9254633,T,NAD83, 3310.00, 40,NGVD29,10140201
USGS,430452101330401, 36N36W22CBAC,GW,43.08111276,-101.5515369,F,NAD83, 3018, 10,NGVD29,10140203
USGS,430452102081401, 36N41W22CB,GW,43.0811045,-102.1390409,T,NAD83, 3400.00, 30,NGVD29,10140203
USGS,430455103012201, 11S 9E23BACD,GW,43.0819235,-103.0232468,F,NAD83, 3241, 10,NGVD29,10140201
USGS,430456103275701, 36N44W23CBB,GW,43.0822091,-102.4740504,F,NAD83, 3570.00, 20,NGVD29,10140201
USGS,430457102350701, 36N45W23BDDC,GW,43.08248479,-102.5857218,F,NAD83, 3160, 40,NGVD29,10140201
USGS,430458103035401, 11S 9E21BBDA,GW,43.08275588,-103.0654701,F,NAD83, 3284, 10,NGVD29,10140201
USGS,430500102303301, 36N44W21BD,GW,43.0833196,-102.5076628,T,NAD83, 3560.00,120,NGVD29,10140201
USGS,430500103272001, 12S 6E 6CA,GW,43.0833048,-103.4560329,F,NAD83,3750,1.6,NAVD88,10120108
USGS,430500103274201, 11S 6E19BB,GW,43.08330475,-103.4621441,F,NAD83, 3719, 10,NGVD29,10120108
USGS,430501102255401, 36N43W19BCAA,GW,43.0863765,-102.431549,F,NAD83, 3535.00, 10,NGVD29,10140201
USGS,430503101454401, 36N38W23BC,GW,43.0841664,-101.762647,T,NAD83, 3285,100,NGVD29,10140203
USGS,430503102532901, 36N47W19ADBD,GW,43.08414718,-102.89185,T,NAD83, 3390.00, 40,NGVD29,10140201
USGS,430504101314401, 36N36W23BBD,GW,43.08444618,-101.5293148,T,NAD83,,,,10140203
USGS,430504102352901, 36N45W23BCBD,GW,43.0844291,-102.5918333,F,NAD83, 3120, 20,NGVD29,10140201
USGS,430504102475601, 36N47W24A,GW,43.08442575,-102.7951767,M,NAD83, 3020.00, 80,NGVD29,10140201
USGS,430505102022001, 36N40W21BCCD,GW,43.0830511,-102.0401505,S,NAD83, 3353, 45,NGVD29,10140203
USGS,430506101404701, 36N37W21AC,GW,43.08500049,-101.6801473,T,NAD83, 3090, 20,NGVD29,10140203
USGS,430512102480301, 36N47W24BAD,GW,43.08664795,-102.8012883,T,NAD83, 2978.00, 20,NGVD29,10140201
USGS,430513103155401, 11S 7E14CCBC,GW,43.0869181,-103.265475,F,NAD83, 3444, 10,NGVD29,10120106
USGS,430514102022101, 36N40W17ACDC,GW,43.097773,-102.0445954,S,NAD83, 3293, 15,NGVD29,10140203
USGS,430514102061601, 36N41W23A,GW,43.08777186,-102.1048738,F,NAD83, 3378, 30,NGVD29,10140203
USGS,430514102493001, 36N47W23B,GW,43.0872033,-102.8254567,M,NAD83, 3050.00,100,NGVD29,10140201
USGS,430515102005401, 36N40W22BAC,GW,43.08749604,-102.015428,T,NAD83, 3333, 30,NGVD29,10140203
USGS,430518101591001, 36N40W23AA,GW,43.08832988,-101.9865387,T,NAD83, 3395, 25,NGVD29,10140203
USGS,430518102350601, 36N45W23BBBC,GW,43.08831815,-102.5854442,F,NAD83, 3125, 15,NGVD29,10140201
USGS,430519102020201, 36N40W21BA,GW,43.0886067,-102.0343172,T,NAD83, 3303, 20,NGVD29,10140203
USGS,430519102033101, 36N40W20ABBC,GW,43.08888395,-102.0593176,S,NAD83, 3319, 20,NGVD29,10140203
USGS,430523102240201, 36N43W17DDCD,GW,43.0897104,-102.4009925,T,NAD83, 3420.00, 10,NGVD29,10140201
USGS,430523102353601, 36N45W14CC,GW,43.0897069,-102.591,T,NAD83, 3250.00,160,NGVD29,10140201
USGS,430523102355401, 36N45W15DD,GW,43.0910957,-102.5960003,T,NAD83, 3121.00, 50,NGVD29,10140201
USGS,430523102485801, 36N47W14DD,GW,43.0913701,-102.8126782,T,NAD83, 3025.00, 20,NGVD29,10140201
USGS,430523102515501, 36N47W16CD,GW,43.09136969,-102.862126,T,NAD83, 3340.00,120,NGVD29,10140201
USGS,430524101481601, 36N38W16CCCC,GW,43.08999906,-101.8048699,T,NAD83, 3230,8,NGVD29,10140203
USGS,430527101402701, 36N37W16DD,GW,43.0908337,-101.6745919,T,NAD83, 3115, 50,NGVD29,10140203
USGS,430530101395401, 36N37W15CD,GW,43.0916671,-101.6654253,T,NAD83, 3086, 20,NGVD29,10140203
USGS,430530102092301, 36N41W29AAA,GW,43.07499298,-102.1623744,T,NAD83, 3465.00, 15,NGVD29,10140203
USGS,430531102244401, 36N43W17C,GW,43.0933213,-102.4126597,T,NAD83, 3390.00,170,NGVD29,10140201
USGS,430531102255601, 36N43W18DDCA,GW,43.09109894,-102.4207155,F,NAD83, 3500.00, 10,NGVD29,10140201
USGS,430531102354101, 36N45W15DDAB,GW,43.0927624,-102.5957226,T,NAD83, 3130, 20,NGVD29,10140201
USGS,430532102092501, 36N41W21CBBA,GW,43.08249297,-102.1590412,F,NAD83, 3430.00, 15,NGVD29,10140203
USGS,430532102103501, 36N41W17CADD,GW,43.0941592,-102.1712639,F,NAD83, 3481.00, 15,NGVD29,10140203
USGS,430533102240001, 36N43W17,GW,43.09748806,-102.407104,F,NAD83, 3370, 50,NGVD29,10140201
USGS,430534103195501, 11S 7E18ACDD,GW,43.0927508,-103.3324202,F,NAD83, 3503, 10,NGVD29,10120106
USGS,430535102012601, 36N40W16ACC,GW,43.0986066,-102.0304285,S,NAD83, 3286, 10,NGVD29,10140203
USGS,430536102385201, 36N45W17CA,GW,43.09470596,-102.6451693,T,NAD83, 3220.00,120,NGVD29,10140201
USGS,430537101580001, 36N40W13D,GW,43.0936078,-101.9670942,M,NAD83, 3372, 80,NGVD29,10140203
USGS,430537103175701, 11S 7E16,GW,43.0935845,-103.299642,M,NAD83, 3555,50,NGVD29,10120106
USGS,430539102361601, 36N45W15DBB,GW,43.0941512,-102.6021118,T,NAD83, 3110.00, 20,NGVD29,10140201
USGS,430540102242301, 36N43W17DBC,GW,43.0944325,-102.4068262,S,NAD83, 3350, 10,NGVD29,10140201
USGS,430545101301501, 36N36W13DBCD,GW,43.09277946,-101.5029262,S,NAD83, 3020, 50,NGVD29,10140203
USGS,430545102094201, 36N41W17DDBC,GW,43.09193717,-102.164597,F,NAD83, 3396.00, 15,NGVD29,10140203
USGS,430545102101801, 36N41W17DBCB,GW,43.0952703,-102.1707084,F,NAD83, 3451.00, 15,NGVD29,10140203
USGS,430545102334201, 36N45W13DBB,GW,43.0958186,-102.56211,F,NAD83, 3440, 60,NGVD29,10140201
USGS,430548102360901, 36N45W15(2),GW,43.0966512,-102.6029453,F,NAD83, 3112,100,NGVD29,10140201
USGS,430549102364801, 36N45W15BC,GW,43.09692878,-102.613779,T,NAD83, 3110.00, 80,NGVD29,10140201
USGS,430550102204201, 36N43W14ABCC,GW,43.10360019,-102.3471022,F,NAD83, 3275.00, 10,NGVD29,10140201
USGS,430550102292201, 36N44W15BD,GW,43.09720885,-102.4879403,T,NAD83, 3595.00,130,NGVD29,10140201
USGS,430552101464501, 36N38W15BD,GW,43.09777705,-101.779592,S,NAD83,,,,10140203
USGS,430553101463901, 36N38W15BDD,GW,43.09805485,-101.7779253,T,NAD83, 3247, 25,NGVD29,10140203
USGS,430554102440301, 36N46W16AD,GW,43.09831546,-102.7346179,T,NAD83, 3400.00,180,NGVD29,10140201
USGS,430555101395501, 36N37W15BD,GW,43.0986114,-101.6657032,T,NAD83, 3145, 20,NGVD29,10140203
USGS,430556102225601, 36N43W16A,GW,43.1008218,-102.3826589,T,NAD83, 3455.00,180,NGVD29,10140201
USGS,430556102243101, 36N43W17BD,GW,43.0988769,-102.4090486,T,NAD83, 3400, 50,NGVD29,10140201
USGS,430557102363801, 36N45W15BC2,GW,43.09915106,-102.6110013,T,NAD83, 3100, 10,NGVD29,10140201
USGS,430558102224601, 36N43W16ABDB,GW,43.09943297,-102.379881,F,NAD83, 3500, 30,NGVD29,10140201
USGS,430558102245201, 36N43W17BCBD,GW,43.09943236,-102.4148822,F,NAD83, 3350, 25,NGVD29,10140201
USGS,430559102364001, 36N45W15BCBA,GW,43.0997066,-102.6115569,F,NAD83, 3100, 10,NGVD29,10140201
USGS,430600101450201, 36N38W14AAC,GW,43.0999996,-101.7509805,T,NAD83, 3231, 25,NGVD29,10140203
USGS,430600101461301, 36N38W15AAC,GW,43.09999936,-101.770703,T,NAD83, 3264, 20,NGVD29,10140203
USGS,430600101472401, 36N38W16AAC,GW,43.09999908,-101.7904255,T,NAD83, 3211, 25,NGVD29,10140203
USGS,430601102364801, 36N45W15BB,GW,43.1022066,-102.6107236,T,NAD83, 3090.00, 40,NGVD29,10140201
USGS,430601102370501, 36N45W16AA,GW,43.10192877,-102.6157238,T,NAD83, 3104.00, 40,NGVD29,10140201
USGS,430602102204201, 36N43W11CDDA,GW,43.10610018,-102.3468244,F,NAD83, 3270.00, 10,NGVD29,10140201
USGS,430602102362801, 36N45W15B,GW,43.10054,-102.6082234,T,NAD83, 3100, 50,NGVD29,10140201
USGS,430602102365501, 36N45W16AACD,GW,43.10053987,-102.6157237,F,NAD83, 3115, 20,NGVD29,10140201
USGS,430602102370101, 36N45W16A,GW,43.1005398,-102.6173905,T,NAD83, 3140,100,NGVD29,10140201
USGS,430603102365901, 36N45W16AADD,GW,43.10081768,-102.6143348,S,NAD83, 3100.00, 20,NGVD29,10140201
USGS,430604101424101, 36N37W18ABD,GW,43.1019443,-101.7134808,S,NAD83, 3149, 20,NGVD29,10140203
USGS,430604102073201, 36N41W15A,GW,43.10110455,-102.1259856,T,NAD83, 3401, 50,NGVD29,10140203
USGS,430606101480101, 36N38W 9CCCC,GW,43.1044432,-101.8057035,S,NAD83, 3210.00, 50,NGVD29,10140203
USGS,430606102365801, 36N45W16AACC,GW,43.10165097,-102.6165571,F,NAD83, 3110, 15,NGVD29,10140201
USGS,430607101442101, 36N38W13BA,GW,43.1019441,-101.7395917,T,NAD83, 3230, 20,NGVD29,10140203
USGS,430607102360401, 36N45W15 (2),GW,43.0963734,-102.603223,M,NAD83, 3110., 50,NGVD29,10140201
USGS,430607103132601, 11S 8E 7CCAA,GW,43.10191915,-103.2243632,F,NAD83, 3451, 10,NGVD29,10120106
USGS,430608102365401, 36N45W16AA (2),GW,43.10220655,-102.615446,T,NAD83, 3099.00, 40,NGVD29,10140201
USGS,430608103115001, 11S 8E 8CDD,GW,43.1021975,-103.1976959,F,NAD83, 3560, 10,NGVD29,10120106
USGS,430609101540501, 36N37W15BB,GW,43.10249747,-101.9018158,T,NAD83, 3460, 20,NGVD29,10140203
USGS,430610101304001, 37N36W13BBAB,GW,43.18610976,-101.5307052,T,NAD83, 3054.00, 50,NGVD29,10140203
USGS,430610103062201, 11S 4E11DD,GW,43.10275507,-103.1065827,F,NAD83, 3594,50,NGVD29,10140201
USGS,430611101460501, 36N38W15AA,GW,43.10305489,-101.7684808,T,NAD83, 3230, 20,NGVD29,10140203
USGS,430611102061001, 36N41W23AACB,GW,43.0883274,-102.1051516,T,NAD83, 3378.00, 15,NGVD29,10140203
USGS,430611102072101, 36N41W15AA,GW,43.103049,-102.12293,F,NAD83, 3410.00, 15,NGVD29,10140203
USGS,430611102094201, 36N41W17AADC,GW,43.10138155,-102.1620973,F,NAD83, 3382.00, 15,NGVD29,10140203
USGS,430611102235701, 36N43W17AA,GW,43.1030437,-102.399604,T,NAD83, 3450, 50,NGVD29,10140201
USGS,430612101365401, 36N37W12DBD,GW,43.10777818,-101.6198702,F,NAD83, 3136.00, 20,NGVD29,10140203
USGS,430612101481201, 36N38W16BBB,GW,43.0905546,-101.8037588,F,NAD83, 3430.00, 20,NGVD29,10140203
USGS,430612102362901, 36N45W15BBAA,GW,43.1033178,-102.6085013,F,NAD83, 3120, 20,NGVD29,10140201
USGS,430613102074401, 36N41W15ABB,GW,43.10360444,-102.129319,S,NAD83, 3392, 15,NGVD29,10140203
USGS,430613102375801, 36N45W17AAAA,GW,43.1035951,-102.6332246,F,NAD83, 3119, 25,NGVD29,10140201
USGS,430614102342501, 36N45W12CC,GW,43.1055407,-102.5712775,T,NAD83, 3290.00,120,NGVD29,10140201
USGS,430614102372301, 36N45W 9DC,GW,43.1038731,-102.620724,T,NAD83, 3100.00, 40,NGVD29,10140201
USGS,430614102391001, 36N45W 8CC,GW,43.10581707,-102.649892,T,NAD83, 3290.00, 40,NGVD29,10140201
USGS,430614102484001, 36N47W12CC,GW,43.10553695,-102.8076783,T,NAD83, 3030.00,100,NGVD29,10140201
USGS,430614103114201, 11S 8E 8DCB,GW,43.10386425,-103.1954737,F,NAD83, 3528,10,NGVD29,10120106
USGS,430615102290401, 36N44W10DC,GW,43.10415338,-102.4829403,T,NAD83, 3470.00,100,NGVD29,10140201
USGS,430616101455201, 36N38W11CC,GW,43.1044438,-101.7648697,S,NAD83,,,,10140203
USGS,430617102364001, 36N45W10CCCA,GW,43.1047066,-102.611557,F,NAD83, 3143, 20,NGVD29,10140201
USGS,430620101303601, 36N36W12C,GW,43.10555678,-101.5104263,T,NAD83, 3015.00, 15,NGVD29,10140203
USGS,430621102135801, 36N42W11C,GW,43.1077688,-102.2345986,T,NAD83, 3478.00, 30,NGVD29,10140201
USGS,430622101540601, 36N39W10CC,GW,43.1061085,-101.9020936,T,NAD83, 3460, 20,NGVD29,10140203
USGS,430622102023801, 36N40W10CBDD,GW,43.10860675,-102.015984,S,NAD83, 3297, 30,NGVD29,10140203
USGS,430622102570101, 36N48W10DD,GW,43.10609118,-102.9507436,T,NAD83, 3110, 60,NGVD29,10140201
USGS,430623102374001, 36N45W 9,GW,43.11081757,-102.6232244,M,NAD83, 3085., 50,NGVD29,10140201
USGS,430624101420601, 36N37W 8ACCC,GW,43.1116664,-101.702092,F,NAD83, 3188, 20,NGVD29,10140203
USGS,430624102372801, 36N45W 9CDAB,GW,43.10665085,-102.624891,F,NAD83, 3104, 15,NGVD29,10140201
USGS,430625101303501, 36N36W12ACAA,GW,43.1144454,-101.5101487,S,NAD83, 3015, 10,NGVD29,10140203
USGS,430625101450101, 36N38W11DDB,GW,43.10694395,-101.7507029,T,NAD83, 3241, 25,NGVD29,10140203
USGS,430625101453801, 36N38W11CCA,GW,43.1069438,-101.7609808,T,NAD83, 3215, 25,NGVD29,10140203
USGS,430625102365001, 36N45W10CBCD,GW,43.10692888,-102.6110015,T,NAD83, 3105.00, 20,NGVD29,10140201
USGS,430626101595201, 36N40W11CCAA,GW,43.10721825,-101.9982059,F,NAD83, 3283, 15,NGVD29,10140203
USGS,430626102355101, 36N45W10D,GW,43.10720689,-102.5979454,T,NAD83, 3200,100,NGVD29,10140201
USGS,430627101464801, 36N38W10CBC,GW,43.107499,-101.7851478,T,NAD83, 3205.00, 10,NGVD29,10140203
USGS,430627102224901, 36N43W 9DDBA,GW,43.10748848,-102.3807146,F,NAD83, 3490, 50,NGVD29,10140201
USGS,430627102362901, 36N45W10C,GW,43.10748448,-102.6085014,F,NAD83, 3170, 60,NGVD29,10140201
USGS,430628101572801, 36N39W 7C,GW,43.10777436,-101.9582054,M,NAD83, 3303, 60,NGVD29,10140203
USGS,430628102303301, 36N44W 9CA,GW,43.1094307,-102.5076636,T,NAD83, 3560.00,160,NGVD29,10140201
USGS,430628102331401, 36N44W 7CB,GW,43.1094299,-102.55211,T,NAD83, 3400.00,100,NGVD29,10140201
USGS,430629102225501, 36N43W 9D,GW,43.108044,-102.3823813,F,NAD83, 3435, 50,NGVD29,10140201
USGS,430630101465001, 36N38W10CC,GW,43.10833239,-101.780981,T,NAD83, 3221, 25,NGVD29,10140203
USGS,430630101594701, 36N40W11C,GW,43.10832936,-101.996817,M,NAD83, 3280, 30,NGVD29,10140203
USGS,430632101340801, 36N36W16BDBD,GW,43.10027875,-101.5673704,S,NAD83, 3035.00, 15,NGVD29,10140203
USGS,430632102010001, 36N40W10CBD,GW,43.1088845,-102.0170951,F,NAD83, 3292, 20,NGVD29,10140203
USGS,430632103270001, 11S 6E 7AC,GW,43.10886096,-103.450477,M,NAD83, 3720,50,NGVD29,10120106
USGS,430633102220301, 36N43W10,GW,43.1119331,-102.3679365,M,NAD83, 3373.00,230,NGVD29,10140201
USGS,430633102385801, 36N45W 8CB,GW,43.1091504,-102.6498922,T,NAD83, 3240,140,NGVD29,10140201
USGS,430634103115001, 11S 8E 8BDD,GW,43.1094198,-103.197696,F,NAD83, 3512, 10,NGVD29,10120106
USGS,430635101482801, 36N38W 8ADAC,GW,43.11472078,-101.8082037,S,NAD83, 3180.00, 20,NGVD29,10140203
USGS,430637102022001, 36N40W 9CB,GW,43.1102729,-102.0393178,T,NAD83, 3297, 15,NGVD29,10140203
USGS,430639102335001, 36N45W12,GW,43.1108186,-102.5643329,M,NAD83, 3418,100,NGVD29,10140201
USGS,430641102370801, 36N45W 9DCCC,GW,43.10415089,-102.6218352,S,NAD83, 3143.00, 20,NGVD29,10140201
USGS,430642101301401, 36N36W12ACCC,GW,43.1108344,-101.5043153,F,NAD83, 3027, 20,NGVD29,10140203
USGS,430642101455801,36N38W10ADDD (BT-77E),GW,43.111667,-101.766111,F,NAD83,3199.0,8.0,NGVD29,101402030203
USGS,430642102071501, 36N41W10DAAA,GW,43.1108267,-102.1223747,S,NAD83, 3400.00, 15,NGVD29,10140203
USGS,430644102014601, 36N40W 9ACCD,GW,43.1122175,-102.0298732,F,NAD83, 3304, 15,NGVD29,10140203
USGS,430645102390301, 36N45W 8BCB,GW-TH,43.11248376,-102.6512813,F,NAD83, 3230, 20,NGVD29,10140201
USGS,430646102002501, 36N40W10A,GW,43.11277778,-102.0069444,F,NAD83,,,,10140203
USGS,430647101455501, 36N38W10ADDD3,GW,43.1130547,-101.7657032,F,NAD83, 3202, 10,NGVD29,10140203
USGS,430648103133401, 11S 8E 7BB,GW,43.11330818,-103.2265856,M,NAD83, 3405,111,NGVD29,10120106
USGS,430651101300201, 36N36W12ACAA2,GW,43.11416769,-101.500982,F,NAD83, 3027,  5,NGVD29,10140203
USGS,430651101403501, 36N37W 9ACD,GW,43.1141665,-101.67987,F,NAD83, 3191, 30,NGVD29,10140203
USGS,430652102125601, 36N42W12BBDC,GW,43.1163802,-102.2176541,F,NAD83, 3468.00, 20,NGVD29,10140203
USGS,430652102174201, 36N42W 8BB,GW,43.11748988,-102.295434,T,NAD83, 3370.00, 60,NGVD29,10140201
USGS,430652102363001, 36N45W10BA,GW,43.11637346,-102.6060016,T,NAD83, 3350.00,120,NGVD29,10140201
USGS,430653101440001, 36N38W12AAB,GW,43.1177772,-101.7307032,S,NAD83, 3214, 20,NGVD29,10140203
USGS,430653101464801, 36N38W10BDB,GW,43.11472117,-101.7804256,T,NAD83, 3192, 20,NGVD29,10140203
USGS,430656101445501, 36N38W11AAC,GW,43.1155549,-101.7490364,T,NAD83, 3228, 25,NGVD29,10140203
USGS,430656101472801, 36N38W 9ABCB,GW,43.1155543,-101.7909813,S,NAD83, 3182, 20,NGVD29,10140203
USGS,430656102002101, 36N40W10ADBB,GW,43.11555127,-102.0062618,T,NAD83, 3300, 10,NGVD29,10140203
USGS,430701102380701, 36N45W 8AABD,GW,43.1169285,-102.6357252,T,NAD83, 3090.00, 20,NGVD29,10140201
USGS,430702102010001, 36N40W10BABC,GW,43.118051,-102.0168175,S,NAD83, 3326, 10,NGVD29,10140203
USGS,430703102383101, 36N45W 5DCCA R,GW,43.11998399,-102.6407255,F,NAD83, 3080, 20,NGVD29,10140201
USGS,430704101390601, 36N37W11BBBB2,GW,43.1177777,-101.6520925,T,NAD83, 3159.00,8,NGVD29,10140203
USGS,430704102370801, 36N45W 9ABAB,GW,43.1177621,-102.6193356,F,NAD83, 3140, 60,NGVD29,10140201
USGS,430704102385201, 36N45W 5CD,GW,43.1202617,-102.6451701,T,NAD83, 3070.00, 20,NGVD29,10140201
USGS,430705102200601, 36N43W 1CC,GW,43.12054474,-102.3354356,T,NAD83, 3280.00, 60,NGVD29,10140201
USGS,430705102273401, 36N44W 2DD,GW,43.12054268,-102.4582177,T,NAD83, 3460.00,130,NGVD29,10140201
USGS,430706101391001,36N37W11BBBB (BT-78E),GW,43.118333,-101.652778,S,NAD83,3159.0,10.0,NGVD29,101402030204
USGS,430706102382802, 36N45W 5DCAC R,GW,43.12053956,-102.6401699,F,NAD83, 3040, 20,NGVD29,10140201
USGS,430707101571501, 36N39W 6CDAC,GW,43.12027417,-101.9545945,F,NAD83, 3270, 20,NGVD29,10140203
USGS,430709102374101, 36N45W 4CCDA,GW,43.11915087,-102.6285027,F,NAD83, 3080, 40,NGVD29,10140201
USGS,430709102382801, 36N45W 5DCCB R,GW,43.1213729,-102.6390588,F,NAD83, 3080, 20,NGVD29,10140201
USGS,430713101435301, 36N38W 1DCDD,GW,43.1188883,-101.7318143,F,NAD83, 3200, 10,NGVD29,10140203
USGS,430714101303001, 36N36W 1CDA,GW,43.12055635,-101.5054266,S,NAD83, 3011, 10,NGVD29,10140203
USGS,430714101445301, 36N38W 2DD,GW,43.1205548,-101.7484809,T,NAD83, 3230, 20,NGVD29,10140203
USGS,430715101444701,36N38W01DCDD2 (BT-76E),GW,43.118889,-101.729167,S,NAD83,3199.0,15.0,NGVD29,101402030204
USGS,430716101595401, 36N40W 2CCA,GW,43.12110687,-101.9987618,T,NAD83, 3290, 25,NGVD29,10140203
USGS,430717101381201, 36N37W 2DDB,GW,43.1213888,-101.6370926,T,NAD83,,,,10140203
USGS,430717101450501, 36N38W 2D,GW,43.1213881,-101.7518143,T,NAD83, 3227, 20,NGVD29,10140203
USGS,430717102125401, 36N42W12BBCA,GW,43.11665799,-102.2176541,F,NAD83, 3480., 15,NGVD29,10140203
USGS,430717102544501, 36N48W12AAB,GW,43.1177582,-102.9129637,T,NAD83, 3060.00, 20,NGVD29,10140201
USGS,430718102370001, 36N45W 8ACCD,GW,43.1113728,-102.641003,S,NAD83, 3152., 20,NGVD29,10140201
USGS,430720101361901, 36N36W 6CDD,GW,43.1222223,-101.6057039,T,NAD83,,,,10140203
USGS,430720101554501, 36N39W 5CDDD,GW,43.11916338,-101.9334831,F,NAD83, 3298, 15,NGVD29,10140203
USGS,430722101302701, 36N36W 1CADA,GW,43.12277849,-101.5059821,S,NAD83, 3005, 15,NGVD29,10140203
USGS,430722102383701, 36N45W 5DBBA,GW,43.124984,-102.64017,T,NAD83, 3060.00, 20,NGVD29,10140201
USGS,430723102362101, 36N45W36CABB,GW,43.0535961,-102.5676646,S,NAD83, 3180.00, 20,NGVD29,10140201
USGS,430725101463601, 36N38W 3CAD,GW,43.1236099,-101.7770924,F,NAD83, 3180, 15,NGVD29,10140203
USGS,430726101441901, 36N38W 1CA,GW,43.12388815,-101.7390366,T,NAD83, 3248, 30,NGVD29,10140203
USGS,430726102391201, 37N45W 6,GW,43.20970617,-102.6907307,M,NAD83, 3340,100,NGVD29,10140201
USGS,430726102391202, 36N45W 6DAA R,GW,43.12387269,-102.6537817,F,NAD83, 3060., 20,NGVD29,10140201
USGS,430727101433601, 36N38W 6CDCC,GW,43.1191661,-101.7218143,S,NAD83, 3185, 20,NGVD29,10140203
USGS,430727101443301, 36N38W 1BCD,GW,43.1241659,-101.7429254,T,NAD83, 3209, 20,NGVD29,10140203
USGS,430727102381702, 36N45W 5DBAD,GW,43.1241507,-102.6385033,F,NAD83, 3060, 20,NGVD29,10140201
USGS,430728101444201, 36N38W 1BC,GW,43.12444366,-101.7454254,T,NAD83, 3198, 20,NGVD29,10140203
USGS,430728102384501, 36N45W 5ABDC,GW,43.12692837,-102.6473927,S,NAD83, 3110, 20,NGVD29,10140201
USGS,430730101302701, 36N36W 1BAC,GW,43.1266672,-101.5093155,S,NAD83, 3010, 10,NGVD29,10140203
USGS,430730102282801, 36N44W 2BC,GW,43.12498684,-102.474885,T,NAD83, 3380.00,140,NGVD29,10140201
USGS,430730102292201, 36N44W 3BD,GW,43.1249866,-102.487941,T,NAD83, 3400.00, 80,NGVD29,10140201
USGS,430732101304201, 36N36W 1A2,GW,43.12555617,-101.5090377,S,NAD83, 3008, 15,NGVD29,10140203
USGS,430732102375601, 36N45W 4BCCB,GW,43.1255397,-102.6326697,F,NAD83, 3185, 30,NGVD29,10140201
USGS,430737102394501, 36N45W 6BADD,GW,43.1269281,-102.6629489,F,NAD83, 3080, 15,NGVD29,10140201
USGS,430738102055901, 36N41W 1BBCB,GW,43.1272158,-102.1004302,F,NAD83, 3418.00, 15,NGVD29,10140203
USGS,430738102060001, 36N41W 1BBCA,GW,43.1272158,-102.1004302,S,NAD83, 3420, 15,NGVD29,10140103
USGS,430742102053501, 36N41W 1BABD,GW,43.12804926,-102.094319,F,NAD83, 3400.00, 15,NGVD29,10140203
USGS,430742102394301, 36N45W 6DAAC R,GW,43.1241504,-102.6565597,F,NAD83, 3070, 20,NGVD29,10140201
USGS,430742103131501, 11S 8E 6BA,GW,43.1283085,-103.2213079,F,NAD83, 3399, 10,NGVD29,10120106
USGS,430744101593201,36N40W02ABA (BT-78B),GW,43.129167,-101.988056,S,NAD83,3290.0,8.0,NGVD29,101402030201
USGS,430748102051501, 37N40W32CCCB,GW-TH,43.1299938,-102.08793,F,NAD83, 3400, 20,NGVD29,10140203
USGS,430748102051502, 37N40W32CCCB2,GW,43.13027155,-102.089319,S,NAD83, 3400, 20,NGVD29,10140203
USGS,430748102051503, 37N40W32CCCB3,GW,43.13027155,-102.089319,S,NAD83, 3399, 20,NGVD29,10140203
USGS,430748102154801,36N42W04ABA (SN-80A),GW,43.129444,-102.264444,S,NAD83,3447.0,20.0,NGVD29,101402011605
USGS,430748103242501, 10S 6E33DDDB,GW,43.12997296,-103.4074208,F,NAD83, 3658, 10,NGVD29,10120106
USGS,430750101594301, 37N40W36DDBC,GW,43.13055117,-101.9957064,T,NAD83, 3264, 25,NGVD29,10140203
USGS,430750102385401, 37N45W33DCDC,GW,43.13053949,-102.6487817,T,NAD83, 3110, 50,NGVD29,10140201
USGS,430751102120801, 37N41W32CDDA,GW,43.1305471,-102.199043,S,NAD83, 3405, 15,NGVD29,10140201
USGS,430751102214401, 37N43W36CDD,GW,43.130822,-102.362659,T,NAD83, 3240, 20,NGVD29,10140201
USGS,430752101555501, 39N30W33DD,GW,43.1311076,-101.9323722,T,NAD83, 3270, 15,NGVD29,10140203
USGS,430752101560701, 37N39W33DDB,GW,43.13110756,-101.9357056,T,NAD83, 3274, 20,NGVD29,10140203
USGS,430752101580001, 37N39W32CCA,GW,43.1311071,-101.9670949,T,NAD83, 3297, 25,NGVD29,10140203
USGS,430752102094901, 37N41W34CCD,GW,43.1324922,-102.165987,S,NAD83, 3428, 20,NGVD29,10140203
USGS,430752102282301, 37N44W36DCCB,GW,43.13109797,-102.4734963,T,NAD83, 3350.00, 20,NGVD29,10140201
USGS,430754101303401, 37N35W31C,GW,43.13166708,-101.5098711,M,NAD83, 3018, 15,NGVD29,10140203
USGS,430755102061001, 36N41W 1BBBD,GW,43.12804916,-102.0990414,S,NAD83, 3420.00, 15,NGVD29,10140203
USGS,430755102250201, 37N43W33CD,GW,43.1319322,-102.417661,T,NAD83, 3260.00,120,NGVD29,10140201
USGS,430755102385401, 37N45W33DC,GW,43.13192838,-102.6487818,T,NAD83, 3120,120,NGVD29,10140201
USGS,430756101460001, 37N38W36C2,GW,43.132221,-101.7670924,M,NAD83, 3215, 45,NGVD29,10140203
USGS,430758102225801, 37N43W35CCBA,GW,43.1327661,-102.3832154,F,NAD83, 3340, 50,NGVD29,10140201
USGS,430759101460001, 37N38W36CCA,GW,43.13305435,-101.7670924,T,NAD83, 3202, 25,NGVD29,10140203
USGS,430800101593601, 37N40W36DBC,GW,43.1333289,-101.9954286,S,NAD83, 3314.00, 20,NGVD29,10140203
USGS,430801102403001, 37N45W32CACC,GW,43.1335946,-102.6754497,F,NAD83, 3100.00, 20,NGVD29,10140201
USGS,430801102484401, 37N46W31C,GW,43.1335927,-102.8126796,T,NAD83, 2980.00, 80,NGVD29,10140201
USGS,430801102484402, 37N46W31C2,GW,43.1335927,-102.8126796,M,NAD83, 2980.00, 80,NGVD29,10140201
USGS,430802101564301, 37N39W33CBD,GW,43.13388515,-101.9457058,S,NAD83, 3290, 10,NGVD29,10140203
USGS,430804102072201, 37N41W36CA,GW,43.1363819,-102.1212641,T,NAD83, 3444, 15,NGVD29,10140203
USGS,430805102280801, 37N44W36D,GW,43.13332026,-102.4693296,T,NAD83, 3330.00,220,NGVD29,10140201
USGS,430805102325101, 37N44W32D,GW,43.13470785,-102.547944,M,NAD83, 3550.00,400,NGVD29,10140201
USGS,430806102402801, 37N45W32ABCB,GW,43.14248367,-102.670172,S,NAD83, 3030.00, 20,NGVD29,10140201
USGS,430807102404001, 37N45W32DDAD,GW,43.1408168,-102.6810057,S,NAD83, 3150, 20,NGVD29,10140201
USGS,430808102242701, 37N43W33DA,GW,43.13554348,-102.4079386,T,NAD83, 3300.00,100,NGVD29,10140201
USGS,430809102401001, 37N45W32DBCB,GW,43.13581695,-102.669894,T,NAD83, 3045.00, 20,NGVD29,10140201
USGS,430809102402801, 37N45W32CABC,GW,43.13665018,-102.6768388,F,NAD83, 3090.00, 20,NGVD29,10140201
USGS,430810103020001, 10S 9E35CA,GW,43.13609,-103.0338042,F,NAD83, 3175,50,NGVD29,10140201
USGS,430811101574401, 37N39W32CAA,GW,43.13527379,-101.9612616,F,NAD83, 3293.00, 10,NGVD29,10140203
USGS,430811102102701, 37N45W322,GW,43.13637249,-102.6712829,M,NAD83, 3030, 60,NGVD29,10140201
USGS,430811102214201, 37N43W36CBAA,GW,43.13637756,-102.3621036,T,NAD83, 3218.00, 20,NGVD29,10140201
USGS,430811102214401, 37N43W36CBAA2,GW,43.13637755,-102.3626592,F,NAD83, 3218, 20,NGVD29,10140201
USGS,430813102153301, 37N42W35,GW,43.1369348,-102.2576555,M,NAD83, 3465.00,100,NGVD29,10140201
USGS,430814102202101, 37N42W31BDCD,GW,43.13721125,-102.3396029,T,NAD83, 3300, 40,NGVD29,10140201
USGS,430814102234101, 37N43W34,GW,43.12609936,-102.3901599,T,NAD83, 3460,140,NGVD29,10140201
USGS,430814102245301, 37N43W33,GW,43.13721,-102.4151611,T,NAD83, 3210.00,180,NGVD29,10140201
USGS,430814102402401, 37N45W32CA,GW,43.1352613,-102.673783,T,NAD83, 3080.00, 40,NGVD29,10140201
USGS,430815101335801, 37N36W34BC,GW,43.1374999,-101.5665376,S,NAD83, 3066, 20,NGVD29,10140203
USGS,430815102405201, 37N45W31ADAA,GW,43.140539,-102.6807279,S,NAD83, 3075, 20,NGVD29,10140201
USGS,430816102062801, 37N40W31BCCB,GW,43.13777105,-102.108764,S,NAD83, 3418, 20,NGVD29,10140203
USGS,430816102420801, 37N46W25DD2,GW,43.13776087,-102.7026733,T,NAD83, 3100, 50,NGVD29,10140201
USGS,430820102014401, 37N40W35BCBC,GW,43.13832818,-102.0287626,S,NAD83, 3350, 10,NGVD29,10140203
USGS,430820102402101, 37N45W32CCDD,GW,43.1388724,-102.6760055,S,NAD83, 3085.00, 20,NGVD29,10140201
USGS,430820103101001, 10S 8E34BD,GW,43.1388652,-103.1699181,F,NAD83, 3281,50,NGVD29,10140201
USGS,430821102211201, 37N43W36AC,GW,43.13915545,-102.35377,T,NAD83, 3260.00,100,NGVD29,10140201
USGS,430821102212601, 37N43W36BDD,GW,43.13915539,-102.3576591,T,NAD83, 3220.00, 40,NGVD29,10140201
USGS,430821102214801, 37N43W36BC,GW,43.13915529,-102.3637705,T,NAD83, 3245.00, 40,NGVD29,10140201
USGS,430821102242701, 37N43W33AD,GW,43.13915458,-102.4079387,T,NAD83, 3270.00,120,NGVD29,10140201
USGS,430823102395601, 37N45W32CACB2,GW,43.1372058,-102.671283,M,NAD83, 3030., 60,NGVD29,10140201
USGS,430824101472701, 37N38W34AADC,GW,43.1399983,-101.7912595,T,NAD83, 3231, 25,NGVD29,10140203
USGS,430824102091401, 37N41W34DBC,GW,43.13360349,-102.1562647,F,NAD83, 3424, 20,NGVD29,10140203
USGS,430824102213301, 37N43W36BDBA,GW,43.13998869,-102.3596037,F,NAD83, 3220, 20,NGVD29,10140201
USGS,430827102395601, 37N45W32ABAD,GW,43.14303927,-102.667394,S,NAD83, 3080, 20,NGVD29,10140201
USGS,430827102410601, 37N45W31A,GW,43.1408167,-102.6854504,T,NAD83, 3062, 60,NGVD29,10140201
USGS,430828102212201, 37N43W36BADD,GW,43.14109984,-102.356548,T,NAD83, 3205, 20,NGVD29,10140201
USGS,430829101511001, 37N38W31AA,GW,43.1422196,-101.8526492,S,NAD83, 3280, 15,NGVD29,10140203
USGS,430830102100301, 37N41W33AAD,GW,43.1416587,-102.168765,S,NAD83, 3460, 15,NGVD29,10140203
USGS,430831102113501, 36N41W32A,GW,43.05777089,-102.1659851,M,NAD83, 3451, 15,NGVD29,10140203
USGS,430831103031401, 10S 9E33AABC,GW,43.141923,-103.0543604,F,NAD83, 3149, 10,NGVD29,10140201
USGS,430832101364701,37N36W31AAA (BT-77F),GW,43.142778,-101.613333,S,NAD83,3189.0,15.0,NGVD29,101402030207
USGS,430832101465901, 37N38W35BABD,GW,43.14222059,-101.7848706,S,NAD83, 3240, 10,NGVD29,10140203
USGS,430833101375501, 37N36W31BBBB2,GW,43.14249955,-101.6129264,S,NAD83, 3188, 30,NGVD29,10140203
USGS,430833102152401, 37N42W35AB,GW,43.14249035,-102.2551556,T,NAD83, 3460.00, 80,NGVD29,10140201
USGS,430833102200501, 37N42W31AB,GW,43.14248907,-102.3351584,T,NAD83, 3265.00, 60,NGVD29,10140201
USGS,430834101311001, 37N36W36ABB,GW,43.14194448,-101.5209823,S,NAD83, 3017, 15,NGVD29,10140203
USGS,430834101311201, 37N36W36CDCC,GW,43.12916705,-101.5279266,F,NAD83, 3018.00, 15,NGVD29,10140203
USGS,430834102405601, 37N45W31AADBR,GW,43.1422057,-102.6815614,S,NAD83, 3050, 20,NGVD29,10140201
USGS,430835101554601,37N39W34BBB (BT-77C),GW,43.143333,-101.93,S,NAD83,3284.0,15.0,NGVD29,101402030201
USGS,430837102330601, 37N44W32ABBB,GW,43.1435967,-102.552111,T,NAD83, 3560, 50,NGVD29,10140201
USGS,430837102475601, 37N46W31AAA,GW,43.1435929,-102.7993456,T,NAD83, 2940.00, 20,NGVD29,10140201
USGS,430837102482201, 37N46W31ABB,GW,43.14359286,-102.8065684,T,NAD83, 2985.00, 40,NGVD29,10140201
USGS,430837102485801, 37N46W31BBB,GW,43.14359275,-102.816569,T,NAD83, 2980.00, 20,NGVD29,10140201
USGS,430841101573701, 37N39W29CDB,GW,43.14499579,-101.9640396,S,NAD83, 3323, 15,NGVD29,10140203
USGS,430842102123401, 37N41W30DD,GW,43.14499119,-102.209877,T,NAD83, 3369.00, 45,NGVD29,10140201
USGS,430844101543301, 37N39W26CC,GW,43.1455521,-101.9095944,S,NAD83, 3247, 25,NGVD29,10140203
USGS,430844101565001, 37N39W28CACC,GW,43.1472182,-101.9454283,S,NAD83, 3303, 20,NGVD29,10140203
USGS,430845101374801, 37N36W30CCAB,GW,43.14583329,-101.5126491,T,NAD83, 3117.00, 30,NGVD29,10140203
USGS,430846101373901, 37N36W30C,GW,43.14611049,-101.6279264,T,NAD83, 3116, 60,NGVD29,10140203
USGS,430846101460001, 37N38W36C,GW,43.1324988,-101.7670924,F,NAD83, 3175.00, 50,NGVD29,10140203
USGS,430846101572001, 37N39W29DCA,GW,43.14610699,-101.9559839,T,NAD83, 3323, 20,NGVD29,10140203
USGS,430846102170801, 37N42W27CCC,GW,43.1461009,-102.2859901,T,NAD83, 3538, 20,NGVD29,10140201
USGS,430846102411001, 37N45W30DCD,GW,43.14609455,-102.6865617,T,NAD83, 3020.00, 20,NGVD29,10140201
USGS,430846102411002, 37N45W30DCD2,GW,43.14609455,-102.6865617,F,NAD83, 3020.00, 20,NGVD29,10140201
USGS,430846102481701, 37N46W30DCDB,GW,43.1460929,-102.8051795,F,NAD83, 2953, 10,NGVD29,10140201
USGS,430847101452001, 37N38W25DDB,GW,43.14638759,-101.7559814,T,NAD83, 3244, 25,NGVD29,10140203
USGS,430847102211701, 37N43W25DCC,GW,43.1449887,-102.3551592,T,NAD83, 3221.00, 40,NGVD29,10140201
USGS,430847102405801, 37N45W30DD,GW,43.14637238,-102.6832282,T,NAD83, 3011.00, 20,NGVD29,10140201
USGS,430847102420701, 37N46W25DDAD,GW,43.14664988,-102.7010068,F,NAD83, 3080.00, 20,NGVD29,10140201
USGS,430848102041901, 36N40W 7DAD,GW,43.10777247,-102.061818,S,NAD83, 3336, 15,NGVD29,10140203
USGS,430848102404101, 37N45W29CCCB,GW,43.14609465,-102.6798948,S,NAD83, 3020.00, 20,NGVD29,10140201
USGS,430848102410701, 37N45W30DCDA,GW,43.1466501,-102.6857284,T,NAD83, 3020.00, 20,NGVD29,10140201
USGS,430848102420901, 37N46W25DDCA,GW,43.14664984,-102.7029514,T,NAD83, 3010.00, 20,NGVD29,10140201
USGS,430848103130001, 10S 8E30DC,GW,43.14664225,-103.2171414,F,NAD83, 3380, 10,NGVD29,10120106
USGS,430849102221201, 37N43W26DDBB,GW,43.1469329,-102.3704376,F,NAD83, 3200, 40,NGVD29,10140201
USGS,430849103155401, 10S 7E26DBCD,GW,43.14691926,-103.2654755,F,NAD83, 3543, 10,NGVD29,10120106
USGS,430850103280001, 10S 5E25DD,GW,43.1471949,-103.4671432,F,NAD83, 3762,50,NGVD29,10120108
USGS,430851102220701, 37N43W26DDBA,GW,43.1474885,-102.3690487,T,NAD83, 3200, 20,NGVD29,10140201
USGS,430852102213801, 37N43W25C2,GW,43.1477664,-102.3609928,T,NAD83, 3200, 60,NGVD29,10140201
USGS,430853101303401, 37N35W30CBDA,GW,43.14805546,-101.5098714,S,NAD83, 3002, 15,NGVD29,10140203
USGS,430853102212301, 37N43W25CADA2,GW,43.14804425,-102.356826,T,NAD83, 3200, 40,NGVD29,10140201
USGS,430853102212401, 37N43W25CADA,GW,43.14804425,-102.3571038,T,NAD83, 3200, 40,NGVD29,10140201
USGS,430855103072001, 10S 8E25CAD,GW,43.1485884,-103.1226952,F,NAD83, 3332,50,NGVD29,10140201
USGS,430856102480501, 37N46W30DACD,GW,43.1488707,-102.801846,F,NAD83, 2940, 10,NGVD29,10140201
USGS,430857102302101, 37N44W27DACA,GW,43.149153,-102.5062759,S,NAD83, 3400.00, 20,NGVD29,10140201
USGS,430857103070801, 10S 8E25CAD2,GW,43.14914406,-103.1193618,F,NAD83, 3320,10,NGVD29,10140201
USGS,430858102405201, 37N45W30DADA,GW,43.14942799,-102.6815616,T,NAD83, 3050, 50,NGVD29,10140201
USGS,430859101542401, 37N39W26CBAA,GW,43.1497187,-101.9070945,T,NAD83, 3313, 20,NGVD29,10140203
USGS,430859102405601, 37N45W30DA,GW,43.14970575,-102.6826728,T,NAD83, 3060.00, 80,NGVD29,10140201
USGS,430900101300001, 37N35W30ACBB,GW,43.15361086,-101.5040381,F,NAD83, 3005.00, 15,NGVD29,10140203
USGS,430900101342901, 37N36W28DA,GW,43.1483329,-101.5751489,S,NAD83, 3106.00, 30,NGVD29,10140203
USGS,430900102054501, 37N40W30,GW,43.14999328,-102.0990419,M,NAD83, 3445.00, 50,NGVD29,10140203
USGS,430900103041001, 10S 9E28CA,GW,43.1499783,-103.0699164,F,NAD83, 3213, 10,NGVD29,10140201
USGS,430900103123901, 10S 8E30ADDC,GW,43.1499757,-103.211308,F,NAD83, 3382, 10,NGVD29,10120106
USGS,430901102223501, 37N43W36BBC,GW,43.14276636,-102.365715,S,NAD83, 3260, 25,NGVD29,10140201
USGS,430903101380001, 37N37W25ADD,GW,43.15083257,-101.6337597,T,NAD83, 3117, 30,NGVD29,10140203
USGS,430903103201301, 10S 7E30BDBB,GW,43.15080746,-103.3374203,F,NAD83, 3366, 10,NGVD29,10120106
USGS,430904102222701, 37N43W26ACCC,GW,43.1519328,-102.3759935,S,NAD83, 3190, 20,NGVD29,10140201
USGS,430905102201301, 37N42W30,GW,43.15137787,-102.337381,M,NAD83, 3260.00,200,NGVD29,10140201
USGS,430905102212101, 37N43W25,GW,43.15137758,-102.3562705,M,NAD83, 3240,100,NGVD29,10140201
USGS,430905102271301, 37N43W30,GW,43.151376,-102.4540518,M,NAD83, 3400,100,NGVD29,10140201
USGS,430906101373001, 37N36W30BD,GW,43.1516659,-101.6254265,S,NAD83, 3198, 10,NGVD29,10140203
USGS,430907101300401, 37N35W30AC,GW,43.15194425,-101.5040381,S,NAD83, 3002, 15,NGVD29,10140203
USGS,430907101561701, 37N39W28ACC,GW,43.15194046,-101.9384838,T,NAD83, 3307, 25,NGVD29,10140203
USGS,430907103004601, 10S 9E26ADBA,GW,43.15192377,-103.0132487,F,NAD83, 3097, 10,NGVD29,10140201
USGS,430908102214001, 37N43W25C,GW,43.1522108,-102.3615485,T,NAD83, 3190, 50,NGVD29,10140201
USGS,430908102223901, 37N43W26,GW,43.15221057,-102.377938,M,NAD83, 3200,100,NGVD29,10140201
USGS,430910101340301, 37N36W27BDB,GW,43.15277727,-101.5679267,T,NAD83, 3100, 40,NGVD29,10140203
USGS,430910101354901, 37N36W29ADB,GW,43.1527771,-101.597371,T,NAD83, 3178, 20,NGVD29,10140203
USGS,430910102143001, 37N42W25BCC,GW,43.15276818,-102.2468223,F,NAD83, 3350.00, 15,NGVD29,10140201
USGS,430910102223401, 37N43W26BDDA,GW,43.15359948,-102.3757157,F,NAD83, 3280, 15,NGVD29,10140201
USGS,430911102211501, 37N43W25ACCA,GW,43.15304426,-102.3546039,T,NAD83, 3270, 40,NGVD29,10140201
USGS,430912102203801, 37N42W30BCCA,GW,43.1533222,-102.3443257,T,NAD83, 3330, 40,NGVD29,10140201
USGS,430913102220501, 37N43W26AD,GW,43.1535996,-102.3684933,T,NAD83, 3190.00, 80,NGVD29,10140201
USGS,430913102364301, 37N45W26BD,GW,43.15359574,-102.6146143,F,NAD83, 3360.00,140,NGVD29,10140201
USGS,430913102585901, 37N48W27AC,GW,43.15359086,-102.9835252,T,NAD83, 3080.00, 60,NGVD29,10140201
USGS,430915101484501, 37N39W34CCCC2,GW,43.12888545,-101.9309833,T,NAD83, 3257, 10,NGVD29,10140203
USGS,430915102421701, 37N46W25ACD,GW,43.15248319,-102.7060073,S,NAD83, 3021, 10,NGVD29,10140201
USGS,430917101425801, 37N37W29A,GW,43.154721,-101.7165372,M,NAD83, 3250, 35,NGVD29,10140203
USGS,430917101474301, 37N38W27AAC,GW,43.1547202,-101.7957043,T,NAD83, 3264, 25,NGVD29,10140203
USGS,430918101364401, 37N36W29BBCB,GW,43.1549992,-101.6126488,S,NAD83, 3191, 10,NGVD29,10140203
USGS,430918102135201, 37N42W25A2,GW,43.15499068,-102.2315443,T,NAD83, 3428, 60,NGVD29,10140201
USGS,430918102213801, 37N43W25B,GW,43.1549886,-102.360993,T,NAD83, 3260, 50,NGVD29,10140201
USGS,430918102230701, 40N41W34D,GW,43.38527097,-102.1554344,T,NAD83, 2960, 50,NGVD29,10140201
USGS,430919102135501, 37N42W25A,GW,43.1552684,-102.2323777,T,NAD83, 3450, 60,NGVD29,10140201
USGS,430919103074901, 10S 7E28AB,GW,43.155255,-103.130751,T,NAD83, 3434,10,NGVD29,10140201
USGS,430920103232001, 10S 6E27AA,GW,43.1555292,-103.3893649,F,NAD83, 3586, 10,NGVD29,10120106
USGS,430921102224401, 37N43W26BACD,GW,43.1558216,-102.3798826,S,NAD83, 3185, 20,NGVD29,10140201
USGS,430922101440601, 37N37W30AACB,GW,43.15610977,-101.735426,S,NAD83, 3241, 10,NGVD29,10140203
USGS,430923101484301,37N38W28AAAA (BT-78C),GW,43.157778,-101.811667,S,NAD83,3263.0,8.0,NGVD29,101402030203
USGS,430925101435101, 37N37W29BBB,GW,43.1569431,-101.7312594,T,NAD83, 3254, 20,NGVD29,10140203
USGS,430925101593101, 37N40W24DDD,GW,43.1591618,-101.9912624,S,NAD83, 3346, 15,NGVD29,10140203
USGS,430925102144901, 37N42W25BB,GW,43.1569348,-102.2457113,T,NAD83, 3346.00, 60,NGVD29,10140201
USGS,430925103172501, 10S 7E28AA,GW,43.15691918,-103.2907534,F,NAD83, 3305,50,NGVD29,10120106
USGS,430925103230001, 10S 6E26AB,GW,43.1569182,-103.3838094,F,NAD83, 3537, 10,NGVD29,10120106
USGS,430926102585901, 37N48W27AB,GW,43.15720197,-102.9835253,T,NAD83, 3071.00, 20,NGVD29,10140201
USGS,430926102593501, 37N48W27BB,GW,43.15720185,-102.993526,T,NAD83, 3074.00, 40,NGVD29,10140201
USGS,430928101532401,37N39W26AAAA (BT-77D),GW,43.157778,-101.890556,S,NAD83,3287.0,10.0,NGVD29,101402030202
USGS,430928102225102, 37N43W26CADD R,GW,43.1485995,-102.3757156,F,NAD83, 3240, 20,NGVD29,10140201
USGS,430929102225301, 37N43W26CDAA R,GW,43.14804395,-102.3757156,F,NAD83, 3240, 20,NGVD29,10140201
USGS,430930102205301, 37N43W25AAAB,GW,43.1583221,-102.3484927,T,NAD83, 3380, 40,NGVD29,10140201
USGS,430931102144601, 37N42W25BBB,GW,43.15860147,-102.2465447,T,NAD83, 3330, 30,NGVD29,10140201
USGS,430932102415301, 37N45W30BBBA,GW,43.15887226,-102.6979515,S,NAD83, 3020, 20,NGVD29,10140201
USGS,430935101340501, 37N36W22DBAD,GW,43.15749939,-101.5593157,S,NAD83, 3068.00, 20,NGVD29,10140203
USGS,430935101552301, 37N39W22CD,GW,43.1597183,-101.9234838,T,NAD83, 3280, 15,NGVD29,10140203
USGS,430935103235501, 10S 6E22CD,GW,43.15969587,-103.3990872,F,NAD83, 3589.2,50,NGVD29,10120106
USGS,430937102240801, 37N43W22DBAB,GW,43.16887686,-102.3979392,S,NAD83, 3130, 20,NGVD29,10140201
USGS,430938101494101, 37N38W21CCA,GW,43.16055297,-101.8284826,T,NAD83, 3247, 25,NGVD29,10140203
USGS,430938101523101, 37N39W24DDB,GW,43.1605523,-101.8757054,T,NAD83, 3297, 15,NGVD29,10140203
USGS,430938102283401, 37N44W24CDDD,GW,43.1660979,-102.475164,F,NAD83, 3200, 20,NGVD29,10140201
USGS,430939102403901, 37N45W20CC,GW,43.160817,-102.6779507,T,NAD83, 3090.00,100,NGVD29,10140201
USGS,430940101493001, 37N38W21BDC,GW,43.16583068,-101.8259827,S,NAD83, 3263.00, 10,NGVD29,10140203
USGS,430940102204701, 37N43W24DDAD,GW,43.1610999,-102.346826,T,NAD83, 3355, 40,NGVD29,10140201
USGS,430940102425801, 37N46W24BC1,GW,43.16720539,-102.7171194,T,NAD83, 3020.00, 20,NGVD29,10140201
USGS,430940102425802, 37N46W24BC2,GW,43.16720539,-102.7171194,T,NAD83, 3020.00, 20,NGVD29,10140201
USGS,430940102425803, 37N46W24BCDC,GW,43.16720539,-102.7171194,S,NAD83, 3020, 20,NGVD29,10140201
USGS,430940103211001, 10S 6E24DCCA,GW,43.16108527,-103.3532537,F,NAD83, 3568.70, 10,NGVD29,10120106
USGS,430941101433601, 37N37W20CBCD,GW,43.1611097,-101.726815,S,NAD83, 3280.00, 20,NGVD29,10140203
USGS,430941102192501, 37N42W20CB,GW,43.161378,-102.3240475,T,NAD83, 3470, 20,NGVD29,10140201
USGS,430942102404501, 37N45W19,GW,43.16609466,-102.6907292,M,NAD83, 3080,160,NGVD29,10140201
USGS,430943101442101, 37N37W19DBC,GW,43.161943,-101.7345928,S,NAD83, 3280, 30,NGVD29,10140203
USGS,430943101551401, 37N39W22DBCC,GW,43.1622183,-101.920706,S,NAD83, 3287, 20,NGVD29,10140203
USGS,430945102440301, 37N46W23C,GW,43.16248285,-102.73462,M,NAD83, 3100, 20,NGVD29,10140201
USGS,430946102012401, 37N40W23CAC,GW,43.16277228,-102.023763,T,NAD83, 3362, 25,NGVD29,10140203
USGS,430948101571601, 37N39W20DABC,GW,43.1633289,-101.9548731,T,NAD83, 3343, 15,NGVD29,10140203
USGS,430950101442501, 37N37W19DA,GW,43.16249854,-101.734315,S,NAD83, 3290.00, 20,NGVD29,10140203
USGS,430952102231601, 37N43W22DA,GW,43.16443258,-102.3882165,T,NAD83, 3150.00,120,NGVD29,10140201
USGS,430952102585901, 37N48W22DB,GW,43.16442419,-102.9835255,T,NAD83, 3060.00, 40,NGVD29,10140201
USGS,430954101540501, 37N39W23,GW,43.16499629,-101.9018169,M,NAD83, 3362, 75,NGVD29,10140203
USGS,430954101551201, 36N39W 9BAC,GW,43.11666365,-101.9176496,F,NAD83, 3316.00, 50,NGVD29,10140203
USGS,430954102421801, 37N46W24DBAD,GW,43.1649833,-102.705452,S,NAD83, 2998.00, 20,NGVD29,10140201
USGS,430955102201301, 37N42W19CABA,GW,43.16498888,-102.339048,S,NAD83, 3490, 20,NGVD29,10140201
USGS,430955102324201, 37N44W20DA,GW,43.1652635,-102.5454448,T,NAD83, 3540.00,140,NGVD29,10140201
USGS,430956102234301, 37N43W22ACBB,GW,43.1688769,-102.3954391,S,NAD83, 3135, 40,NGVD29,10140201
USGS,430957102423101, 37N46W24DBBB,GW,43.1658166,-102.7090634,T,NAD83, 3000.00, 20,NGVD29,10140201
USGS,431000103140501, 10S 7E13,GW,43.16664226,-103.2351976,M,NAD83, 3400,50,NGVD29,10120106
USGS,431001102412301, 37N45W19ACCC,GW,43.166928,-102.6901737,F,NAD83, 3060, 20,NGVD29,10140201
USGS,431001102414901, 37N45W19BCCD,GW,43.1663723,-102.6987852,F,NAD83, 3050, 20,NGVD29,10140201
USGS,431001102440401, 37N46W23BCDD,GW,43.1669273,-102.7348979,F,NAD83, 3040, 20,NGVD29,10140201
USGS,431001102440402, 37N46W23BCDD2,GW,43.1669273,-102.7348979,F,NAD83, 3040,100,NGVD29,10140201
USGS,431003101395901, 37N37W23B,GW,43.1674987,-101.6668154,T,NAD83, 3200, 20,NGVD29,10140203
USGS,431003102233401, 37N43W22ACCD,GW,43.1663769,-102.3932167,S,NAD83, 3190, 20,NGVD29,10140201
USGS,431003102424501, 37N46W24BDCA,GW,43.1674832,-102.7129525,F,NAD83, 3020, 20,NGVD29,10140201
USGS,431005101553501, 37N39W22BBD,GW,43.1680514,-101.9268173,T,NAD83, 3330, 25,NGVD29,10140203
USGS,431005102225801, 37N43W23BC,GW,43.16804375,-102.3832164,T,NAD83, 3240.00,120,NGVD29,10140201
USGS,431007101435101, 37N37W20BCB,GW,43.16860955,-101.7312596,T,NAD83, 3303, 15,NGVD29,10140203
USGS,431009102012901, 37N40W23B,GW,43.169161,-102.025152,M,NAD83, 3380, 45,NGVD29,10140203
USGS,431009102233001, 37N43W22A,GW,43.1691547,-102.3921057,T,NAD83, 3140,100,NGVD29,10140201
USGS,431010102143401, 37N42W24BBC,GW,43.16943477,-102.2432116,T,NAD83, 3300, 20,NGVD29,10140201
USGS,431012102232701, 37N43W22ABDD,GW,43.16998807,-102.3912723,T,NAD83, 3160, 40,NGVD29,10140201
USGS,431013101434701, 37N37W20BCB2,GW,43.16860955,-101.7301485,S,NAD83, 3303, 30,NGVD29,10140203
USGS,431015102064601, 37N41W24AA,GW,43.17193718,-102.110987,S,NAD83, 3494, 45,NGVD29,10140203
USGS,431015102111501, 37N41W21BAB,GW,43.1724914,-102.1818217,S,NAD83, 3559, 20,NGVD29,10140203
USGS,431015103100201, 10S 8E30,GW,43.1708101,-103.1676964,F,NAD83, 3377,50,NGVD29,10140201
USGS,431017101340901, 37N36W22BBA,GW,43.17138785,-101.5695937,S,NAD83, 3066, 15,NGVD29,10140203
USGS,431017102141401, 37N42W24AB,GW,43.17137934,-102.235156,T,NAD83, 3396.00, 90,NGVD29,10140201
USGS,431017102241601, 37N43W22BBBC,GW,43.17137675,-102.404884,F,NAD83, 3130, 35,NGVD29,10140201
USGS,431018101431601, 37N37W20ABBB,GW,43.17166508,-101.7215375,F,NAD83, 3300, 20,NGVD29,10140203
USGS,431018102222301, 37N43W23AB,GW,43.171655,-102.373494,T,NAD83, 3360.00, 60,NGVD29,10140201
USGS,431018102224101, 37N43W23BA,GW,43.1716549,-102.3784941,T,NAD83, 3230.00,120,NGVD29,10140201
USGS,431018102245001, 37N43W21ABBC,GW,43.17165439,-102.4143288,T,NAD83, 3140, 40,NGVD29,10140201
USGS,431018102245002, 37N43W21ABBC2,GW,43.17165439,-102.4143288,T,NAD83, 3140, 40,NGVD29,10140201
USGS,431018102582301, 37N48W23BB,GW,43.1716465,-102.973525,T,NAD83, 3060.00, 60,NGVD29,10140201
USGS,431018102593501, 37N48W22BB,GW,43.17164629,-102.9935264,T,NAD83, 3079.00, 20,NGVD29,10140201
USGS,431019101484901, 37N38W21AABA,GW,43.17194185,-101.8140382,F,NAD83, 3280, 15,NGVD29,10140203
USGS,431020101420001, 37N37W16DCD,GW,43.1722207,-101.6982042,S,NAD83, 3247.00, 20,NGVD29,10140203
USGS,431020102231001, 37N43W22AAAA,GW,43.17221035,-102.38655,T,NAD83, 3280, 40,NGVD29,10140201
USGS,431022101555001,37N39W16DDDD (BT-80B),GW,43.172778,-101.930833,S,NAD83,3327.0,8.0,NGVD29,101402030201
USGS,431022101570101, 37N39W17DDDD,GW,43.1727732,-101.9509844,S,NAD83, 3335, 10,NGVD29,10140203
USGS,431025101291501, 37N36W24DDD,GW,43.1572218,-101.5151493,S,NAD83, 3011.00, 15,NGVD29,10140203
USGS,431025101425001, 37N37W17DD,GW,43.1736095,-101.7129264,S,NAD83, 3280, 30,NGVD29,10140203
USGS,431025102210701, 37N43W13DCCD,GW,43.1735997,-102.3529377,S,NAD83, 3520, 20,NGVD29,10140201
USGS,431025102251601, 37N43W16CCD  R,GW,43.1735987,-102.4215513,T,NAD83, 3150, 40,NGVD29,10140201
USGS,431026102452501, 37N46W15CCCD,GW,43.1738715,-102.7573994,F,NAD83, 3026, 10,NGVD29,10140201
USGS,431027101432301, 37N37W17CDAC,GW,43.174165,-101.7234819,S,NAD83, 3280, 20,NGVD29,10140203
USGS,431027103135001, 10S 7E13DB,GW,43.17414246,-103.2310309,M,NAD83, 3362,111,NGVD29,10120106
USGS,431028101333001, 37N36W15DCDD,GW,43.17222119,-101.5587604,S,NAD83, 3018, 15,NGVD29,10140203
USGS,431028102250401, 37N43W16,GW,43.18026545,-102.4157179,M,NAD83, 3260,280,NGVD29,10140201
USGS,431029101400902, 37N37W17CBCB,GW,43.1772205,-101.7293153,M,NAD83, 3303, 50,NGVD29,10140203
USGS,431029101441601, 37N37W18DBD,GW,43.17499829,-101.7387597,S,NAD83, 3309, 15,NGVD29,10140203
USGS,431030101432001, 37N37W17DC,GW,43.17499835,-101.7193153,S,NAD83, 3290.00, 20,NGVD29,10140203
USGS,431030101495701, 37N38W17DDAD,GW,43.1736082,-101.832094,S,NAD83, 3283, 20,NGVD29,10140203
USGS,431030102210501, 37N43W13DCAD,GW,43.1749886,-102.3518266,F,NAD83, 3510, 70,NGVD29,10140201
USGS,431030102350501, 37N45W13DD,GW,43.17498518,-102.5851691,T,NAD83, 3400,200,NGVD29,10140201
USGS,431031101431801, 37N37W17CDA,GW,43.1752761,-101.722093,T,NAD83, 3284, 15,NGVD29,10140203
USGS,431031101435201, 37N37W17CCBB,GW,43.17527608,-101.7315375,T,NAD83, 3297, 25,NGVD29,10140203
USGS,431031101442201, 37N37W18DCBA,GW,43.17527605,-101.7398708,T,NAD83, 3287, 25,NGVD29,10140203
USGS,431031101522201, 37N39W13,GW,43.1799963,-101.8807058,M,NAD83, 3369, 50,NGVD29,10140203
USGS,431031102372501, 37N45W15DD,GW,43.17526239,-102.6240598,T,NAD83, 3567.00,100,NGVD29,10140201
USGS,431033102481801, 37N46W18DCAC,GW,43.17581539,-102.8054582,F,NAD83, 2955, 10,NGVD29,10140201
USGS,431034101441101, 37N37W18D,GW,43.17610938,-101.7368153,M,NAD83, 3313, 25,NGVD29,10140203
USGS,431034101441102, 37N37W18D2,GW,43.17610938,-101.7368153,M,NAD83, 3313, 25,NGVD29,10140203
USGS,431036102192301, 37N42W17C,GW,43.1766557,-102.3218256,T,NAD83, 3440.00,300,NGVD29,10140201
USGS,431036102201701, 37N42W18DBBC,GW,43.17859996,-102.3359928,S,NAD83, 3445, 20,NGVD29,10140201
USGS,431036103134201, 10S 7E13DADD,GW,43.1766425,-103.2288087,F,NAD83, 3346,5,NGVD29,10120106
USGS,431037102233101, 36N43W16C,GW,43.0935994,-102.3923812,T,NAD83, 3513, 70,NGVD29,10140201
USGS,431038101433701, 37N37W17CBA,GW,43.16944288,-101.7276485,F,NAD83, 3300.00, 15,NGVD29,10140203
USGS,431040101435401, 37N37W18DADB,GW,43.1769427,-101.7318153,F,NAD83, 3306, 20,NGVD29,10140203
USGS,431041101444601, 37N37W18CBAD,GW,43.17805376,-101.7465375,F,NAD83, 3280, 30,NGVD29,10140203
USGS,431042101563201, 37N39W16CABC,GW,43.17832876,-101.945151,S,NAD83, 3395, 20,NGVD29,10140203
USGS,431043102171001, 37N42W15CB,GW,43.1786007,-102.2848799,T,NAD83, 3460.00, 80,NGVD29,10140201
USGS,431044101431801, 37N37W17CBAA,GW,43.1788871,-101.7276487,S,NAD83, 3293, 15,NGVD29,10140203
USGS,431044101443301, 37N37W18CAAA,GW,43.17888709,-101.7429264,S,NAD83, 3280, 15,NGVD29,10140203
USGS,431044101443302, 37N37W18CAAB,GW,43.17888709,-101.7429264,F,NAD83, 3283, 20,NGVD29,10140203
USGS,431044102363201, 37N45W14DB,GW,43.1788737,-102.609337,T,NAD83, 3560.00,100,NGVD29,10140201
USGS,431044102435301, 37N46W14CA,GW,43.17887196,-102.7318426,T,NAD83, 3005.00, 20,NGVD29,10140201
USGS,431045102044501, 37N40W17,GW,43.17915986,-102.0795977,M,NAD83, 3405.00, 50,NGVD29,10140203
USGS,431047102192801, 37N42W17CBBA,GW,43.1797112,-102.3248814,T,NAD83, 3560, 40,NGVD29,10140201
USGS,431048102111001, 37N41W16BC,GW,43.17999125,-102.1865442,S,NAD83, 3620, 30,NGVD29,10140203
USGS,431048103190001, 11S 7E17,GW,43.1799749,-103.3171425,M,NAD83, 3555,50,NGVD29,10120106
USGS,431050103212001, 10S 6E13,GW,43.18053007,-103.3560314,F,NAD83, 3381,50,NGVD29,10120106
USGS,431051103070301, 10S 8E13,GW,43.180811,-103.1179736,M,NAD83, 3254, 10,NGVD29,10140201
USGS,431052101300201, 37N35W18AC,GW,43.18111,-101.500983,T,NAD83, 2995, 65,NGVD29,10140203
USGS,431052102425001, 37N46W13CBA,GW,43.18026109,-102.7160086,S,NAD83, 3024, 10,NGVD29,10140201
USGS,431053101441801, 37N37W18DBDC,GW,43.17499828,-101.7398708,T,NAD83, 3303, 20,NGVD29,10140203
USGS,431055102291001, 37N44W13CBA,GW,43.1797087,-102.4971097,F,NAD83, 3195, 20,NGVD29,10140201
USGS,431055102472301, 37N46W17BDDC,GW,43.18192675,-102.7901796,T,NAD83, 2960.00, 20,NGVD29,10140201
USGS,431056102193201, 37N42W17BC,GW,43.1822112,-102.3243258,T,NAD83, 3490.00,160,NGVD29,10140201
USGS,431057101440701, 37N37W18AAC,GW,43.18444256,-101.7337599,S,NAD83, 3267, 20,NGVD29,10140203
USGS,431058102284901, 37N44W13BCAA,GW,43.1827645,-102.4807203,T,NAD83, 3175, 50,NGVD29,10140201
USGS,431058102483701, 37N46W18BD,GW,43.1827598,-102.8107366,T,NAD83, 2940, 10,NGVD29,10140201
USGS,431100101440801, 37N37W18A,GW,43.18333147,-101.735982,T,NAD83, 3264.00, 20,NGVD29,10140203
USGS,431100102320701, 37N44W16BD,GW,43.18331926,-102.5357227,T,NAD83, 3420.00,120,NGVD29,10140201
USGS,431100103130001, 37N41W 7BBC,GW,43.19971255,-102.227101,T,NAD83, 3412.00, 30,NGVD29,10140201
USGS,431101101353901, 37N36W17ACA,GW,43.18249856,-101.5984826,T,NAD83, 3067.00, 20,NGVD29,10140203
USGS,431101102580801, 37N48W14BD,GW,43.18359104,-102.9693585,T,NAD83, 3030.00, 60,NGVD29,10140201
USGS,431102101582901, 37N39W18A,GW,43.18388378,-101.9751516,M,NAD83, 3445, 15,NGVD29,10140203
USGS,431102102155101, 37N42W14B,GW,43.18387878,-102.2623792,T,NAD83, 3340.00, 80,NGVD29,10140201
USGS,431102103223001, 10S 6E14BADD,GW,43.18386326,-103.3754759,F,NAD83, 3539, 10,NGVD29,10120106
USGS,431103102213901, 37N43W13B,GW,43.1841551,-102.3612717,T,NAD83, 3460, 75,NGVD29,10140201
USGS,431103102214001, 37N43W13DAD,GW,43.17859979,-102.3476599,S,NAD83, 3500, 20,NGVD29,10140201
USGS,431105102210501, 37N43W13ABDD,GW,43.1847108,-102.3518269,T,NAD83, 3425, 40,NGVD29,10140201
USGS,431108102261501, 37N43W17BAAD,GW,43.18609848,-102.435441,S,NAD83, 3120, 20,NGVD29,10140201
USGS,431113102451701, 37N46W15BBA,GW,43.18692728,-102.7551774,T,NAD83, 2960.00, 20,NGVD29,10140201
USGS,431113102484001, 37N46W18BAB,GW,43.1869265,-102.8115701,T,NAD83, 2930.00, 20,NGVD29,10140201
USGS,431113102485601, 37N46W18AAA,GW,43.18692668,-102.799347,T,NAD83, 2940.00, 20,NGVD29,10140201
USGS,431113103185701, 10S 7E 8CDDD,GW,43.18691949,-103.3163092,F,NAD83, 3418, 10,NGVD29,10120106
USGS,431114102051701, 37N40W 7AAAA,GW-TH,43.1872151,-102.088487,F,NAD83, 3421, 20,NGVD29,10140203
USGS,431114102422901, 37N46W13BBAB,GW,43.1872056,-102.7165644,T,NAD83, 3120, 20,NGVD29,10140201
USGS,431115102085501, 37N41W15AAAD,GW,43.18610296,-102.1493214,S,NAD83, 3576, 30,NGVD29,10140203
USGS,431115103101501, 10S 8E16AA,GW,43.1874769,-103.1713079,F,NAD83, 3350, 10,NGVD29,10140201
USGS,431116102204501, 37N42W 7CCCC,GW,43.1877664,-102.3462712,T,NAD83, 3380, 40,NGVD29,10140201
USGS,431116103065001, 10S 8E17DCAD,GW,43.18775557,-103.1143626,F,NAD83, 3684, 10,NGVD29,10140201
USGS,431116103104801, 10S 8E 9CDDB,GW,43.18775457,-103.1804747,F,NAD83, 3333, 10,NGVD29,10140201
USGS,431117101314101, 37N36W12C,GW,43.18972077,-101.528483,T,NAD83, 3050.00, 50,NGVD29,10140203
USGS,431117101343501, 37N36W 9DDB,GW,43.188054,-101.5768161,T,NAD83, 3083, 30,NGVD29,10140203
USGS,431117102104901, 37N41W 9CD,GW,43.1880468,-102.1807109,T,NAD83, 3600, 20,NGVD29,10140203
USGS,431120102094501, 37N41W10CD,GW,43.18888049,-102.1612662,S,NAD83, 3631, 60,NGVD29,10140201
USGS,431120102133801, 37N41W 7CC,GW,43.18887935,-102.2257118,T,NAD83, 3362, 30,NGVD29,10140201
USGS,431120103115001, 10S 8E 8CDD,GW,43.1888654,-103.1976972,F,NAD83, 3411.90, 10,NGVD29,10140201
USGS,431120103152501, 10S 7E11CDAD,GW,43.18886457,-103.2574203,F,NAD83, 3231, 10,NGVD29,10120106
USGS,431120103203701, 10S 7E 7CC,GW,43.18886369,-103.3440869,F,NAD83, 3543,50,NGVD29,10120106
USGS,431121102192901, 37N42W 8CCBD,GW,43.1891556,-102.3251594,T,NAD83, 3470, 40,NGVD29,10140201
USGS,431122102172801, 37N42W 9DD,GW,43.18943389,-102.2901582,T,NAD83, 3360.00, 80,NGVD29,10140201
USGS,431122102200301, 37N42W 7DC,GW,43.18943326,-102.3346042,T,NAD83, 3410, 75,NGVD29,10140201
USGS,431122102450401, 37N46W10CDDB,GW,43.18942736,-102.7515661,F,NAD83, 2920, 10,NGVD29,10140201
USGS,431122102475601, 37N46W 7DDDA,GW,43.1894267,-102.7993472,F,NAD83, 2930, 10,NGVD29,10140201
USGS,431124102194101, 37N42W 7DDA,GW,43.18998889,-102.3284929,T,NAD83, 3435, 40,NGVD29,10140201
USGS,431124102584101, 37N48W10DD,GW,43.1899798,-102.978526,T,NAD83, 3033.00, 20,NGVD29,10140201
USGS,431126101440901, 37N37W 7DABB,GW,43.1938868,-101.73626,S,NAD83, 3306, 30,NGVD29,10140203
USGS,431126102262301, 37N43W 8CDBB,GW,43.19054285,-102.4401636,F,NAD83, 3080, 70,NGVD29,10140201
USGS,431126102311401, 37N44W10CC,GW,43.188875,-102.521,T,NAD83, 3235.00,160,NGVD29,10140201
USGS,431126102342801, 37N44W 7CD,GW,43.19054095,-102.5748914,T,NAD83, 3250.00,140,NGVD29,10140201
USGS,431127103001801, 10S 9E12CBDA,GW,43.19081277,-103.005472,F,NAD83, 3074, 10,NGVD29,10140201
USGS,431130102263601, 37N43W 8CBC,GW,43.1916539,-102.4437748,T,NAD83, 3100, 50,NGVD29,10140201
USGS,431130102484401, 37N46W 7C,GW,43.19164876,-102.8126815,M,NAD83, 2918.00, 60,NGVD29,10140201
USGS,431131102481401, 37N46W 7DBDD,GW,43.19192666,-102.8043476,F,NAD83, 2917, 10,NGVD29,10140201
USGS,431135103223001, 10S 6E11,GW,43.1930301,-103.3754758,F,NAD83, 3490, 10,NGVD29,10120106
USGS,431138102002801, 37N40W12CBBB,GW,43.19388307,-102.0098745,S,NAD83, 3444, 10,NGVD29,10140203
USGS,431142102212101, 37N43W12,GW,43.19498847,-102.3562718,M,NAD83, 3400.00,180,NGVD29,10140201
USGS,431142102261701, 37N43W 8BDDA,GW,43.19609845,-102.4365525,S,NAD83, 3090, 20,NGVD29,10140201
USGS,431143102480901, 37N46W 7DABB,GW,43.19526,-102.8029587,F,NAD83, 2938, 10,NGVD29,10140201
USGS,431145102315801, 37N44W 9,GW,43.1958193,-102.5332229,T,NAD83, 3420.00,240,NGVD29,10140201
USGS,431148102135601, 37N42W12AD,GW,43.19665698,-102.2298788,T,NAD83, 3379.00, 45,NGVD29,10140201
USGS,431148102150701, 37N42W11AD,GW,43.1966566,-102.2504347,T,NAD83, 3360.00, 20,NGVD29,10140201
USGS,431148102260401, 37N43W 8ACBC,GW,43.196654,-102.4348858,F,NAD83, 3090, 70,NGVD29,10140201
USGS,431148102440601, 37N46W11BCDA,GW,43.19664988,-102.7354545,F,NAD83, 3045, 30,NGVD29,10140201
USGS,431149102355701, 37N45W12BC,GW,43.1969295,-102.5996149,T,NAD83, 3350.00,220,NGVD29,10140201
USGS,431150101351601, 37N36W 4CDC,GW,43.2011092,-101.5873718,S,NAD83, 3067, 15,NGVD29,10140203
USGS,431151101474101, 37N38W10ADBA,GW,43.19749719,-101.7951495,T,NAD83, 3362, 25,NGVD29,10140203
USGS,431151102441301, 37N46W14BBBA,GW,43.18776087,-102.7373987,T,NAD83, 3000.00, 20,NGVD29,10140201
USGS,431151102454501, 37N46W 9ADCB,GW,43.19748285,-102.762956,T,NAD83, 2940.00, 20,NGVD29,10140201
USGS,431152102302101, 37N44W10AD,GW,43.1977641,-102.5062773,T,NAD83, 3240.00,200,NGVD29,10140201
USGS,431157102002601, 37N40W11BB,GW,43.2002715,-102.0282083,S,NAD83, 3428, 50,NGVD29,10140203
USGS,431159102461801, 37N46W 9BAC,GW,43.19970496,-102.7721234,M,NAD83, 2960.00, 20,NGVD29,10140201
USGS,431200101380001, 37N37W 1D,GW,43.20416458,-101.6379272,T,NAD83, 3116.00, 30,NGVD29,10140202
USGS,431200102213101, 37N43W12BA,GW,43.1999884,-102.3590498,T,NAD83, 3340,120,NGVD29,10140201
USGS,431201101422101, 37N37W 9BABC,GW,43.1994423,-101.7070936,S,NAD83, 3248, 20,NGVD29,10140203
USGS,431201102174601, 37N42W 9AB,GW,43.20026708,-102.294603,T,NAD83, 3320.00, 40,NGVD29,10140202
USGS,431202101481301, 37N38W 3DDD,GW,43.2016638,-101.7923718,F,NAD83, 3378.00, 15,NGVD29,10140203
USGS,431203102263801, 37N43W 8BBBB,GW,43.20082054,-102.4448863,S,NAD83, 3080, 20,NGVD29,10140201
USGS,431203102290201, 37N44W 2ADDD,GW,43.20081999,-102.4843321,T,NAD83, 3070, 50,NGVD29,10140201
USGS,431205101511001, 37N38W18DAD,GW,43.17749676,-101.8520943,F,NAD83, 3395.00, 49,NGVD29,10140203
USGS,431205103115001, 10S 8E 8BAA,GW,43.2013656,-103.1976974,F,NAD83, 3420, 10,NGVD29,10140201
USGS,431207101483101, 37N38W 3DDD2,GW,43.20194159,-101.7923718,S,NAD83, 3379, 20,NGVD29,10140203
USGS,431207102300801, 37N44W02CCCD,GW,43.20193085,-102.5026662,F,NAD83, 3130, 20,NGVD29,10140201
USGS,431210102295501, 38N44W36CBCD,GW,43.22026445,-102.4832216,F,NAD83, 3100, 20,NGVD29,10140201
USGS,431211102052701, 37N40W 6DDDB,GW,43.20304818,-102.0912652,S,NAD83, 3415, 20,NGVD29,10140201
USGS,431211102453001, 37N46W 3CCCC,GW,43.2030385,-102.7587893,F,NAD83, 2962, 10,NGVD29,10140201
USGS,431212102052401, 37N40W 6BCCB,GW,43.21027,-102.10821,T,NAD83, 3519, 20,NGVD29,10140203
USGS,431213102450701, 37N46W 3CDCA,GW,43.20359418,-102.7524,F,NAD83, 2990, 10,NGVD29,10140201
USGS,431215101560301, 37N39W 9ACD,GW,43.1961063,-101.9365402,S,NAD83, 3405.00, 25,NGVD29,10140203
USGS,431215102174401, 37N42W 4DCBC,GW,43.2041559,-102.2959921,F,NAD83, 3342, 20,NGVD29,10140201
USGS,431215102285601, 37N44W 1CCBD,GW,43.20415335,-102.4826655,T,NAD83, 3105, 40,NGVD29,10140201
USGS,431216102195401, 37N42W 6DDB,GW,43.2044332,-102.3321045,S,NAD83, 3440.00, 20,NGVD29,10140201
USGS,431217101414601, 37N37W 4DABA,GW,43.2086088,-101.6951493,S,NAD83, 3220, 35,NGVD29,10140203
USGS,431217102170301, 37N42W 3CC,GW,43.2047116,-102.2846028,T,NAD83, 3320, 50,NGVD29,10140201
USGS,431217102420901, 37N46W 1DDBD,GW,43.20470596,-102.7029533,T,NAD83, 3280, 60,NGVD29,10140201
USGS,431218102273601, 37N43W 6C,GW,43.20498699,-102.4604425,T,NAD83, 3150,100,NGVD29,10140201
USGS,431220101440501, 37N37W 6AAD,GW,43.21277535,-101.7326492,F,NAD83, 3247.00, 20,NGVD29,10140203
USGS,431220102263701, 37N43W 5CCBB,GW,43.20554277,-102.444053,T,NAD83, 3045.00, 20,NGVD29,10140201
USGS,431222102484401, 37N46W 6C,GW,43.2060933,-102.812682,T,NAD83, 2901.00, 60,NGVD29,10140201
USGS,431223102270201, 37N43W 6DBDA,GW,43.206376,-102.4509978,S,NAD83, 3080, 20,NGVD29,10140201
USGS,431223102270202, 37N43W 6DBDA2,GW,43.206376,-102.4509978,S,NAD83, 3080, 20,NGVD29,10140201
USGS,431224102473801, 37N46W 5C,GW,43.20664916,-102.7943474,M,NAD83, 2940, 20,NGVD29,10140201
USGS,431225102113301, 37N41W 5DA,GW,43.2069353,-102.1909894,T,NAD83, 3560,105,NGVD29,10140201
USGS,431226101554101, 37N39W 4ADD,GW,43.2088839,-101.930707,S,NAD83, 3425, 30,NGVD29,10140203
USGS,431226102181401, 37N42W 4CB,GW,43.20721135,-102.3043259,T,NAD83, 3240, 20,NGVD29,10140201
USGS,431227102030801, 37N40W 4DA,GW,43.2074932,-102.0526534,M,NAD83, 3460, 30,NGVD29,10140203
USGS,431227102493901, 37N46W 5C2,GW,43.207482,-102.8279608,T,NAD83, 2925, 30,NGVD29,10140201
USGS,431228102271401, 37N43W 6DBB,GW,43.20776485,-102.4543313,T,NAD83, 3080, 20,NGVD29,10140201
USGS,431228102542901, 37N47W 5CADB,GW,43.2077586,-102.9085218,F,NAD83, 2960, 10,NGVD29,10140201
USGS,431230101480401, 37N38W 3,GW,43.2083302,-101.8015387,M,NAD83, 3380, 50,NGVD29,10140203
USGS,431231102460101, 37N46W 4DBBD,GW,43.208594,-102.7674012,F,NAD83, 2970, 10,NGVD29,10140201
USGS,431232101440101, 37N37W 6ADD,GW,43.2088865,-101.734038,F,NAD83, 3281, 10,NGVD29,10140203
USGS,431232101493001, 37N38W 4ACC,GW,43.2088855,-101.82015,T,NAD83, 3345.00, 15,NGVD29,10140203
USGS,431234102195301, 37N42W 6,GW,43.20943318,-102.3318269,M,NAD83, 3400, 80,NGVD29,10140201
USGS,431235101470001, 37N38W 3BBC,GW,43.2019412,-101.8198721,T,NAD83, 3378.00, 50,NGVD29,10140203
USGS,431235101490002, 37N38W 3BCB,GW,43.21083005,-101.8109833,S,NAD83, 3378.00, 50,NGVD29,10140203
USGS,431235102334601, 37N44W 6DAAA,GW,43.2097078,-102.5632248,T,NAD83, 3200.00, 80,NGVD29,10140201
USGS,431235103114601, 10S 8E 5,GW,43.20969909,-103.1965864,M,NAD83, 3412, 10,NGVD29,10140201
USGS,431236101591001, 37N39W 6BBB,GW,43.2155496,-101.9901524,S,NAD83, 3450.00, 20,NGVD29,10140203
USGS,431236102084301, 37N41W 2BCD,GW,43.2099916,-102.1457108,T,NAD83, 3477, 40,NGVD29,10140201
USGS,431236102290701, 37N44W 2ADDB,GW,43.2099866,-102.4857213,F,NAD83, 3078, 15,NGVD29,10140201
USGS,431237102290701, 37N44W 2DDB,GW,43.2102644,-102.4857213,T,NAD83, 3078, 15,NGVD29,10140201
USGS,431238102100301, 37N41W 3BCC,GW,43.20915788,-102.1690446,S,NAD83, 3575, 50,NGVD29,10140201
USGS,431238102270401, 37N43W 6ACAD,GW,43.21054266,-102.4515535,T,NAD83, 3030, 40,NGVD29,10140201
USGS,431239101432901, 37N37W 5BDAB,GW,43.2113865,-101.7234826,S,NAD83, 3231.00, 20,NGVD29,10140203
USGS,431239103060701, 10S 9E 6BDBB,GW,43.21081147,-103.1024185,F,NAD83, 3133, 10,NGVD29,10140201
USGS,431240102263201, 37N43W 5CCDB,GW,43.202765,-102.4429418,F,NAD83, 3040, 40,NGVD29,10140201
USGS,431241102455801, 37N46W 4AC,GW,43.2113718,-102.7665679,T,NAD83, 3020.00, 40,NGVD29,10140201
USGS,431242102290001, 37N44W 2ADAD,GW,43.2116533,-102.4837769,F,NAD83, 3062, 10,NGVD29,10140201
USGS,431242102463401, 37N46W 4BC,GW,43.21164947,-102.7765686,T,NAD83, 2958, 20,NGVD29,10140201
USGS,431243102460301, 37N46W 4ACCB,GW,43.21192738,-102.7679569,T,NAD83, 2979.00, 20,NGVD29,10140201
USGS,431243103230201, 10S 6E 2BBBB,GW,43.21191929,-103.3843646,F,NAD83, 3474, 10,NGVD29,10120106
USGS,431244102161701, 37N42W 3ADBB,GW,43.21221175,-102.2718248,F,NAD83, 3258, 20,NGVD29,10140201
USGS,431244102273501, 37N43W 6B,GW,43.2122092,-102.4601649,T,NAD83, 3130, 70,NGVD29,10140201
USGS,431245102270801, 37N43W 6ABDC,GW,43.21248708,-102.4526647,T,NAD83, 3040, 50,NGVD29,10140201
USGS,431246102161601, 37N42W 3ADBB2,GW,43.2127673,-102.271547,F,NAD83, 3230, 10,NGVD29,10140201
USGS,431246102484701, 37N46W 6BCAA,GW,43.21276004,-102.8135156,T,NAD83, 2903.00, 20,NGVD29,10140201
USGS,431247102211901, 39N41W18ACDB,GW,43.35526927,-102.2146027,S,NAD83, 3060, 15,NGVD29,10140201
USGS,431248102161601, 37N42W 3ADCC,GW,43.20971177,-102.2721025,F,NAD83, 3280, 20,NGVD29,10140201
USGS,431248102284701, 37N44W 1BBDD,GW,43.21332005,-102.4801657,F,NAD83, 3080, 30,NGVD29,10140201
USGS,431248102462301, 37N46W 4B,GW,43.2133162,-102.7735129,T,NAD83, 2970.00, 20,NGVD29,10140201
USGS,431248102480901, 37N46W 6A,GW,43.21331576,-102.8029593,M,NAD83, 2960.00, 40,NGVD29,10140201
USGS,431250102554701, 37N47W 6BAC,GW,43.2138694,-102.9301902,T,NAD83, 2980.00, 20,NGVD29,10140201
USGS,431250103002801, 10S 9E 1BBBB,GW,43.21386827,-103.0082506,F,NAD83, 3034, 10,NGVD29,10140201
USGS,431251102074401, 36N41W 1BBC (2),GW,43.126938,-102.1004302,T,NAD83, 3420, 15,NGVD29,10140201
USGS,431251102162101, 37N42W 3ABDA,GW,43.21415617,-102.272936,F,NAD83, 3230, 20,NGVD29,10140201
USGS,431251102162201, 37N42W 3ABCC2,GW,43.21415616,-102.2732138,F,NAD83, 3235, 20,NGVD29,10140201
USGS,431252102162801, 37N42W 3BADD,GW,43.213045,-102.2773806,F,NAD83, 3255.00, 20,NGVD29,10140201
USGS,431253103031001, 10S 9E 3BA,GW,43.214701,-103.0532512,F,NAD83, 3061, 10,NGVD29,10140201
USGS,431253103195001, 10S 7E 6AA,GW,43.21469765,-103.3310314,F,NAD83, 3395,50,NGVD29,10120106
USGS,431254102160201, 37N42W 3AACA,GW,43.21582285,-102.2709916,S,NAD83, 3225, 20,NGVD29,10140201
USGS,431254102363201, 37N45W 2AB,GW,43.214985,-102.6093382,T,NAD83, 3150.00,120,NGVD29,10140201
USGS,431254102391101, 37N45W 4BA,GW,43.21498448,-102.6535069,T,NAD83, 3550.00,180,NGVD29,10140201
USGS,431254102463201, 37N46W 4BB,GW,43.21498285,-102.7760131,T,NAD83, 2990.00, 20,NGVD29,10140201
USGS,431254102485301, 37N46W 6BB,GW,43.21498226,-102.8151824,T,NAD83, 2900.00, 40,NGVD29,10140201
USGS,431255101320701, 38WN36W35DDDD1,GW,43.2152755,-101.5357056,5,NAD83, 3025, 10,NGVD29,10140203
USGS,431255101591001, 37N39W 6BBBD,GW,43.21554966,-101.9887635,F,NAD83, 3468, 30,NGVD29,10140202
USGS,431255102580501, 37N48W 2BA,GW,43.2152577,-102.9685262,T,NAD83, 3015.00, 20,NGVD29,10140201
USGS,431257102272501, 37N43W 6BAAA,GW,43.2152648,-102.4565538,S,NAD83, 3030, 10,NGVD29,10140201
USGS,431300101555201, 38N39W33DDD,GW,43.21666156,-101.9315405,T,NAD83, 3405, 30,NGVD29,10140202
USGS,431300102024101, 38N40W34CDD,GW,43.2166598,-102.045709,T,NAD83, 3491, 20,NGVD29,10140203
USGS,431300102030401, 38N40W33DDCC,GW,43.21665969,-102.0540425,S,NAD83, 3483, 20,NGVD29,10140203
USGS,431301102040701, 38N40W33CCC,GW,43.21777054,-102.068765,S,NAD83, 3487, 20,NGVD29,10140203
USGS,431302102290001, 38N44W36CC,GW,43.21720888,-102.483777,T,NAD83, 3070, 30,NGVD29,10140201
USGS,431302102544101, 37N47W 5BBBA,GW,43.21720299,-102.9151893,T,NAD83, 2970.00, 20,NGVD29,10140201
USGS,431304102124401, 38N41W31DD,GW,43.2177682,-102.2107123,T,NAD83, 3444, 60,NGVD29,10140201
USGS,431304102200701, 38N42W31DCCA,GW,43.21859975,-102.3348828,5,NAD83, 3400.00, 20,NGVD29,10140201
USGS,431304103091801,009S08E34DCAC,GW,43.21775528,-103.1554749,F,NAD83, 3274, 10,NGVD29,10140201
USGS,431306102165301, 38N42W34CD,GW,43.2183227,-102.2798808,T,NAD83, 3220.00, 20,NGVD29,10140201
USGS,431307101364401, 38N36W32CBAD,GW,43.22166417,-101.6109832,S,NAD83, 3113, 30,NGVD29,10140202
USGS,431310101362501, 38N36W32CACC,GW,43.219442,-101.607372,F,NAD83, 3100, 20,NGVD29,10140202
USGS,431310101364201, 38N36W32CBCD,GW,43.219442,-101.6120942,S,NAD83, 3117, 20,NGVD29,10140202
USGS,431310102275901, 38N44W36DD,GW,43.21776465,-102.4679432,T,NAD83, 3220,220,NGVD29,10140201
USGS,431310102313101, 38N44W33DD,GW,43.2177639,-102.5257233,T,NAD83, 3360,180,NGVD29,10140201
USGS,431310102342801, 38N44W31CD,GW,43.21804105,-102.5748922,T,NAD83, 3200,100,NGVD29,10140201
USGS,431310103050001, 38N40W32DBD,GW,43.2208259,-102.076543,M,NAD83, 3487.00, 10,NGVD29,10140201
USGS,431315101033501, 38N40W33,GW,43.2236039,-102.0601539,M,NAD83, 3500.00, 50,NGVD29,10140201
USGS,431315102300901, 38N44W35CB,GW,43.2208197,-102.5029445,T,NAD83, 3160, 50,NGVD29,10140201
USGS,431316102280801, 38N44W36D,GW,43.2194313,-102.4693321,T,NAD83, 3125,260,NGVD29,10140201
USGS,431316102291301, 38N44W35DA,GW,43.2210977,-102.4873884,T,NAD83, 3160, 50,NGVD29,10140201
USGS,431317101364101, 38N36W32CBCC2,GW,43.2213864,-101.6118165,S,NAD83, 3116, 10,NGVD29,10140202
USGS,431318102340401, 38N44W31D,GW,43.22165226,-102.5682254,M,NAD83, 3300, 50,NGVD29,10140201
USGS,431319101442701, 38N37W31,GW,43.2219418,-101.7412605,M,NAD83, 3214,100,NGVD29,10140202
USGS,431320102261301, 38N43W32CA,GW,43.22220949,-102.4373866,T,NAD83, 3220.00, 80,NGVD29,10140201
USGS,431320102271901, 37N43W 6BBBA,GW,43.2155425,-102.4626651,F,NAD83, 3160, 20,NGVD29,10140201
USGS,431320102402101, 38N45W32CA,GW,43.22220797,-102.5562804,T,NAD83, 3370.00, 80,NGVD29,10140201
USGS,431324101391301, 38N37W35ADDD,GW,43.22333076,-101.6540386,F,NAD83, 3100, 15,NGVD29,10140202
USGS,431324102171901, 38N42W33DAAB,GW,43.22332255,-102.289048,T,NAD83, 3210, 15,NGVD29,10140201
USGS,431326102164401, 38N42W34DCBC,GW,43.2188783,-102.277103,T,NAD83, 3240.00, 40,NGVD29,10140201
USGS,431326102164402, 38N42W342,GW,43.22387826,-102.2771031,T,NAD83, 3310.00,180,NGVD29,10140201
USGS,431326102175501, 38N42W33,GW,43.223878,-102.2959927,M,NAD83, 3340.00,160,NGVD29,10140201
USGS,431327102020401, 38N40W34ADC,GW,43.2219377,-102.0348756,S,NAD83, 3505, 20,NGVD29,10140201
USGS,431327102020402, 38N40W34DBDA,GW,43.22110439,-102.0340422,S,NAD83, 3500, 20,NGVD29,10140201
USGS,431327102234301, 38N43W34,GW,43.22415448,-102.3957185,M,NAD83, 3490.00,180,NGVD29,10140201
USGS,431327102234302, 38N43W342,GW,43.22415448,-102.3957185,M,NAD83, 3490.00,180,NGVD29,10140201
USGS,431330102170201, 38N42W34BCDB,GW,43.22498926,-102.2843256,T,NAD83, 3230, 20,NGVD29,10140201
USGS,431332102170001, 38N42W34C,GW,43.2255448,-102.28377,M,NAD83, 3230, 70,NGVD29,10140201
USGS,431332102191401, 38N42W32BD,GW,43.22554436,-102.3196047,T,NAD83, 3260.00,100,NGVD29,10140201
USGS,431333102281501, 38N44W36ACAC,GW,43.22582016,-102.4712768,F,NAD83, 3025, 10,NGVD29,10140201
USGS,431334102200601, 38N42W31ACBD,GW,43.2260997,-102.3354386,T,NAD83, 3360,100,NGVD29,10140201
USGS,431337102195001, 38N42W31A,GW,43.22693309,-102.330994,T,NAD83, 3340,100,NGVD29,10140201
USGS,431337102491101, 38N47W36ADAC,GW,43.2269267,-102.8201832,F,NAD83, 2890, 10,NGVD29,10140201
USGS,431338102195301, 38N42W31A2,GW,43.22721085,-102.3318274,T,NAD83, 3360,100,NGVD29,10140201
USGS,431338102283301, 38N44W36BADB2,GW,43.2280423,-102.4768327,F,NAD83, 3100, 25,NGVD29,10140201
USGS,431339102510701, 38N47W35B,GW,43.22748179,-102.8524076,M,NAD83, 2990.00,100,NGVD29,10140201
USGS,431342102283501, 38N44W36BADB,GW,43.22832008,-102.4768327,F,NAD83, 3110, 20,NGVD29,10140201
USGS,431343101413201, 38N37W33AAAD,GW,43.22860839,-101.6926497,F,NAD83, 3150, 30,NGVD29,10140202
USGS,431343102113301, 38N41W32AA,GW,43.2286017,-102.19099,T,NAD83, 3516, 15,NGVD29,10140201
USGS,431343102180101, 38N42W33BADC,GW,43.22860017,-102.2979373,T,NAD83, 3200.00, 20,NGVD29,10140201
USGS,431344101314001, 38N36W36ABAB,GW,43.22888625,-101.520428,S,NAD83, 3001, 15,NGVD29,10140201
USGS,431344101413601, 38N37W33AAAC,GW,43.22860839,-101.6940385,S,NAD83, 3218, 20,NGVD29,10140202
USGS,431344102281401, 38N44W36ABAD,GW,43.2288757,-102.4709991,F,NAD83, 3065, 10,NGVD29,10140201
USGS,431344103123601,009S08E31AAAC,GW,43.22886587,-103.2104758,F,NAD83, 3477, 10,NGVD29,10140201
USGS,431345102160001, 38N42W35BB,GW,43.22915614,-102.2654362,T,NAD83, 3321.00, 80,NGVD29,10140201
USGS,431347101415901, 38N37W33ABBA,GW,43.22971947,-101.7001496,F,NAD83, 3247, 30,NGVD29,10140202
USGS,431347102113901, 38N41W32ABA,GW,43.22971278,-102.1946012,T,NAD83, 3575, 20,NGVD29,10140201
USGS,431347102181401, 38N42W33BB,GW,43.22971119,-102.3043265,T,NAD83, 3280,100,NGVD29,10140201
USGS,431348101304501, 38N35W30CCC,GW,43.2299973,-101.512928,T,NAD83, 2976, 20,NGVD29,10140202
USGS,431349102275501, 38N44W25DDDD,GW,43.23026467,-102.4657212,F,NAD83, 3040, 20,NGVD29,10140201
USGS,431349102291001, 38N44W35AA,GW,43.2285977,-102.4865553,T,NAD83, 3180, 60,NGVD29,10140201
USGS,431349102345701, 38N45W36AAA,GW,43.23026465,-102.4668324,T,NAD83, 3043.00, 10,NGVD29,10140201
USGS,431350102052301, 38N40W31AAA,GW,43.2299922,-102.0904324,S,NAD83, 3434, 20,NGVD29,10140201
USGS,431350102175601, 38N42W33BAAB,GW,43.23054459,-102.2993263,F,NAD83, 3190, 20,NGVD29,10140201
USGS,431351102280601, 38N44W25DDCD,GW,43.22970907,-102.4687769,T,NAD83, 3050, 20,NGVD29,10140201
USGS,431353102182101, 38N42W28CCCC,GW,43.2313778,-102.306271,T,NAD83, 3200, 30,NGVD29,10140201
USGS,431355103161501,009S07E27DDCB,GW,43.2319208,-103.2713095,F,NAD83, 3297, 10,NGVD29,10120106
USGS,431356102185001, 38N42W29DDAA,GW,43.23387767,-102.3173826,F,NAD83, 3170.00, 20,NGVD29,10140201
USGS,431356102280001, 38N44W25DD,GW,43.23220909,-102.4671102,T,NAD83, 3045.00, 40,NGVD29,10140201
USGS,431357102280501, 38N44W25DDB,GW,43.23248685,-102.4684992,T,NAD83, 3045.00, 20,NGVD29,10140201
USGS,431359102383501, 38N45W28DD,GW,43.23304168,-102.5271127,T,NAD83, 3400, 60,NGVD29,10140201
USGS,431401102281101, 38N44W25D,GW,43.2335979,-102.4701659,T,NAD83, 3039, 60,NGVD29,10140201
USGS,431402102181601, 38N42W28CCBA,GW,43.2338778,-102.3048822,F,NAD83, 3187, 10,NGVD29,10140201
USGS,431403102175001, 38N42W28C,GW,43.23415569,-102.2976597,T,NAD83, 3190, 20,NGVD29,10140201
USGS,431404102152501, 38N42W26CBCC,GW,43.23443398,-102.2573805,F,NAD83, 3450, 10,NGVD29,10140201
USGS,431404102494101, 38N47W25CDAA,GW,43.23442666,-102.8285173,F,NAD83, 2885, 10,NGVD29,10140201
USGS,431405102282901, 38N44W25DBDC R,GW,43.234709,-102.472666,F,NAD83, 3060, 20,NGVD29,10140201
USGS,431406102202901, 38N42W30CACC,GW,43.23498846,-102.341828,T,NAD83, 3360,100,NGVD29,10140201
USGS,431408102113401, 38N41W29D,GW,43.23554607,-102.1932124,T,NAD83, 3515.00, 60,NGVD29,10140201
USGS,431408102184001, 38N42W29DACB,GW,43.2355444,-102.3115491,T,NAD83, 3170, 15,NGVD29,10140201
USGS,431408102284402,HOWLING WOLF SCHOOL WELL,GW,43.23554227,-102.479333,M,NAD83, 3000,111,NGVD29,10140201
USGS,431409103253001,009S06E29DADA,GW,43.23580825,-103.4254753,F,NAD83, 3313, 10,NGVD29,10120106
USGS,431409103254401,009S06E29DAC,GW,43.2358082,-103.4293642,T,NAD83, 3301, 50,NGVD29,10120106
USGS,431411102194601, 38N42W30DA,GW,43.23637749,-102.3298832,T,NAD83, 3200, 50,NGVD29,10140201
USGS,431413101304601, 38N35W30BCCC,GW,43.23694156,-101.5132059,T,NAD83, 2968, 20,NGVD29,10140202
USGS,431413102190201, 38N42W29CAAD,GW,43.2369332,-102.3176605,T,NAD83, 3178, 20,NGVD29,10140201
USGS,431413102275101, 38N43W30CBBB,GW,43.2369313,-102.4646103,T,NAD83, 2990, 30,NGVD29,10140201
USGS,431414102275901, 38N44W25DACA,GW,43.23582019,-102.4682215,T,NAD83, 3020, 20,NGVD29,10140201
USGS,431414102281701, 38N44W25DB,GW,43.2358201,-102.4718327,T,NAD83, 3060,120,NGVD29,10140201
USGS,431414102282901, 38N44W25DBBA,GW,43.23804234,-102.4732217,S,NAD83, 3040, 20,NGVD29,10140201
USGS,431414102292701, 38N44W26DB,GW,43.2352643,-102.4912778,T,NAD83, 3230,160,NGVD29,10140201
USGS,431415101405601, 38N37W27BDCB,GW,43.2383304,-101.6851498,S,NAD83, 3001, 20,NGVD29,10140202
USGS,431416102133301, 38N41W30CB,GW,43.23776775,-102.2262687,T,NAD83, 3395, 40,NGVD29,10140201
USGS,431416102174901, 38N42W28,GW,43.23776678,-102.297382,M,NAD83, 3260,100,NGVD29,10140201
USGS,431418102201301, 38N42W302,GW,43.2383218,-102.3373835,M,NAD83, 3360,100,NGVD29,10140201
USGS,431418102211301, 38N42W30,GW,43.2383216,-102.3540508,M,NAD83, 3365.00,260,NGVD29,10140201
USGS,431418102504901, 38N47W26,GW,43.23831527,-102.8474076,T,NAD83, 3000.00, 80,NGVD29,10140201
USGS,431419102271501, 38N43W30,GW,43.2385981,-102.45461,M,NAD83, 3140.00,340,NGVD29,10140201
USGS,431420101544101, 38N39W26BADA,GW,43.2419393,-101.900985,T,NAD83, 3378., 30,NGVD29,10140202
USGS,431420103115001,009S07E25AD,GW,43.23886567,-103.2421429,F,NAD83, 3390, 20,NGVD29,10120106
USGS,431420103150001,009S07E26AD,GW,43.23886558,-103.2504763,F,NAD83, 3361, 10,NGVD29,10120106
USGS,431421102553401, 38N47W30,GW,43.2391473,-102.9265797,M,NAD83, 3070.00,160,NGVD29,10140201
USGS,431423102122601, 38N41W29BC,GW,43.23971247,-102.2076573,T,NAD83, 3445, 45,NGVD29,10140201
USGS,431424102135601, 38N42W25AD,GW,43.23998989,-102.2301578,T,NAD83, 3379.00, 45,NGVD29,10140201
USGS,431424102193201, 38N42W29BC,GW,43.23998865,-102.3246053,T,NAD83, 3195.00,100,NGVD29,10140201
USGS,431425102192301, 38N42W29BCA,GW,43.2402664,-102.3234942,T,NAD83, 3159.00, 40,NGVD29,10140201
USGS,431427102191901, 38N42W29BDB,GW,43.240822,-102.3207163,T,NAD83, 3162.00, 20,NGVD29,10140201
USGS,431427103205601,009S06E25AACD,GW,43.24080909,-103.3493646,F,NAD83, 3339, 10,NGVD29,10120106
USGS,431429102065501, 38N41W25A,GW,43.24138054,-102.115711,M,NAD83, 3386, 90,NGVD29,10140201
USGS,431429102190101, 38N42W29BDAA,GW,43.2413776,-102.3173829,T,NAD83, 3180, 25,NGVD29,10140201
USGS,431430101483001, 38N38W21DAAA,GW,43.25166267,-101.8118173,S,NAD83, 3330, 30,NGVD29,10140202
USGS,431431102170201, 38N42W26DBBD,GW,43.23610065,-102.2557138,F,NAD83, 3485.00, 20,NGVD29,10140201
USGS,431436102192701, 38N42W29BB,GW,43.24332196,-102.3246054,T,NAD83, 3160.00, 20,NGVD29,10140201
USGS,431436102193501, 38N42W29BBCB,GW,43.2433219,-102.3268277,F,NAD83, 3145, 10,NGVD29,10140201
USGS,431437102193601, 38N42W29BBC,GW,43.2435997,-102.3257166,T,NAD83, 3150.00, 20,NGVD29,10140201
USGS,431437102193602, 38N42W29BBC2,GW,43.2435997,-102.3257166,T,NAD83, 3150.00, 20,NGVD29,10140201
USGS,431439102191601, 38N42W29BABD,GW,43.24415534,-102.3201608,F,NAD83, 3180.00, 20,NGVD29,10140201
USGS,431440102003001, 38N40W26DCCB,GW,43.23193776,-102.0195977,S,NAD83, 3448.00,  5,NGVD29,10140201
USGS,431440102202801, 38N42W30ADBD R,GW,43.23998857,-102.3307166,F,NAD83, 3180, 20,NGVD29,10140201
USGS,431440102305601, 38N44W27BA,GW,43.2444307,-102.5160014,T,NAD83, 3150,100,NGVD29,10140201
USGS,431441102160401, 38N42W27AAAA,GW,43.2447115,-102.2682145,F,NAD83, 3400, 10,NGVD29,10140201
USGS,431442101304401, 38N35W19CCC,GW,43.24499686,-101.5126505,T,NAD83, 2946, 20,NGVD29,10140202
USGS,431442101413601, 38N37W21AABD,GW,43.25777468,-101.6945944,S,NAD83, 2988, 30,NGVD29,10140202
USGS,431442102190101, 38N42W29BAAA,GW,43.2449887,-102.317383,T,NAD83, 3220, 40,NGVD29,10140201
USGS,431442102201601, 38N42W30ABBB R,GW,43.24443289,-102.3384948,T,NAD83, 3200, 20,NGVD29,10140201
USGS,431444101592601, 38N40W24DDDB,GW,43.24638235,-101.9923752,S,NAD83, 3483, 20,NGVD29,10140202
USGS,431444102052101, 38N40W29BBBB,GW-TH,43.24554755,-102.0895994,F,NAD83, 3500, 20,NGVD29,10140201
USGS,431444102193301, 38N42W20CCCC,GW,43.24554415,-102.3262722,S,NAD83, 3160.00, 20,NGVD29,10140201
USGS,431445102191401, 38N42W20CDCC,GW,43.24582199,-102.3209942,T,NAD83, 3220, 30,NGVD29,10140201
USGS,431446102192701, 38N42W20CCCA,GW,43.2460997,-102.3246055,T,NAD83, 3170, 30,NGVD29,10140201
USGS,431449102133801, 38N41W19CC,GW,43.2469343,-102.2276579,T,NAD83, 3461, 90,NGVD29,10140201
USGS,431449102203501, 38N42W19CABD,GW,43.25054396,-102.3398839,F,NAD83, 3150.00, 20,NGVD29,10140201
USGS,431450102144901, 38N42W24CC,GW,43.2472118,-102.2457138,T,NAD83, 3363.00, 30,NGVD29,10140201
USGS,431450102161701, 38N42W22DD,GW,43.24721149,-102.270159,T,NAD83, 3360.00, 80,NGVD29,10140201
USGS,431450102194701, 38N42W19DDDB,GW,43.24637745,-102.3284945,F,NAD83, 3160.00, 20,NGVD29,10140201
USGS,431450102200501, 38N42W19BDCB,GW,43.2535995,-102.3418285,F,NAD83, 3160.00, 20,NGVD29,10140201
USGS,431452102280201, 38N44W24DDAB,GW,43.2477646,-102.4676663,T,NAD83, 2980, 20,NGVD29,10140201
USGS,431453102202701, 38N42W19D,GW,43.24804395,-102.3412728,T,NAD83, 3170, 50,NGVD29,10140201
USGS,431453102282101, 38N44W24DCC,GW,43.2455423,-102.4729442,T,NAD83, 3030, 80,NGVD29,10140201
USGS,431455102110601, 38N41W21C,GW,43.2486016,-102.1854348,M,NAD83, 3396, 60,NGVD29,10140201
USGS,431455102193401, 38N42W20CCBA,GW,43.2485997,-102.3254389,F,NAD83, 3200.00, 20,NGVD29,10140201
USGS,431456102180601, 38N42W21C,GW,43.24887776,-102.3021047,T,NAD83, 3380,100,NGVD29,10140201
USGS,431456102180602, 38N42W21C2,GW,43.24887776,-102.3021047,T,NAD83, 3380,100,NGVD29,10140201
USGS,431458101483001,38N38W22CBDC (BT-79C),GW,43.249444,-101.808333,T,NAD83,3355.0,25.0,NGVD29,101402020302
USGS,431458102561301, 38N48W24DDAB,GW,43.2494269,-102.8196283,T,NAD83, 2910.00, 40,NGVD29,10140201
USGS,431459102282801, 38N44W24DBCB,GW,43.24998676,-102.4751666,F,NAD83, 2980, 20,NGVD29,10140201
USGS,431500101552501, 38N39W21DDB,GW,43.2472165,-101.9340411,T,NAD83, 3376.00, 10,NGVD29,10140202
USGS,431500103074801,009S08E23DA,GW,43.2499781,-103.1304752,F,NAD83, 3265,50,NGVD29,10140201
USGS,431502102282001, 38N43W19CBA,GW,43.25054238,-102.4701664,F,NAD83, 3030, 10,NGVD29,10140201
USGS,431503102112501, 38N41W20DA2,GW,43.2508237,-102.1907128,T,NAD83, 3575, 35,NGVD29,10140201
USGS,431504101312201, 38N36W24DBBB,GW,43.2511078,-101.523206,T,NAD83, 2959, 20,NGVD29,10140202
USGS,431504102112501, 38N41W20DA,GW,43.2511015,-102.1907128,T,NAD83, 3542, 25,NGVD29,10140201
USGS,431505101050101, 38N36W27BDB,GW,43.24027479,-101.5684836,S,NAD83, 3018.00, 30,NGVD29,10140202
USGS,431506102294501, 38N44W23CA,GW,43.2499865,-102.4962785,T,NAD83, 3060.00,100,NGVD29,10140201
USGS,431506102331801, 38N44W20CA,GW,43.2516525,-102.5568368,T,NAD83, 3150.00,200,NGVD29,10140201
USGS,431506102342801, 38N44W19CA,GW,43.2516523,-102.5748932,T,NAD83, 3018.00,100,NGVD29,10140201
USGS,431507102491501, 38N47W24DAB,GW,43.2519269,-102.8212951,T,NAD83, 2910.00, 20,NGVD29,10140201
USGS,431507102494201, 38N47W24CAA,GW,43.2519268,-102.8287956,T,NAD83, 2875.00, 20,NGVD29,10140201
USGS,431507102500001, 38N47W24CBA,GW,43.2519267,-102.833796,T,NAD83, 2890.00, 20,NGVD29,10140201
USGS,431507102501801, 38N47W23DAA,GW,43.25192665,-102.8387963,T,NAD83, 2900.00, 20,NGVD29,10140201
USGS,431510102281201, 38N44W24DBA,GW,43.25082016,-102.4704442,T,NAD83, 3091, 30,NGVD29,10140201
USGS,431511101310301, 38N36W24ADBB,GW-TH,43.25305229,-101.5179283,T,NAD83, 2887, 10,NGVD29,10140202
USGS,431511102201901, 38N42W19BDDC,GW,43.253044,-102.3390506,T,NAD83, 3132, 20,NGVD29,10140201
USGS,431512102200901, 38N42W19ACCC,GW,43.2533218,-102.3362727,F,NAD83, 3116, 30,NGVD29,10140201
USGS,431512103190301,009S07E20,GW,43.25330968,-103.3179759,T,NAD83, 3250, 10,NGVD29,10120106
USGS,431513102202901, 38N42W19BDCB2,GW,43.2535995,-102.3418285,F,NAD83, 3160, 20,NGVD29,10140201
USGS,431516101363101, 38N36W20BDBB,GW,43.25444125,-101.6076502,S,NAD83, 3018, 20,NGVD29,10140202
USGS,431516103230001,009S06E23BC,GW,43.25442017,-103.3838088,S,NAD83, 3306,5,NGVD29,10120106
USGS,431518102280501, 38N44W24ADCC,GW,43.25220909,-102.4684997,T,NAD83, 2966, 30,NGVD29,10140201
USGS,431523102203201, 38N42W19B,GW,43.2563773,-102.3426619,M,NAD83, 3139, 15,NGVD29,10140201
USGS,431524102195501, 38N42W19A,GW,43.2566552,-102.3323837,T,NAD83, 3182,100,NGVD29,10140201
USGS,431524102492001, 38N47W24A,GW,43.2566492,-102.8226842,M,NAD83, 2890,100,NGVD29,10140201
USGS,431526102202601, 38N42W30ABAC R,GW,43.24443295,-102.3337724,F,NAD83, 3240, 20,NGVD29,10140201
USGS,431527102202401, 38N42W19BACD,GW,43.25748848,-102.3404396,T,NAD83, 3116, 20,NGVD29,10140201
USGS,431528101150301, 38N42W19BACC,GW,43.2566551,-102.3409951,F,NAD83, 3120., 20,NGVD29,10140201
USGS,431528102202501, 38N42W19BACA,GW,43.25776626,-102.3407174,T,NAD83, 3116, 10,NGVD29,10140201
USGS,431532101413601, 38N37W21AABC,GW,43.25777468,-101.6968166,F,NAD83, 2952, 60,NGVD29,10140202
USGS,431533101304601, 38N35W18CCC,GW,43.25916344,-101.513206,T,NAD83, 2920, 20,NGVD29,10140202
USGS,431537102490901, 38N47W24AAAB,GW,43.26026048,-102.8196284,F,NAD83, 2910, 10,NGVD29,10140201
USGS,431540101333901, 38N36W15DCBA,GW,43.2611079,-101.5612614,F,NAD83, 2936, 60,NGVD29,10140202
USGS,431540102280601, 38N44W13DDBD,GW,43.26109808,-102.4687777,T,NAD83, 2960.00, 20,NGVD29,10140201
USGS,431542102202801, 38N42W18CDBC,GW,43.26165519,-102.3415508,F,NAD83, 3110, 20,NGVD29,10140201
USGS,431543103272501,009S06E18CD,GW,43.2619196,-103.4574193,S,NAD83, 3348,5,NGVD29,10120106
USGS,431544102493001, 38N47W13DC,GW,43.26220487,-102.8254622,T,NAD83, 2880.00, 60,NGVD29,10140201
USGS,431547102285001, 38N44W13BDCB,GW,43.26776469,-102.4796115,S,NAD83, 2945.00, 20,NGVD29,10140201
USGS,431548102031401, 38N40W16DDBD,GW,43.2613816,-102.0523764,S,NAD83, 3444, 30,NGVD29,10140201
USGS,431548102203101, 38N42W18C,GW,43.26332186,-102.3423842,T,NAD83, 3116,100,NGVD29,10140201
USGS,431548102284301, 38N44W13CAC,GW,43.2630424,-102.4785003,S,NAD83, 2958, 10,NGVD29,10140201
USGS,431550101421401, 38N37W16DCB,GW,43.2613858,-101.7004276,F,NAD83, 3140, 20,NGVD29,10140202
USGS,431551102213501, 38N43W13CACD,GW,43.26415499,-102.3601626,F,NAD83, 3280, 40,NGVD29,10140201
USGS,431553102134401, 38N42W13DADB,GW,43.2647122,-102.2293248,F,NAD83, 3503, 25,NGVD29,10140201
USGS,431555102175701, 38N42W16CA,GW,43.26526685,-102.2996048,T,NAD83, 3346, 90,NGVD29,10140201
USGS,431556103172501,009S07E16DA,GW,43.2655325,-103.2907539,F,NAD83, 3350,5,NGVD29,10120106
USGS,431559101420001, 38N37W 4DC,GW,43.2894417,-101.7004273,F,NAD83, 3149.00, 60,NGVD29,10140202
USGS,431559101502801, 38N38W18CDC,GW,43.2747181,-101.8454286,F,NAD83, 3142, 40,NGVD29,10140202
USGS,431559101502802, 38N38W18CDC2,GW,43.2747181,-101.8454286,S,NAD83, 3142, 40,NGVD29,10140201
USGS,431559102283701, 35N44W13,GW,43.0102653,-102.4459918,F,NAD83, 3390,100,NGVD29,10140201
USGS,431600101304501, 38N35W18BCCC,GW,43.26555238,-101.5129281,S,NAD83, 2923, 10,NGVD29,10140202
USGS,431600101420701, 38N37W16DDBC,GW,43.26110805,-101.6957054,S,NAD83, 3116, 80,NGVD29,10140201
USGS,431600102103001, 36N41W16A,GW,43.10165967,-102.1459859,T,NAD83, 3373.00, 15,NGVD29,10140201
USGS,431601103192601,009S07E17BCCC,GW,43.2669211,-103.3243647,F,NAD83, 3229, 10,NGVD29,10120106
USGS,431603102085601, 38N41W14,GW,43.2666581,-102.1396006,M,NAD83, 3180, 50,NGVD29,10140201
USGS,431603102205701, 38N43W13AD,GW,43.26748849,-102.3496067,T,NAD83, 3084.00, 30,NGVD29,10140201
USGS,431605103190201,009S07E175,GW,43.2680323,-103.3176981,M,NAD83, 3290,100,NGVD29,10120108
USGS,431606102210701, 38N43W13ABDC,GW,43.27109959,-102.3546069,F,NAD83, 3090, 20,NGVD29,10140201
USGS,431608102154201, 38N42W14BD,GW,43.26887848,-102.2604368,T,NAD83, 3609, 60,NGVD29,10140201
USGS,431610102282301, 38N44W13ACCC,GW,43.2666536,-102.4735002,T,NAD83, 2953.00, 30,NGVD29,10140201
USGS,431612101574301, 38N39W17BDB,GW,43.26999427,-101.9623747,T,NAD83, 3444, 20,NGVD29,10140202
USGS,431615102133001, 38N41W18B,GW,43.2708235,-102.2237691,M,NAD83, 3445, 90,NGVD29,10140201
USGS,431615102375001, 38N45W15ABCC,GW,43.2708186,-102.6310073,T,NAD83, 3800, 50,NGVD29,10140201
USGS,431615103035801,009S09E16BB,GW,43.2708127,-103.0665856,F,NAD83, 3265,50,NGVD29,10140201
USGS,431616102465801, 38N46W17A,GW,43.2710946,-102.7832373,M,NAD83, 2900.00, 60,NGVD29,10140201
USGS,431618102085901, 38N41W15DDCC,GW,43.2747136,-102.1534898,F,NAD83, 3293, 60,NGVD29,10140201
USGS,431620101424901, 38N37W16BAAD,GW,43.27221929,-101.7026497,S,NAD83, 3155, 20,NGVD29,10140201
USGS,431622101304501, 38N35W18BBB,GW,43.27277466,-101.512928,F,NAD83, 2936, 10,NGVD29,10140202
USGS,431624102274001, 38N43W 7CCD,GW,43.2733205,-102.4615554,T,NAD83, 3065, 50,NGVD29,10140201
USGS,431625101551201, 38N39W15AABD R,GW,43.2736061,-101.9137629,S,NAD83, 3378, 20,NGVD29,10140202
USGS,431625102550401, 38N47W18AA,GW,43.2733166,-102.8007384,T,NAD83, 2942.00, 20,NGVD29,10140201
USGS,431627102290001, 38N44W13BAB,GW,43.27276475,-102.4798894,S,NAD83, 2952, 10,NGVD29,10140201
USGS,431628102281901, 38N44W12DC,GW,43.2744315,-102.4723891,T,NAD83, 2952, 20,NGVD29,10140201
USGS,431629101384301, 38N37W12CD,GW,43.27471926,-101.6457054,T,NAD83, 3050, 90,NGVD29,10140203
USGS,431631101430901, 38N37W 7DDDD,GW,43.273886,-101.7318163,S,NAD83, 3188, 60,NGVD29,10140201
USGS,431631102214301, 38N43W13BBAA,GW,43.2752662,-102.362385,T,NAD83, 3200, 50,NGVD29,10140201
USGS,431632103114201,009S08E08DCC,GW,43.2755338,-103.1954758,F,NAD83, 3429.3,5,NGVD29,10120109
USGS,431633101562201, 38N39W 9ADCB2,GW,43.28305046,-101.935152,S,NAD83, 3385, 20,NGVD29,10140202
USGS,431633102090901, 38N41W10DD,GW,43.2758247,-102.1529342,T,NAD83, 3241, 60,NGVD29,10140201
USGS,431633103263401,009S06E08CCBD,GW,43.275809,-103.4432526,F,NAD83, 3283, 10,NGVD29,10120106
USGS,431635102215701, 38N43W12CCBB,GW,43.2769328,-102.3671075,F,NAD83, 3165, 20,NGVD29,10140201
USGS,431635103183501,009S07E08DD,GW,43.276366,-103.3101981,T,NAD83, 3332,5,NGVD29,10120106
USGS,431637102215101, 38N43W12CBCD,GW,43.2777662,-102.365163,F,NAD83, 3181, 20,NGVD29,10140201
USGS,431639101581401, 38N39W 7DAB,GW,43.27999434,-101.9743192,S,NAD83, 3411, 20,NGVD29,10140202
USGS,431640101545501, 38N39W15ADB,GW,43.2699949,-101.9132074,S,NAD83, 3405, 30,NGVD29,10140202
USGS,431643101524001, 38N39W12DBDB,GW,43.27860666,-101.8782068,S,NAD83, 3208, 20,NGVD29,10140202
USGS,431644102340201, 38N44W 7D,GW,43.27887498,-102.5676712,M,NAD83, 3000.00,220,NGVD29,10140201
USGS,431647102183901, 38N42W 8DA,GW,43.27971136,-102.3090498,T,NAD83, 3379, 90,NGVD29,10140201
USGS,431648101571901, 38N39W 8DBA,GW,43.27999458,-101.9557079,S,NAD83,3381,1.6,NAVD88,10140202
USGS,431648102483801, 38N46W 7CACA,GW,43.27998325,-102.811017,F,NAD83, 2860, 10,NGVD29,10140201
USGS,431649101554301, 38N39W 9DAC,GW,43.27832816,-101.9334854,F,NAD83, 3346, 30,NGVD29,10140202
USGS,431650101300001, 38N35W 7ACD,GW,43.28055248,-101.5004279,T,NAD83, 2952, 20,NGVD29,10140202
USGS,431652102023501, 38N40W10CABA,GW,43.2811044,-102.0434872,F,NAD83, 3493, 45,NGVD29,10140201
USGS,431652102402601, 38N45W 8,GW,43.28109616,-102.6712871,M,NAD83, 3000,200,NGVD29,10140201
USGS,431653102221501, 38N43W11ADCC,GW,43.28137728,-102.3712743,T,NAD83, 3225.00, 30,NGVD29,10140201
USGS,431654101551401, 38N39W10CBDC,GW,43.27971715,-101.9282075,S,NAD83, 3319, 20,NGVD29,10140202
USGS,431654101552701, 38N39W10CB,GW,43.27971715,-101.9282075,S,NAD83, 3303, 30,NGVD29,10140202
USGS,431655101553601, 38N39W10BCD,GW,43.2819394,-101.9270963,T,NAD83, 3306, 40,NGVD29,10140201
USGS,431655101553602, 38N39W10BCD(2),GW,43.2819394,-101.9270963,T,NAD83, 3306, 40,NGVD29,10140202
USGS,431655102212101, 38N43W13DBAC,GW,43.2652662,-102.3534957,F,NAD83, 3132, 20,NGVD29,10140201
USGS,431655102212102, 38N43W122,GW,43.281933,-102.3562738,M,NAD83, 3087,165,NGVD29,10140201
USGS,431657102032101, 38N40W 9DA,GW,43.2824931,-102.0562653,T,NAD83, 3510, 30,NGVD29,10140201
USGS,431658101560301, 38N39W 9ADCB,GW,43.28277269,-101.9345964,S,NAD83, 3385, 25,NGVD29,10140202
USGS,431700102484201, 38N46W 7BDCC,GW,43.2833166,-102.8121282,T,NAD83, 2862.00, 20,NGVD29,10140201
USGS,431701101555801, 38N39W 9ADBD,GW,43.2822171,-101.9348742,S,NAD83, 3382, 20,NGVD29,10140202
USGS,431701101595201, 38N40W12AC,GW,43.2836052,-101.9982084,T,NAD83, 3445, 30,NGVD29,10140202
USGS,431701102282001, 38N44W12ACB,GW,43.2830427,-102.4737782,F,NAD83, 2961, 20,NGVD29,10140201
USGS,431702101010001, 38N36W 1DDC,GW,43.2883303,-101.5170944,S,NAD83, 3018.00, 10,NGVD29,10140202
USGS,431703101560801, 38N39W10CBCC R,GW,43.2777726,-101.9304298,S,NAD83, 3312, 20,NGVD29,10140202
USGS,431703101562601, 38N39W 9CAA,GW,43.2841615,-101.9409854,T,NAD83, 3415, 30,NGVD29,10140202
USGS,431703102342801, 38N44W 7BD,GW,43.28415276,-102.5748938,T,NAD83, 3000,160,NGVD29,10140201
USGS,431705101545601, 38N39W10A,GW,43.2847174,-101.915985,T,NAD83, 3330, 50,NGVD29,10140202
USGS,431705101554501, 38N39W10BDCC,GW,43.28138388,-101.9257074,S,NAD83, 3306.00, 10,NGVD29,10140202
USGS,431705101554502, 38N39W10BCD2,GW,43.28471727,-101.9270963,F,NAD83, 3300.00, 50,NGVD29,10140202
USGS,431705101554503, 38N39W10BBD3,GW,43.28666175,-101.9270963,T,NAD83, 3380.00, 30,NGVD29,10140202
USGS,431706101501001, 38N38W 8BDBA,GW,43.28499607,-101.8457063,S,NAD83, 3250, 20,NGVD29,10140202
USGS,431707101560601, 38N39W 9A,GW,43.2852727,-101.9354298,M,NAD83, 3412,180,NGVD29,10140202
USGS,431707102210501, 38N43W12BBAD,GW,43.2880441,-102.3623852,F,NAD83, 3055, 10,NGVD29,10140201
USGS,431707102214401, 38N43W12B,GW,43.2852663,-102.362663,T,NAD83, 3067, 20,NGVD29,10140201
USGS,431708102000701, 38N40W12BADC,GW,43.28554967,-102.0023751,F,NAD83, 3455, 15,NGVD29,10140201
USGS,431708102454801, 38N46W 9A,GW,43.28553966,-102.7637917,M,NAD83, 3060.00,200,NGVD29,10140201
USGS,431711102480901, 38N46W 7A,GW,43.2863724,-102.802961,M,NAD83, 2875, 30,NGVD29,10140201
USGS,431712101553601, 38N39W10BBD,GW,43.28666175,-101.9270963,T,NAD83, 3380, 30,NGVD29,10140202
USGS,431713101565101, 38N39W 6CBB,GW,43.29527229,-101.989597,S,NAD83, 3425, 20,NGVD29,10140202
USGS,431713102161701, 38N42W10AA,GW,43.28693415,-102.2690483,T,NAD83, 3642, 60,NGVD29,10140201
USGS,431713103150301,009S07E11AABC,GW,43.2869225,-103.2513097,F,NAD83, 3390, 10,NGVD29,10120109
USGS,431714101554001, 38N39W10BCBC,GW,43.28555058,-101.9304297,S,NAD83, 3319, 30,NGVD29,10140202
USGS,431718101560701, 38N39W 9ABAB,GW,43.2883283,-101.9368186,S,NAD83, 3395, 15,NGVD29,10140202
USGS,431718102214901, 38N43W 1CCDC,GW,43.2883219,-102.3640519,F,NAD83, 3067, 15,NGVD29,10140201
USGS,431719101544001, 38N39W 3DDDD,GW,43.2886064,-101.9115405,S,NAD83, 3349, 15,NGVD29,10140202
USGS,431719102473101, 38N46W 8CBAB,GW,43.2885948,-102.7924048,F,NAD83, 2910, 10,NGVD29,10140201
USGS,431720101363201, 38N36W 3DD,GW,43.28888595,-101.5557054,T,NAD83, 2935, 50,NGVD29,10140202
USGS,431720102214801, 38N43W 1CCD,GW,43.28887747,-102.3637742,F,NAD83, 3067, 50,NGVD29,10140201
USGS,431721102014501, 38N40W 2CCC,GW,43.2891604,-102.029598,T,NAD83, 3478, 60,NGVD29,10140201
USGS,431724103224401,009S06E02CDBD,GW,43.28997676,-103.3793642,F,NAD83, 3250, 10,NGVD29,10120106
USGS,431725102094501, 38N41W 3CD,GW,43.29026925,-102.1629345,T,NAD83, 3199, 30,NGVD29,10140201
USGS,431727102220501, 38N43W 2DDCA,GW,43.2897107,-102.3698855,F,NAD83, 3099, 20,NGVD29,10140201
USGS,431727102220502, 38N43W 2DD2,GW,43.29082188,-102.3684966,T,NAD83, 3068, 30,NGVD29,10140201
USGS,431727103224201,009S06E02CD,GW,43.2908101,-103.3788086,M,NAD83, 3248,111,NGVD29,10120106
USGS,431728101543801, 38N39W 2CCBB,GW,43.29110649,-101.9109849,F,NAD83, 3336, 25,NGVD29,10140202
USGS,431730101594301, 38N40W 1D,GW,43.291661,-101.9957083,M,NAD83, 3445, 25,NGVD29,10140201
USGS,431730102284801, 38N44W 1C2,GW,43.29165385,-102.4804453,M,NAD83, 2910, 20,NGVD29,10140201
USGS,431733102354701, 38N45W 1C,GW,43.29248598,-102.5968394,T,NAD83, 3080, 50,NGVD29,10140201
USGS,431734102213601, 38N43W 1CAC,GW,43.2927664,-102.3604407,T,NAD83, 3057, 20,NGVD29,10140201
USGS,431736102484501, 38N46W 6C,GW,43.2933168,-102.8129617,M,NAD83, 2845, 10,NGVD29,10140201
USGS,431738101353901, 38N36W 5DA,GW,43.293886,-101.5945942,F,NAD83, 2893, 50,NGVD29,10140202
USGS,431738102010201, 38N40W 2DBBC,GW,43.29443847,-102.0198755,S,NAD83, 3445, 40,NGVD29,10140201
USGS,431739102180301, 38N42W 4CA,GW,43.2941561,-102.2990495,T,NAD83, 3445, 60,NGVD29,10140201
USGS,431740101431801, 38N37W 5,GW,43.29444178,-101.7220939,M,NAD83, 3110,100,NGVD29,10140202
USGS,431741102094101, 38N41W 3CA,GW,43.29471379,-102.1618233,T,NAD83, 3247, 30,NGVD29,10140201
USGS,431742101312401, 38N36W 1,GW,43.29499706,-101.523761,M,NAD83, 3018, 30,NGVD29,10140202
USGS,431743101564701, 38N39W 6BCCD,GW,43.296939,-101.987097,S,NAD83, 3444, 30,NGVD29,10140202
USGS,431744101540001, 38N39W 2,GW,43.29555115,-101.9004292,M,NAD83, 3346,180,NGVD29,10140202
USGS,431744102220101, 38N43W 2DAA,GW,43.29554417,-102.3673855,T,NAD83, 3051, 30,NGVD29,10140201
USGS,431746101535501, 38N39W 2DBBC,GW,43.2941622,-101.9001514,S,NAD83, 3346, 20,NGVD29,10140202
USGS,431746102011301, 38N40W 2BDDD,GW,43.29610516,-102.0207088,F,NAD83, 3428, 30,NGVD29,10140202
USGS,431746102153301, 37N42W 3ABDD,GW,43.21387839,-102.2726582,F,NAD83, 3230, 20,NGVD29,10140201
USGS,431746102153302, 38N42W 22,GW,43.29610108,-102.2571035,M,NAD83, 3510,165,NGVD29,10140201
USGS,431746102153303, 38N42W 23,GW,43.29610108,-102.2571035,M,NAD83, 3510,165,NGVD29,10140201
USGS,431746102164401, 37N42W 3ABCC,GW,43.213045,-102.2771028,F,NAD83, 3240, 20,NGVD29,10140201
USGS,431747101543001, 38N39W 3ADDD,GW,43.29638436,-101.9115404,S,NAD83, 3369, 20,NGVD29,10140202
USGS,431748101584701, 38N39W 6,GW,43.2966613,-101.9801525,M,NAD83, 3444, 30,NGVD29,10140202
USGS,431749102215401, 38N43W 1BCCA,GW,43.2969331,-102.365441,F,NAD83, 3057, 15,NGVD29,10140201
USGS,431750101511501, 38N38W 6AAAC,GW,43.3016629,-101.853484,S,NAD83, 3313.00, 30,NGVD29,10140202
USGS,431750102005801, 38N40W 2BCD,GW,43.2972162,-102.0265423,S,NAD83, 4318, 20,NGVD29,10140201
USGS,431750102013401, 38N40W 2BCD2,GW,43.2972162,-102.0265423,S,NAD83, 3418, 20,NGVD29,10140201
USGS,431752101470101, 38N38W 2BD,GW,43.29777479,-101.784872,F,NAD83, 3182.00, 20,NGVD29,10140202
USGS,431752101570901, 38N39W 5DAAD,GW,43.29471718,-101.9512632,S,NAD83, 3395, 20,NGVD29,10140202
USGS,431752101585801, 38N39W 6BD,GW,43.2977724,-101.983208,T,NAD83, 3411, 30,NGVD29,10140202
USGS,431752102482601, 38N46W 6ACCB,GW,43.29776145,-102.8076836,F,NAD83, 2845, 10,NGVD29,10140201
USGS,431753103233601,009S06E03ACA FR95C,GW,43.2987222,-103.3927222,1,NAD83, 3209.1, .2,NAVD88,10120106
USGS,431756101303201, 38N35W 6BCAD,GW,43.29721928,-101.5093165,S,NAD83, 3044, 30,NGVD29,10140202
USGS,431757101534201, 38N39W 2AADD,GW,43.2991624,-101.8912623,S,NAD83, 3320, 30,NGVD29,10140202
USGS,431759102012801, 38N40W 2BDDC,GW,43.29693849,-102.0218199,S,NAD83, 3445, 20,NGVD29,10140201
USGS,431801102005001, 38N40W 2DDBC,GW,43.29110515,-102.0143198,S,NAD83, 3445, 20,NGVD29,10140201
USGS,431802102340201, 38N44W 6A,GW,43.299153,-102.5676715,M,NAD83, 2950.00,110,NGVD29,10140201
USGS,431803101454401, 38N38W 1BADA,GW,43.30083064,-101.7626495,F,NAD83, 3050, 60,NGVD29,10140202
USGS,431805103102901,009S08E04,GW,43.3013681,-103.1751978,M,NAD83, 3320,20,NGVD29,10120109
USGS,431807101593901, 38N40W 1AAAC,GW,43.3011057,-101.9926526,S,NAD83, 3414, 35,NGVD29,10140201
USGS,431808101543001, 39N39W35CCD,GW,43.30221784,-101.9087626,T,NAD83, 3363, 20,NGVD29,10140202
USGS,431811102020301, 39N40W34DDCC,GW,43.3030495,-102.034598,F,NAD83, 3248, 30,NGVD29,10140201
USGS,431812102230501, 39N43W35CCCD,GW,43.3033218,-102.385164,F,NAD83, 3080, 15,NGVD29,10140201
USGS,431813101514901, 39N38W31CD,GW,43.30360728,-101.8640397,T,NAD83, 3280, 30,NGVD29,10140202
USGS,431813101514902, 39N38W31CD2,GW,43.30360728,-101.8640397,T,NAD83, 3280, 30,NGVD29,10140201
USGS,431813102013401, 39N40W35CDCC,GW,43.30332746,-102.0257089,S,NAD83, 3346, 20,NGVD29,10140201
USGS,431814102065601, 39N41W36DCD,GW,43.30443699,-102.1159889,T,NAD83, 3315, 90,NGVD29,10140201
USGS,431814103125001,008S08E31CDDB,GW,43.3038678,-103.2143648,F,NAD83, 3264, 10,NGVD29,10120109
USGS,431816103112801,008S08E32DCC,GW,43.3044236,-103.1915868,F,NAD83, 3369.90, 10,NGVD29,10120109
USGS,431817102045501, 39N40W32CDCA,GW,43.30471537,-102.0823769,5,NAD83, 3480, 35,NGVD29,10140201
USGS,431819101414901, 39N37W33D,GW,43.3052752,-101.6973716,T,NAD83, 3050, 60,NGVD29,10140202
USGS,431820101544201, 39N39W34DDA,GW,43.30555115,-101.9165404,S,NAD83, 3362, 15,NGVD29,10140201
USGS,431820101564501, 39N39W33CCAD,GW,43.3055508,-101.946263,F,NAD83, 3390, 30,NGVD29,10140202
USGS,431821101303101, 38N35W 6BBAC,GW,43.30138598,-101.5115387,S,NAD83, 2988, 30,NGVD29,10140202
USGS,431821101331101, 39N36W34DADC,GW,43.3058305,-101.5557052,S,NAD83, 2965, 15,NGVD29,10140202
USGS,431821102215001, 39N43W36CCCA,GW,43.30415539,-102.3665522,F,NAD83, 3051, 10,NGVD29,10140201
USGS,431821102215501, 39N43W36CCBA,GW,43.30582209,-102.3657189,F,NAD83, 3057, 15,NGVD29,10140201
USGS,431821102275401, 39N44W36DDD,GW,43.3033208,-102.4654449,T,NAD83, 2920, 30,NGVD29,10140201
USGS,431821102280301, 39N44W36DDC,GW,43.3033208,-102.4690562,T,NAD83, 2854, 30,NGVD29,10140201
USGS,431821102285401, 39N44W36C,GW,43.30582067,-102.4821123,T,NAD83, 2953.00,120,NGVD29,10140201
USGS,431823101553301, 38N39W 3BCCB,GW,43.2969397,-101.9301518,S,NAD83, 3385, 20,NGVD29,10140202
USGS,431823103111001,008S08E32DC,GW,43.30636816,-103.1865868,F,NAD83, 3351, 10,NGVD29,10120109
USGS,431824102050301, 39N40W32C,GW,43.3066598,-102.0845992,T,NAD83, 3483, 30,NGVD29,10140201
USGS,431824102225301, 39N43W35C,GW,43.3066552,-102.3818306,T,NAD83, 3054, 30,NGVD29,10140201
USGS,431825102053801, 39N40W31DCAD,GW,43.3058263,-102.0934883,S,NAD83, 3444, 20,NGVD29,10140201
USGS,431830101553001, 39N39W33CCC,GW,43.30360629,-101.9495964,T,NAD83, 3400.00, 50,NGVD29,10140202
USGS,431832102021901, 39N40W34DBCB,GW,43.30777179,-102.0376536,S,NAD83, 3149, 20,NGVD29,10140201
USGS,431834101524701, 39N39W36D,GW,43.30638497,-101.8759843,S,NAD83, 3320, 40,NGVD29,10140202
USGS,431834102221501, 39N43W35DABB,GW,43.30943318,-102.3712747,F,NAD83, 3031, 20,NGVD29,10140201
USGS,431834102274401, 39N43W31,GW,43.30943215,-102.4554446,M,NAD83, 2999,130,NGVD29,10140201
USGS,431834102462501, 39N46W33CBDA,GW,43.30942886,-102.7740705,T,NAD83, 2825.00, 20,NGVD29,10140201
USGS,431836102215201, 39N43W36CBB,GW,43.3099888,-102.3648856,T,NAD83, 3041, 30,NGVD29,10140201
USGS,431836102340901, 39N44W31DBDB,GW,43.3099865,-102.5696162,T,NAD83, 2900.00, 10,NGVD29,10140201
USGS,431838101551201, 39N39W34DCDD,GW,43.30332889,-101.9165404,S,NAD83, 3280, 20,NGVD29,10140201
USGS,431838102033301, 39N40W33BDAB,GW,43.31332704,-102.0612652,S,NAD83, 3188, 30,NGVD29,10140201
USGS,431839102453401, 39N46W33DAAA,GW,43.31081798,-102.759903,T,NAD83, 2835.00, 20,NGVD29,10140201
USGS,431840102120101, 39N41W32BDD,GW,43.3111022,-102.2007132,T,NAD83, 3313, 90,NGVD29,10140201
USGS,431840102345201, 39N44W31BCC,GW,43.3110975,-102.5815612,T,NAD83, 2950, 50,NGVD29,10140201
USGS,431840103184601,008S07E32,GW,43.3110892,-103.3132535,M,NAD83, 3490, 10,NGVD29,10120109
USGS,431843102031501, 39N40W33ACAC,GW,43.3124938,-102.0554318,S,NAD83, 3182, 20,NGVD29,10140201
USGS,431844102254101, 39N43W32AD,GW,43.31221029,-102.4284992,T,NAD83, 3166,180,NGVD29,10140201
USGS,431845103044001,008S09E32BD,GW,43.3124804,-103.0782524,F,NAD83, 3626,50,NGVD29,10120109
USGS,431847102310401, 39N44W34DBD,GW,43.31304258,-102.518225,T,NAD83, 3110, 90,NGVD29,10140201
USGS,431848102104101, 39N41W29DACB,GW,43.3224914,-102.1934909,S,NAD83, 3149, 15,NGVD29,10140201
USGS,431849101400001, 39N37W35B,GW,43.31360857,-101.6670938,F,NAD83, 2886.00, 20,NGVD29,10140202
USGS,431849102221901, 39N43W35A,GW,43.31359988,-102.3723859,M,NAD83, 3018, 20,NGVD29,10140201
USGS,431850102023301, 39N40W33BDBC,GW,43.3130495,-102.047376,S,NAD83, 3198, 20,NGVD29,10140201
USGS,431850102255401, 39N43W35B,GW,43.3138769,-102.4321105,T,NAD83, 3054, 60,NGVD29,10140201
USGS,431852102465801, 39N46W32A,GW,43.3144288,-102.784349,T,NAD83, 2820.00, 20,NGVD29,10140201
USGS,431854102024701, 39N40W34BB2,GW,43.314994,-102.0468204,T,NAD83, 3160, 20,NAVD88,10140201
USGS,431855101590701, 39N39W31BAC,GW,43.3152728,-101.9857079,S,NAD83, 3280, 60,NGVD29,10140201
USGS,431857102025201, 39N40W33ACA,GW,43.31332716,-102.0548762,S,NAD83, 3214, 20,NGVD29,10140201
USGS,431858101592101, 39N39W31DCB,GW,43.30471707,-101.9798746,S,NAD83, 3379, 20,NGVD29,10140201
USGS,431858102191401, 39N42W32BA,GW,43.31610056,-102.3193283,T,NAD83, 3461, 60,NGVD29,10140201
USGS,431859102221301, 39N43W35AABC,GW,43.3163777,-102.3707192,F,NAD83, 3018, 20,NGVD29,10140201
USGS,431859102471201, 39N46W32ABC,GW,43.31637324,-102.787127,T,NAD83, 2830.00, 20,NGVD29,10140201
USGS,431900102111901, 39N41W33BBB,GW,43.31665809,-102.1890463,T,NAD83, 3133, 30,NGVD29,10140201
USGS,431900102114601, 39N41W32ABA,GW,43.31665799,-102.1948798,T,NAD83, 3278, 40,NGVD29,10140201
USGS,431901101170201, 39N39W32AAAA,GW,43.3169399,-101.9509852,S,NAD83, 3369, 10,NGVD29,10140202
USGS,431902102471201, 39N46W32ABB,GW,43.31720659,-102.787127,T,NAD83, 2830.00, 20,NGVD29,10140201
USGS,431903102220701, 39N43W26DDCD,GW,43.31748885,-102.3690525,F,NAD83, 3021, 20,NGVD29,10140201
USGS,431903102282101, 39N44W36ABB,GW,43.31748758,-102.4729454,T,NAD83, 2854, 30,NGVD29,10140201
USGS,431905102281301, 39N44W25DCDA,GW,43.31804317,-102.4707231,T,NAD83, 2890, 50,NGVD29,10140201
USGS,431907102223501, 39N43W36BCCC R,GW,43.31859988,-102.3768306,F,NAD83, 3051, 30,NGVD29,10140201
USGS,431908103163501,008S07E27CCD,GW,43.31886766,-103.2768649,F,NAD83, 3310, 10,NGVD29,10120109
USGS,431909102113301, 39N41W29DD,GW,43.31915809,-102.1909908,T,NAD83, 3133, 30,NGVD29,10140201
USGS,431909103161801,008S07E27DCC,GW,43.3191455,-103.2721427,S,NAD83, 3354,5,NGVD29,10120109
USGS,431911102274601, 39N43W30CCC,GW,43.31804327,-102.4632228,T,NAD83, 2936, 30,NGVD29,10140201
USGS,431913101422401, 39N37W28CBCC,GW,43.32027539,-101.711538,S,NAD83, 2953, 20,NGVD29,10140202
USGS,431915102031401, 39N40W28D,GW,43.3208273,-102.0543206,T,NAD83, 3388,150,NGVD29,10140201
USGS,431916102221501, 39N43W26D,GW,43.32109998,-102.3712749,T,NAD83, 3024, 70,NGVD29,10140201
USGS,431917103242601,008S06E28AB,GW,43.3305331,-103.407697,F,NAD83, 3270, 10,NGVD29,10120106
USGS,431918103110801,008S08E29,GW,43.3216464,-103.1860312,M,NAD83, 3300,20,NGVD29,10120109
USGS,431919103035001,008S09E29DADA,GW,43.32192527,-103.0643633,F,NAD83, 3182, 10,NGVD29,10120109
USGS,431920101575001, 39N39W19DDBC2,GW,43.33388446,-101.9754298,F,NAD83, 3380, 30,NGVD29,10140202
USGS,431925103135501,008S07E25,GW,43.3235905,-103.2324205,M,NAD83, 3200,100,NGVD29,10120109
USGS,431926103165001,008S07E27CB,GW,43.32386776,-103.2810315,F,NAD83, 3295, 10,NGVD29,10120109
USGS,431928102223401, 39N43W262,GW,43.32443329,-102.3765529,M,NAD83, 3024,100,NGVD29,10140201
USGS,431928103135701,008S07E252,GW,43.32442386,-103.232976,M,NAD83, 3200,100,NGVD29,10120109
USGS,431929101585001, 39N39W30,GW,43.3247175,-101.9809855,M,NAD83, 3248,120,NGVD29,10140202
USGS,431930101350001, 39N36W28,GW,43.3249974,-101.5837604,M,NAD83, 3000,100,NGVD29,10140202
USGS,431930102473001, 39N46W29CDB,GW,43.3208177,-102.7921274,T,NAD83, 2840.00, 20,NGVD29,10140201
USGS,431931102223201, 39N43W26DDDB,GW,43.3252666,-102.3759973,T,NAD83, 3015, 90,NGVD29,10140201
USGS,431933102102601, 37N43W17,GW,43.18026517,-102.435163,M,NAD83, 3180,280,NGVD29,10140201
USGS,431934103110101,008S08E29ADD,GW,43.326091,-103.1840867,F,NAD83, 3418.6,5,NGVD29,10120109
USGS,431937102223601, 39N43W26BDD,GW,43.32582217,-102.3784974,T,NAD83, 3035, 30,NGVD29,10140201
USGS,431937103260101,008S06E29BD,GW,43.32692158,-103.4340857,M,NAD83, 3200,111,NGVD29,10120106
USGS,431937103261301,008S06E29BCAB,GW,43.3269215,-103.437419,F,NAD83, 3250, 10,NGVD29,10120106
USGS,431943102111701, 39N41W28BCBB,GW,43.3286027,-102.1884908,T,NAD83, 3149, 50,NGVD29,10140201
USGS,431943102111702, 39N41W28BCBB2,GW,43.3286027,-102.1884908,T,NAD83, 3149, 50,NGVD29,10140201
USGS,431943102210401, 39N43W25A,GW,43.3286003,-102.351552,T,NAD83, 3148, 80,NGVD29,10140201
USGS,431943103294701,008S05E26BCAA,GW,43.3285875,-103.4968629,F,NAD83, 3400,5,NGVD29,10120106
USGS,431944102344001, 39N44W30B,GW,43.32887557,-102.578228,T,NAD83, 2841,100,NGVD29,10140201
USGS,431945102283001, 39N44W25BDA,GW,43.328321,-102.4757235,F,NAD83, 2890, 20,NGVD29,10140201
USGS,431948101533501, 39N39W26DACD,GW,43.32082949,-101.8934844,S,NAD83, 3210, 80,NGVD29,10140202
USGS,431948103154601,008S07E27AAAC,GW,43.32997928,-103.2632539,F,NAD83, 3310, 10,NGVD29,10120109
USGS,431951103110501,008S08E29AA,GW,43.33081336,-103.1851978,T,NAD83, 3408, 10,NGVD29,10120109
USGS,431955102422701, 39N46W25ABBA,GW,43.33193,-102.7079563,F,NAD83, 2820, 60,NGVD29,10140201
USGS,431957101583301, 39N39W19DCDD,GW,43.33193997,-101.9759854,S,NAD83, 3418, 20,NGVD29,10140202
USGS,431958101582101, 39N39W19DDBC (BT-79B),GW,43.3335699,-101.9746699,S,NAD83, 3418, 20,NGVD29,10140201
USGS,432000101582201, 39N39W19DDCB,GW,43.3327733,-101.9748743,S,NAD83, 3395, 30,NGVD29,10140202
USGS,432000101583101, 39N39W19DCA,GW,43.33332889,-101.9757076,T,NAD83, 3422, 60,NGVD29,10140202
USGS,432003102165301, 39N42W22CD,GW,43.3341568,-102.2796047,T,NAD83, 3314, 90,NGVD29,10140201
USGS,432003102171001, 39N42W22CC,GW,43.33415675,-102.2848827,T,NAD83, 3346, 90,NGVD29,10140201
USGS,432004102033501, 39N40W21DCB,GW,43.33443867,-102.0579317,F,NAD83, 3411,150,NGVD29,10140201
USGS,432006101311601, 39N33W24DBCD,GW,43.33499737,-101.5215381,F,NAD83, 3152, 20,NGVD29,10140202
USGS,432006103121401,008S08E19DADC,GW,43.33497999,-103.2043647,F,NAD83, 3287, 10,NGVD29,10120109
USGS,432007101583001, 39N39W19DDAC,GW,43.33416226,-101.9740409,S,NAD83, 3418, 20,NGVD29,10140202
USGS,432007102281401, 39N44W24DCAC,GW,43.3335989,-102.4710012,T,NAD83, 2939, 30,NGVD29,10140201
USGS,432009103192601,008S07E19DADC,GW,43.33581204,-103.3243644,F,NAD83, 3300, 10,NGVD29,10120109
USGS,432012101361901, 39N36W20CA,GW,43.3366642,-101.6057047,T,NAD83, 3083, 30,NGVD29,10140202
USGS,432015102155901, 39N42W22,GW,43.3391569,-102.2773825,F,NAD83, 3232,230,NGVD29,10140201
USGS,432016101372101, 39N36W19DBBB,GW,43.33777539,-101.6229268,F,NAD83, 3034, 20,NGVD29,10140202
USGS,432016102161701, 39N42W22DA,GW,43.3377681,-102.2693266,T,NAD83, 3248, 60,NGVD29,10140201
USGS,432017103252901,008S06E20DAB,GW,43.33803309,-103.4251969,M,NAD83, 3210,111,NGVD29,10120106
USGS,432020102115601, 39N41W20,GW,43.33888045,-102.1993244,M,NAD83, 3132,100,NGVD29,10140201
USGS,432020103245309,008S06E21BDCD,GW,43.33886657,-103.4151969,S,NAD83, 3266.35,5,NGVD29,10120109
USGS,432021102115801, 39N41W20DBBC,GW,43.33832489,-102.1993244,S,NAD83, 3149, 10,NGVD29,10140201
USGS,432021102115901, 39N41W20BACD,GW,43.34388046,-102.20238,F,NAD83, 3122, 16,NGVD29,10140201
USGS,432021102115902, 39N41W202,GW,43.3391582,-102.2001578,T,NAD83, 3136,450,NGVD29,10140201
USGS,432021102115903, 39N41W20BDCC,GW,43.340547,-102.2043246,F,NAD83, 3086, 16,NGVD29,10140201
USGS,432022102223901, 39N43W23,GW,43.33943345,-102.377942,M,NAD83, 2985,100,NGVD29,10140201
USGS,432023102225001, 39N43W23BDCC,GW,43.3397112,-102.3809977,T,NAD83, 2969.00, 30,NGVD29,10140201
USGS,432023102412501, 39N45W19,GW,43.33970807,-102.6907334,T,NAD83, 2800.00, 80,NGVD29,10140201
USGS,432027102220001, 39N43W23ADDA,GW,43.34082249,-102.3671083,T,NAD83, 3142, 25,NGVD29,10140201
USGS,432028102120801, 39N41W20BAAC,GW,43.34582498,-102.2001578,S,NAD83, 3155, 30,NGVD29,10140201
USGS,432028103253501,008S06E20DBA,GW,43.3410887,-103.4268635,F,NAD83, 3240, 10,NGVD29,10120106
USGS,432032101321601, 39N36W23AABD,GW,43.3444419,-101.5359824,S,NAD83, 3345, 20,NGVD29,10140202
USGS,432033101572001, 39N39W20ACAA,GW,43.34249596,-101.955985,F,NAD83, 3444, 15,NGVD29,10140202
USGS,432033103101001,008S08E21AA,GW,43.34609176,-103.1668643,T,NAD83, 3232, 10,NGVD29,10120109
USGS,432034102281101, 39N44W24A,GW,43.3427657,-102.470168,T,NAD83, 2887,150,NGVD29,10140201
USGS,432035102162601, 39N42W22ADC,GW,43.34221258,-102.27016,S,NAD83, 3198, 20,NGVD29,10140201
USGS,432036102072901, 39N41W24B,GW,43.3433264,-102.1251557,T,NAD83, 3119, 65,NGVD29,10140201
USGS,432036102225001, 39N43W23CACB,GW,43.33693338,-102.381831,F,NAD83, 2978, 16,NGVD29,10140201
USGS,432036102484801, 39N46W19BCAA,GW,43.34331786,-102.8137956,F,NAD83, 2900, 30,NGVD29,10140201
USGS,432036102484802, 39N46W19BCAA2,GW,43.34331786,-102.8137956,F,NAD83, 2900, 30,NGVD29,10140201
USGS,432038101461001, 39N38W24BB,GW,43.34388667,-101.7698713,T,NAD83, 3149, 30,NGVD29,10140202
USGS,432038102302801, 39N44W22AA,GW,43.34387638,-102.5082251,T,NAD83, 2950, 50,NGVD29,10140201
USGS,432042103034301,008S09E21AA,GW,43.3449815,-103.0624188,F,NAD83, 3243, 10,NGVD29,10120109
USGS,432043103204001,008S06E24AAAC,GW,43.3452565,-103.3449198,S,NAD83, 3280,5,NGVD29,10120109
USGS,432043103230201,008S06E22AA,GW,43.345256,-103.3843639,M,NAD83, 3245,111,NGVD29,10120109
USGS,432047103221901,008S06E14ADCD2,GW,43.33775587,-103.3790862,M,NAD83, 3220,5,NGVD29,10120109
USGS,432048101380501, 39N37W13DD,GW,43.34666439,-101.6351489,T,NAD83, 3116, 40,NGVD29,10140202
USGS,432049101593001, 39N40W13DDDB,GW,43.34694016,-101.9920966,F,NAD83, 3480, 20,NGVD29,10140202
USGS,432050101511101, 39N38W18AA,GW,43.35833056,-101.8534834,S,NAD83, 2952, 20,NGVD29,10140202
USGS,432050101572801, 39N39W17DCAC,GW,43.34721827,-101.9582072,S,NAD83, 3445, 30,NGVD29,10140202
USGS,432050101591701, 39N39W18CBDB,GW,43.35082918,-101.9884854,S,NAD83, 3477, 30,NGVD29,10140202
USGS,432050103063901,006S08E24ACD,GW,43.51387478,-103.1113074,F,NAD83, 3000, 50,NGVD29,10120109
USGS,432050103260001,008S06E17CCD,GW,43.34719989,-103.4338078,F,NAD83, 3116.2,5,NGVD29,10120109
USGS,432051101565301, 39N39W16CC,GW,43.34749614,-101.9484849,S,NAD83, 3428, 20,NGVD29,10140202
USGS,432052103261401,008S06E17CCD2,GW,43.3477554,-103.4376967,F,NAD83, 3100,5,NGVD29,10120109
USGS,432053102203801, 39N42W18CC,GW,43.34804508,-102.3443297,T,NAD83, 3281,180,NGVD29,10140201
USGS,432054101594201, 39N40W13DCA,GW,43.34832906,-101.9954299,T,NAD83, 3510, 60,NGVD29,10140201
USGS,432054102124401, 39N41W18DD,GW,43.3483248,-102.2104359,T,NAD83, 3071, 30,NGVD29,10140201
USGS,432057102230501, 39N43W14CCBC,GW,43.3491557,-102.3851647,T,NAD83, 2963, 30,NGVD29,10140201
USGS,432057102232601, 39N43W15DCAA,GW,43.3491556,-102.3909982,T,NAD83, 2985, 15,NGVD29,10140201
USGS,432057103221001,008S06E14DC,GW,43.34914519,-103.3699195,S,NAD83, 3148,5,NGVD29,10120109
USGS,432058103254801,008S06E17DCB,GW,43.3494222,-103.4304745,S,NAD83, 3132,5,NGVD29,10120109
USGS,432059103235901,008S06E15CCB,GW,43.34970038,-103.400197,T,NAD83, 3234, 10,NGVD29,10120109
USGS,432100101560901, 39N39W16D,GW,43.3499963,-101.9362624,T,NAD83, 3149,300,NGVD29,10140202
USGS,432100102132901, 39N41W18C,GW,43.3499912,-102.2234918,F,NAD83, 3166.00, 30,NGVD29,10140201
USGS,432100102183301, 39N42W17ACD,GW,43.3544344,-102.3129396,T,NAD83, 3376, 60,NGVD29,10140201
USGS,432100102241701, 39N43W15CBC,GW,43.3499888,-102.4051655,T,NAD83, 3067, 15,NGVD29,10140201
USGS,432101101360401, 39N36W17DB,GW,43.35027546,-101.6015378,T,NAD83, 3054, 30,NGVD29,10140202
USGS,432102101185801, 39N42W17ACD2,GW,43.35498999,-102.3126618,F,NAD83, 3360.00, 60,NGVD29,10140201
USGS,432106102282001, 39N44W13DB,GW,43.35165466,-102.4726682,T,NAD83, 2986, 90,NGVD29,10140201
USGS,432107102015201, 39N40W14CA,GW,43.35193975,-102.0229306,T,NAD83, 3477, 30,NGVD29,10140201
USGS,432108101560601, 39N39W16DB,GW,43.35221859,-101.935429,S,NAD83, 3283, 50,NGVD29,10140202
USGS,432108102231601, 39N43W15DA,GW,43.35221126,-102.3882204,T,NAD83, 3068, 90,NGVD29,10140201
USGS,432108102231602, 39N43W15DCBA,GW,43.34943337,-102.3940539,F,NAD83, 2995, 20,NGVD29,10140201
USGS,432109103250801,008S06E16CB,GW,43.35247799,-103.4193635,F,NAD83, 3158.1,5,NGVD29,10120109
USGS,432110101301001, 39N35W18ACCD,GW,43.3533308,-101.5115379,S,NAD83, 2916, 20,NGVD29,10140202
USGS,432110103224001,008S06E14BCDC,GW,43.3527563,-103.3782528,F,NAD83, 3222, 10,NGVD29,10120109
USGS,432111102123601, 39N41W18DAAB,GW,43.3527693,-102.2101581,S,NAD83, 3060, 15,NGVD29,10140201
USGS,432113102115901, 39N41W17,GW,43.35360287,-102.2001579,T,NAD83, 3248,480,NGVD29,10140201
USGS,432113103224801,008S06E14ADCD,GW,43.3544231,-103.3710306,S,NAD83, 3225, 10,NGVD29,10120106
USGS,432114102131001, 39N41W18,GW,43.35388025,-102.2198806,M,NAD83, 3083, 50,NGVD29,10140201
USGS,432115102124801, 39N41W18ACDC,GW,43.3544359,-102.2146027,S,NAD83, 3044, 15,NGVD29,10140201
USGS,432115102234301, 39N43W15DACD,GW,43.3499889,-102.3948873,F,NAD83, 2995, 20,NGVD29,10140201
USGS,432115102234701, 39N43W152,GW,43.3541556,-102.3968319,M,NAD83, 3165,100,NGVD29,10140201
USGS,432116103210701,008S06E13,GW,43.3544233,-103.3524197,M,NAD83, 3255, 10,NGVD29,10120109
USGS,432117101462701, 39N38W14AD,GW,43.3547201,-101.7745935,T,NAD83, 3182, 30,NGVD29,10140202
USGS,432117101552401, 39N39W15BD,GW,43.35471875,-101.9237622,T,NAD83, 3084,120,NGVD29,10140202
USGS,432117103232901,008S06E15,GW,43.3547006,-103.3918637,M,NAD83, 3222,5,NGVD29,10120109
USGS,432118103235001,008S06E15BC,GW,43.3549783,-103.397697,T,NAD83, 3220, 20,NGVD29,10120109
USGS,432118103244701,008S06E16BDD,GW,43.3549781,-103.4135302,S,NAD83, 3159.6,5,NGVD29,10120109
USGS,432118103245601,008S06E16BCC,GW,43.3549781,-103.4160302,S,NAD83, 3158.14,5,NGVD29,10120109
USGS,432119102074201, 39N41W13BCCA,GW,43.355271,-102.1287669,F,NAD83, 3119, 10,NGVD29,10140201
USGS,432119103210201,008S06E13ACC,GW,43.3552567,-103.3510308,S,NAD83, 3270,5,NGVD29,10120109
USGS,432119103234301,008S06E15BDC,GW,43.3552561,-103.3957526,S,NAD83, 3242.92, 10,NGVD29,10120109
USGS,432119103234302,008S06E15BDC2,GW,43.3552561,-103.3957526,S,NAD83, 3233.29, 10,NGVD29,10120109
USGS,432120101120001, 39N41W17CBBB,GW,43.3530471,-102.2087692,S,NAD83, 3067, 20,NGVD29,10140201
USGS,432120102124401, 39N41W18AD,GW,43.3555471,-102.2104359,T,NAD83, 3070, 30,NGVD29,10140201
USGS,432121102123701, 39N41W18ADDC,GW,43.3541582,-102.2096026,S,NAD83, 3067, 20,NGVD29,10140201
USGS,432122103224601,008S06E14BC,GW,43.3560897,-103.3799194,S,NAD83, 3220,5,NGVD29,10120109
USGS,432124102124001, 39N41W18ADBC,GW,43.3566582,-102.211547,F,NAD83, 3073, 20,NGVD29,10140201
USGS,432125103241001,008S06E16ADA,GW,43.35692276,-103.4032525,S,NAD83, 3154,5,NGVD29,10120109
USGS,432126102041701, 39N40W17BAAC,GW,43.3594387,-102.0818211,S,NAD83, 3100, 20,NGVD29,10140201
USGS,432126102044401, 39N40W17BDAB,GW,43.35721646,-102.0815434,S,NAD83, 3120, 20,NGVD29,10140201
USGS,432128102223401, 39N43W14ABCC,GW,43.357767,-102.3765533,F,NAD83, 2955, 16,NGVD29,10140201
USGS,432128102240001, 39N43W15B,GW,43.3577667,-102.4004432,T,NAD83, 3084,135,NGVD29,10140201
USGS,432128102240002, 39N43W15B2,GW,43.3577667,-102.4004432,M,NAD83, 3084,135,NGVD29,10140201
USGS,432130102082801, 37N43W36BADD2,GW,43.1410998,-102.3587703,F,NAD83, 3210,100,NGVD29,10140201
USGS,432132102553401, 39N47W18,GW,43.35526106,-102.9265804,T,NAD83, 3040.00,120,NGVD29,10140201
USGS,432132103204501,008S06E13AAC,GW,43.35886799,-103.3463086,S,NAD83, 3207.96, 10,NGVD29,10120109
USGS,432132103211201,008S06E13BAD,GW,43.3588679,-103.3538085,S,NAD83, 3212.80, 10,NGVD29,10120109
USGS,432133101483301, 39N38W15BB,GW,43.35916429,-101.8095939,T,NAD83, 3018,120,NGVD29,10140202
USGS,432133101545501, 39N39W15BADA,GW,43.35832995,-101.9218177,S,NAD83, 3214, 20,NGVD29,10140201
USGS,432133102074801, 39N41W14,GW,43.35388187,-102.1401562,M,NAD83, 3150,130,NGVD29,10140201
USGS,432134101532301, 39N39W13BBB,GW,43.35944136,-101.8901506,T,NAD83, 2995, 20,NGVD29,10140202
USGS,432134102125601, 39N41W18AB,GW,43.35943596,-102.2159917,T,NAD83, 3040, 15,NGVD29,10140201
USGS,432134102160901, 39N42W15AA,GW,43.359435,-102.2696046,T,NAD83, 3180, 50,NGVD29,10140201
USGS,432134102214801, 39N43W13BBB,GW,43.35943387,-102.363775,T,NAD83, 3018, 16,NGVD29,10140201
USGS,432136101545401, 39N39W15ABAD,GW,43.35999669,-101.9168176,S,NAD83, 3139, 15,NGVD29,10140202
USGS,432138103220701,008S06E14ABA,GW,43.3605344,-103.3690861,S,NAD83, 3197.30, 10,NGVD29,10120109
USGS,432138103243801,008S06E16ABB,GW,43.36053387,-103.4110302,S,NAD83, 3149.5,5,NGVD29,10120109
USGS,432138103244501,008S06E16BAA,GW,43.3605338,-103.4129746,S,NAD83, 3160.06,5,NGVD29,10120109
USGS,432139103214801,008S06E14AAA,GW,43.36081227,-103.3638084,S,NAD83, 3202.90, 10,NGVD29,10120109
USGS,432139103232501,008S06E15ABB,GW,43.3608119,-103.3907526,S,NAD83, 3148,5,NGVD29,10120109
USGS,432139103241101,008S06E16AAA,GW,43.36081175,-103.4035303,S,NAD83, 3146.19, 10,NGVD29,10120109
USGS,432139103242801,008S06E16ABA,GW,43.36081169,-103.4082524,S,NAD83, 3148.5,5,NGVD29,10120109
USGS,432141101551901, 39N39W10CDDB,GW,43.36083,-101.9204288,S,NAD83, 3172, 20,NGVD29,10140202
USGS,432141102073701, 39N41W12CCAC,GW,43.36138226,-102.127378,F,NAD83, 3044, 40,NGVD29,10140201
USGS,432143101320601, 39N36W11DCDA,GW,43.3611087,-101.53876,S,NAD83, 2919, 20,NGVD29,10140202
USGS,432143101495901, 39N38W 8DD,GW,43.3619419,-101.8334831,T,NAD83, 2953,120,NGVD29,10140202
USGS,432145103183501,008S07E08DCCC,GW,43.36247968,-103.3101978,F,NAD83, 3232.01, 10,NGVD29,10120109
USGS,432145103191101,008S07E08CCC,GW,43.36247955,-103.3201977,F,NAD83, 3224.2,5,NGVD29,10120109
USGS,432145103235101,008S06E10CCD,GW,43.3624785,-103.3979747,F,NAD83, 3150, 10,NGVD29,10120109
USGS,432145103240601,008S06E09DDD,GW,43.36247848,-103.4021414,F,NAD83, 3145.2, 10,NGVD29,10120109
USGS,432145103250901,008S06E09CCC,GW,43.36247825,-103.4196412,F,NAD83, 3158.99, 10,NGVD29,10120109
USGS,432146102084801, 39N41W11CC,GW,43.36277077,-102.1471008,T,NAD83, 3150, 50,NGVD29,10140201
USGS,432146102291401, 39N44W11DDB,GW,43.3627657,-102.487669,F,NAD83, 2870, 30,NGVD29,10140201
USGS,432147103022501,008S09E10DD,GW,43.3630377,-103.0407519,F,NAD83, 3296, 10,NGVD29,10120109
USGS,432148102144201, 39N42W12CC,GW,43.36332429,-102.245437,T,NAD83, 3115, 50,NGVD29,10140201
USGS,432148103225901,008S06E10DD,GW,43.36331208,-103.3835304,T,NAD83, 3146.71,10,NGVD29,10120109
USGS,432148103225902,008S06E10DD2,GW,43.36331208,-103.3835304,T,NAD83, 3135.10, 10,NGVD29,10120109
USGS,432149101314101, 39N36W12CCDD,GW,43.3605531,-101.5284822,S,NAD83, 2925, 30,NGVD29,10140202
USGS,432149101545401, 39N39W10D,GW,43.36360789,-101.9154287,M,NAD83, 3050, 90,NGVD29,10140202
USGS,432149102294001, 39N44W11CDAA,GW,43.36359897,-102.4948916,F,NAD83, 2837, 30,NGVD29,10140201
USGS,432150102161701, 39N42W10D,GW,43.36387949,-102.2718269,T,NAD83, 3165,100,NGVD29,10140201
USGS,432150103135601,008S07E12DCB,GW,43.3638695,-103.2326982,F,NAD83, 3210,  5,NGVD29,10120109
USGS,432151102195201, 39N42W 7D,GW,43.3641565,-102.3315516,M,NAD83, 3149,100,NGVD29,10140201
USGS,432151103185301,008S07E08CDB,GW,43.3641463,-103.3151977,F,NAD83, 3210.59,5,NGVD29,10120109
USGS,432151103242401,008S06E09DCA,GW,43.3641451,-103.4071413,F,NAD83, 3148.3, 10,NGVD29,10120109
USGS,432152102401101, 39N45W 8DCB,GW,43.36443088,-102.6701773,T,NAD83, 2760, 10,NGVD29,10140201
USGS,432153102150901, 39N42W11DBDD,GW,43.3652686,-102.2529373,S,NAD83, 3067, 10,NGVD29,10140201
USGS,432154102151501, 39N42W11D,GW,43.36499086,-102.2515483,T,NAD83, 3051.00, 90,NGVD29,10140201
USGS,432155101403001, 39N37W10DA,GW,43.36527579,-101.6754264,F,NAD83, 2821.00, 25,NGVD29,10140202
USGS,432157101565501, 39N39W 9CBDA,GW,43.36610767,-101.9470958,S,NAD83, 3346, 30,NGVD29,10140202
USGS,432158101552401, 39N39W10,GW,43.36610787,-101.9237621,M,NAD83, 3182, 30,NGVD29,10140201
USGS,432158103225501,008S06E10DAD,GW,43.36608995,-103.3824193,F,NAD83, 3146.71,10,NGVD29,10120109
USGS,432202101573601, 39N39W 8,GW,43.36721869,-101.9604293,M,NAD83, 3214,300,NGVD29,10140202
USGS,432202102223601, 39N43W11,GW,43.36721157,-102.377109,M,NAD83, 2919,100,NGVD29,10140201
USGS,432203102201301, 39N42W 7,GW,43.36860097,-102.3373852,T,NAD83, 3100,120,NGVD29,10140201
USGS,432204102401701, 39N45W 8CAA,GW,43.36776426,-102.671844,T,NAD83, 2775.00, 10,NGVD29,10140201
USGS,432204103225501,008S06E10DAA,GW,43.36775666,-103.3824193,F,NAD83, 3140,10,NGVD29,10120109
USGS,432205101531101, 39N39W12CBDA,GW,43.36833045,-101.8865394,S,NAD83, 3034, 10,NGVD29,10140202
USGS,432205102152301, 39N42W112,GW,43.36804639,-102.2568263,F,NAD83, 3116, 60,NGVD29,10140201
USGS,432205102191501, 39N43W26,GW,43.3252666,-102.3759973,T,NAD83, 3015., 90,NGVD29,10140201
USGS,432205102223401, 39N43W112,GW,43.3680449,-102.3765535,M,NAD83, 2950, 50,NGVD29,10140201
USGS,432206102142201, 39N42W12ABDC,GW,43.37304688,-102.23377,S,NAD83, 3024, 20,NGVD29,10140201
USGS,432206102460401, 39N46W 9DBB,GW,43.36831897,-102.7682376,T,NAD83, 2945, 20,NGVD29,10140201
USGS,432207102223201, 39N43W11ACCC,GW,43.36915604,-102.3768313,F,NAD83, 2904, 20,NGVD29,10140201
USGS,432208102152001, 39N42W11,GW,43.36887975,-102.255993,M,NAD83, 3116,100,NGVD29,10140201
USGS,432208102223601, 39W43W113,GW,43.36887826,-102.377109,M,NAD83, 2910, 50,NGVD29,10140201
USGS,432208103195601,008S07E07,GW,43.36886846,-103.3326976,M,NAD83, 3215, 10,NGVD29,10120109
USGS,432211102063001, 39N40W 7BC,GW,43.3697161,-102.1087663,S,NAD83, 3214, 20,NGVD29,10140201
USGS,432211103110101,008S08E08ADD,GW,43.36970344,-103.1840866,F,NAD83, 3242.70, 10,NGVD29,10120109
USGS,432211103194701,008S07E07ACC,GW,43.36970185,-103.3301976,F,NAD83, 3116,5,NGVD29,10120109
USGS,432211103234001,008S06E10BDC,GW,43.36970099,-103.3949192,F,NAD83, 3150, 10,NGVD29,10120109
USGS,432212102051601, 39N40W 8BBBD,GW,43.3741611,-102.0882102,F,NAD83, 3100, 30,NGVD29,10140201
USGS,432212102150301, 39N42W11ADDD,GW,43.369991,-102.2476593,F,NAD83, 3035.00, 30,NGVD29,10140201
USGS,432213102224102, 39N43W11BD2,GW,43.37026715,-102.378498,T,NAD83, 2900, 30,NGVD29,10140201
USGS,432213102321101, 39N44W 9BD,GW,43.37026536,-102.536838,T,NAD83, 2895, 90,NGVD29,10140201
USGS,432214102042801, 39N40W 8BBCC,GW,43.37443889,-102.0879324,S,NAD83, 3100, 20,NGVD29,10140201
USGS,432214103234301,007S06E34CBDB,GW,43.39525719,-103.3990857,F,NAD83, 3190,5,NGVD29,10120109
USGS,432216102093201, 39N41W10ACBC,GW,43.37110399,-102.1593234,F,NAD83, 3122, 20,NGVD29,10140201
USGS,432217101460001, 39N38W12B,GW,43.371387,-101.7670932,M,NAD83, 2887, 30,NGVD29,10140202
USGS,432217103225501,008S06E10ADA,GW,43.37136787,-103.3824193,F,NAD83, 3135,10,NGVD29,10120109
USGS,432218102042801, 39N40W8BABC,GW,43.3741612,-102.0834878,S,NAD83, 3116, 20,NGVD29,10140201
USGS,432218103203501,008S06E12ADA,GW,43.37164618,-103.3435308,S,NAD83, 3126,5,NGVD29,10120109
USGS,432219101484601, 39N38W 9AADC,GW,43.3719422,-101.813205,F,NAD83, 2952, 30,NGVD29,10140202
USGS,432219102080301, 39N41W11A,GW,43.37193786,-102.1346004,T,NAD83, 3037, 50,NGVD29,10140201
USGS,432219102081601, 39N41W11ACBA,GW,43.37193778,-102.1382117,F,NAD83, 3073, 20,NGVD29,10140201
USGS,432219102084201, 39N41W11B,GW,43.3719376,-102.145434,M,NAD83, 3058, 30,NGVD29,10140201
USGS,432220102153801, 39N42W11BD,GW,43.37221306,-102.2609932,T,NAD83, 3180, 20,NGVD29,10140201
USGS,432220103242001,008S06E09ADB,GW,43.3722009,-103.4060302,M,NAD83, 3035, 10,NGVD29,10120109
USGS,432222102062401, 39N40W 7ABAD,GW,43.37388317,-102.0954326,U,NAD83, 3047,4.3,NAVD88,10140201
USGS,432222102223501, 39N43W11BD,GW,43.3702671,-102.3790536,T,NAD83, 2887.00, 30,NGVD29,10140201
USGS,432225102130201, 39N41W 7ACDB,GW,43.36999166,-102.2162695,S,NAD83, 3057, 20,NGVD29,10140201
USGS,432225102140001, 39N42W12ABDC2,GW,43.37304688,-102.23377,S,NAD83, 3024, 20,NGVD29,10140201
USGS,432226102240901, 39N43W10BB,GW,43.37387799,-102.4043325,T,NAD83, 2986, 90,NGVD29,10140201
USGS,432227102081401, 39N41W11AAAC,GW,43.37416005,-102.137656,T,NAD83, 3067, 50,NGVD29,10140201
USGS,432228102133401, 39N41W 7BBA,GW,43.37443597,-102.2251587,T,NAD83, 3021, 30,NGVD29,10140201
USGS,432228102203801, 39N42W 7BB,GW,43.37443428,-102.34433,T,NAD83, 3100.00, 60,NGVD29,10140201
USGS,432230102054001, 39N40W 6DCDA,GW,43.3763832,-102.0945992,S,NAD83, 3014.00, 20,NGVD29,10140201
USGS,432230103171701,008S07E09ABA,GW,43.37498035,-103.2885313,S,NAD83, 3182,5,NGVD29,10120109
USGS,432230103172501,008S07E09ABB,GW,43.3749803,-103.2907535,S,NAD83, 3180,5,NGVD29,10120109
USGS,432230103184801,008S07E08BAA,GW,43.37498,-103.3138088,S,NAD83, 3155,5,NGVD29,10120109
USGS,432230103202701,008S07E07BBB,GW,43.3749796,-103.3413086,S,NAD83, 3116.5,5,NGVD29,10120109
USGS,432230103202702,008S07E07BBB2,GW,43.3749796,-103.3413086,S,NAD83, 3110,5,NGVD29,10120109
USGS,432230103202703,008S07E07BBB3,GW,43.3749796,-103.3413086,S,NAD83, 3110,5,NGVD29,10120109
USGS,432230103241501,008S06E09AAB,GW,43.37497878,-103.4046413,F,NAD83, 3043, 10,NGVD29,10120109
USGS,432232102230701, 39N43W 2CCCC,GW,43.3755449,-102.3857206,F,NAD83, 2900, 10,NGVD29,10140201
USGS,432232102311901, 39N44W 3CCCD,GW,43.3755433,-102.522393,F,NAD83, 2840, 65,NGVD29,10140201
USGS,432233101354101, 39N36W 5DD,GW,43.3758312,-101.5951486,T,NAD83, 3215, 90,NGVD29,10140202
USGS,432233101540001, 39N39W 2DCCC,GW,43.37583048,-101.9004284,F,NAD83, 3034, 20,NGVD29,10140202
USGS,432233103194001,008S07E06DCDC,GW,43.37581317,-103.3282531,F,NAD83, 3133, 10,NGVD29,10120109
USGS,432233103230901,007S06E03DCDD,GW,43.37581239,-103.3863081,F,NAD83, 3850, 50,NGVD29,10120109
USGS,432235101591701, 39N39W 6CC,GW,43.3763853,-101.9884851,T,NAD83, 3313, 60,NGVD29,10140202
USGS,432236102054001, 39N40W 6DCDA2,GW,43.376661,-102.094877,F,NAD83, 2985, 30,NGVD29,10140201
USGS,432236102225901, 39N43W11BCDC,GW,43.3683226,-102.3834982,T,NAD83, 2910, 15,NGVD29,10140201
USGS,432236103194001,008S07E06DCD,GW,43.3766465,-103.3282531,S,NAD83, 3128,5,NGVD29,10120109
USGS,432237102242801, 39N43W 4DDAC,GW,43.3769335,-102.4082215,F,NAD83, 3030.00, 20,NGVD29,10140201
USGS,432237103180301,008S07E04CCC,GW,43.37692468,-103.3013089,S,NAD83, 3138,5,NGVD29,10120109
USGS,432237103181301,008S07E05DDD,GW,43.3769246,-103.3040867,S,NAD83, 3137.19,5,NGVD29,10120109
USGS,432237103191201,008S07E06DCC2,GW,43.3769244,-103.3204754,S,NAD83, 3030.4,5,NGVD29,10120109
USGS,432237103192201,008S07E06DDD,GW,43.37692438,-103.3232532,S,NAD83, 3157.5,5,NGVD29,10120109
USGS,432237103192202,008S07E06DDD2,GW,43.37692438,-103.3232532,S,NAD83, 3150,5,NGVD29,10120109
USGS,432237103193802,008S07E06DCD2,GW,43.3769243,-103.3276976,F,NAD83, 3129,5,NGVD29,10120109
USGS,432237103194701,008S07E06DCC,GW,43.37692429,-103.3301976,F,NAD83, 3131.77,5,NGVD29,10120109
USGS,432237103225501,008S06E03DDD,GW,43.37692358,-103.3824193,F,NAD83, 3134.20, 10,NGVD29,10120109
USGS,432237103233101,008S06E03CDD,GW,43.37692345,-103.3924192,F,NAD83, 3052.8,10,NGVD29,10120109
USGS,432238102132001, 39N41W 6CD,GW,43.37721388,-102.2209919,T,NAD83, 3015, 30,NGVD29,10140201
USGS,432238103203601,008S06E01DDD,GW,43.37720189,-103.3438085,S,NAD83, 3069,5,NGVD29,10120109
USGS,432238103203602,008S06E01DDD2,GW,43.37720189,-103.3438085,S,NAD83, 3069,5,NGVD29,10120109
USGS,432239102053601, 39N40W 7BAD,GW,43.3736053,-102.0993216,F,NAD83, 3100, 20,NGVD29,10140201
USGS,432240103013901,007S09E03DD,GW,43.37776048,-103.027974,S,NAD83, 3150,5,NGVD29,10120109
USGS,432241102231001, 39N43W 3DDAA,GW,43.3780449,-102.386554,T,NAD83, 2895, 15,NGVD29,10140201
USGS,432242102195401, 39N42W 6DCCA,GW,43.37832337,-102.3321073,T,NAD83, 3100, 25,NGVD29,10140201
USGS,432242103043301,008S09E04CB,GW,43.37831567,-103.0763078,F,NAD83, 3256,50,NGVD29,10120109
USGS,432242103170201,008S07E04DDA,GW,43.3783138,-103.2843647,S,NAD83, 3139.45,5,NGVD29,10120109
USGS,432242103170202,008S07E04DDA2,GW,43.3783138,-103.2843647,S,NAD83, 3137.5,5,NGVD29,10120109
USGS,432243103162701,008S07E03CDA,GW,43.37859176,-103.2746425,S,NAD83, 3140,5,NGVD29,10120109
USGS,432243103185601,008S07E05CDB,GW,43.37859119,-103.316031,T,NAD83, 3150, 10,NGVD29,10120109
USGS,432244102061501, 39N40W 6C,GW,43.37888307,-102.1045995,T,NAD83, 3116,100,NGVD29,10140201
USGS,432244103140201,008S07E01CADC,GW,43.37887,-103.2343648,F,NAD83, 3147, 10,NGVD29,10120109
USGS,432244103164801,008S07E03CBCD,GW,43.37886946,-103.2804758,F,NAD83, 3110, 10,NGVD29,10120109
USGS,432244103173701,008S07E04CDA,GW,43.37886928,-103.2940868,S,NAD83, 3150,5,NGVD29,10120109
USGS,432244103181301,008S07E05DDA,GW,43.3788691,-103.3040867,S,NAD83, 3129,5,NGVD29,10120109
USGS,432246103240201,008S06E03CCB,GW,43.3794234,-103.4010302,S,NAD83, 3074.44,5,NGVD29,10120109
USGS,432247102233401, 39N43W 3DBDB,GW,43.3797115,-102.393221,F,NAD83, 2920, 20,NGVD29,10140201
USGS,432247103203701,008S06E01DAA,GW,43.37970196,-103.3440863,S,NAD83, 3024.5,5,NGVD29,10120109
USGS,432247103203702,008S06E01DAA2,GW,43.37970196,-103.3440863,S,NAD83, 3053.42,5,NGVD29,10120109
USGS,432248102133701, 39N41W 6CB,GW,43.37999158,-102.2262699,T,NAD83, 2980.00, 30,NGVD29,10140201
USGS,432250103191601,008S07E05CBC,GW,43.3805356,-103.3215865,S,NAD83, 3121.7,5,NGVD29,10120109
USGS,432250103204601,008S06E01DAC,GW,43.38053528,-103.3465863,S,NAD83, 3045,5,NGVD29,10120109
USGS,432251102062001, 39N40W 8BCCB,GW,43.36916099,-102.0890435,S,NAD83, 3017, 20,NGVD29,10140201
USGS,432251102211401, 39N43W 1DB,GW,43.3808231,-102.3543305,T,NAD83, 2986, 30,NGVD29,10140201
USGS,432251103221001, 39N43W 2BAAA,GW,43.38940115,-102.3769059,F,NAD83, 2910, 10,NGVD29,10140201
USGS,432253102054301, 39N40W 6DBAD,GW,43.3813833,-102.0957104,S,NAD83, 3018, 20,NGVD29,10140201
USGS,432253102132701, 39N41W 6CBA,GW,43.3813805,-102.2246032,T,NAD83, 2985, 10,NGVD29,10140201
USGS,432254101334801, 39N36W 3,GW,43.3816645,-101.5637596,M,NAD83, 3030,150,NGVD29,10140202
USGS,432256103240101,008S06E03CBB,GW,43.38220126,-103.4007524,S,NAD83, 3050,5,NGVD29,10120109
USGS,432256103242401,008S06E04DBA,GW,43.38220117,-103.4071412,F,NAD83, 3046.66,10,NGVD29,10120109
USGS,432257101432001, 39N37W 5BDCD,GW,43.38194278,-101.7251484,S,NAD83, 2750, 20,NGVD29,10140202
USGS,432257102211901, 39N43W 1,GW,43.3824898,-102.3557194,M,NAD83, 2985,100,NGVD29,10140201
USGS,432257103165301,008S07E03CBB,GW,43.38248067,-103.2818647,S,NAD83, 3118.5,5,NGVD29,10120109
USGS,432257103172801,008S07E04DBB,GW,43.3824805,-103.2915868,S,NAD83, 3121.1,5,NGVD29,10120109
USGS,432257103173701,008S07E04CAA,GW,43.3824805,-103.2940868,S,NAD83, 3175,5,NGVD29,10120109
USGS,432257103181201,008S07E05DAA,GW,43.38248037,-103.3038089,S,NAD83, 3164.75,5,NGVD29,10120109
USGS,432257103184801,008S07E05CAA,GW,43.3824802,-103.3138088,S,NAD83, 3118,5,NGVD29,10120109
USGS,432257103210201,008S06E01DBB,GW,43.3824797,-103.3510307,S,NAD83, 3045,5,NGVD29,10120109
USGS,432258102085701, 39N41W 2BCCB,GW,43.38443775,-102.1496009,T,NAD83, 3025.00, 30,NGVD29,10140201
USGS,432258102164401, 39N42W 3,GW,43.38276855,-102.2768273,T,NAD83, 3248,180,NGVD29,10140201
USGS,432259103213001,008S06E01BCD,GW,43.38303519,-103.3588084,S,NAD83, 3027,5,NGVD29,10120106
USGS,432300102230501, 39N43W 2BCC,GW,43.38332278,-102.3851651,T,NAD83, 2890.00, 10,NGVD29,10140201
USGS,432300103074001,008S08E02AC,GW,43.3833154,-103.1282527,F,NAD83, 3137,5,NGVD29,10120109
USGS,432303103142101,008S07E01BCB,GW,43.3841479,-103.2396426,S,NAD83, 3117,5,NGVD29,10120109
USGS,432303103162501,008S07E03BDD,GW,43.38414749,-103.274087,S,NAD83, 3060,5,NGVD29,10120109
USGS,432303103170201,008S07E04ADD,GW,43.38414735,-103.2843646,S,NAD83, 3113.66,5,NGVD29,10120109
USGS,432303103184209,008S07E05ACC,GW,43.38414697,-103.3121421,S,NAD83, 3116,5,NGVD29,10120109
USGS,432303103184801,008S07E05BDD,GW,43.38414695,-103.3138088,F,NAD83, 3113.7,5,NGVD29,10120109
USGS,432303103192501,008S07E06ADD,GW,43.3841468,-103.3240865,S,NAD83, 3121.49,5,NGVD29,10120109
USGS,432303103195201,008S07E06ACC,GW,43.3841467,-103.3315864,S,NAD83, 3111.72,5,NGVD29,10120109
USGS,432303103210301,008S06E01ACC,GW,43.3841464,-103.3513084,F,NAD83, 3052,5,NGVD29,10120109
USGS,432304102053601, 39N40W 6ADCA,GW,43.38443896,-102.0943214,S,NAD83, 3015, 30,NGVD29,10140201
USGS,432305102185701, 39N42W 5AC,GW,43.38471256,-102.314051,T,NAD83, 3133, 90,NGVD29,10140201
USGS,432305102223001, 39N43W 2BCC2,GW,43.38332278,-102.3851651,T,NAD83, 2890.00, 10,NGVD29,10140201
USGS,432306103161201,008S07E03AC,GW,43.3849809,-103.2704759,S,NAD83, 3030,5,NGVD29,10120109
USGS,432309103165401,008S07E03BCB,GW,43.3858141,-103.2821424,S,NAD83, 3001.6,5,NGVD29,10120109
USGS,432312102053801, 39N40W 6ADC,GW,43.3838834,-102.0923769,S,NAD83, 3011, 20,NGVD29,10140201
USGS,432312102061601, 39N40W 6B,GW,43.38666099,-102.1048773,T,NAD83, 3050, 75,NGVD29,10140201
USGS,432312103225701,008S06E03ADA,GW,43.38664607,-103.3829748,F,NAD83, 3180, 10,NGVD29,10120109
USGS,432313103260401,008S06E05BACD,GW,43.3868962,-103.4349964,F,NAD83, 3620,10,NGVD29,10120109
USGS,432315102590101, 40N37W31,GW,43.39583188,-101.7407038,F,NAD83, 2725.,  5,NGVD29,10140202
USGS,432316102285201, 39N44W 1BB,GW,43.38776609,-102.481558,T,NAD83, 2930.00, 90,NGVD29,10140201
USGS,432316103181201,008S07E05AAD,GW,43.3877583,-103.3038089,S,NAD83, 3120,5,NGVD29,10120109
USGS,432316103183201,008S07E05ABC,GW,43.3877582,-103.3093644,S,NAD83, 3100,5,NGVD29,10120109
USGS,432316103192501,008S07E06AAD,GW,43.387758,-103.3240865,S,NAD83, 3105,5,NGVD29,10120109
USGS,432316103212001,008S06E01BAD,GW,43.38775758,-103.3560306,S,NAD83, 3041,5,NGVD29,10120109
USGS,432317102132001, 39N41W 6BA,GW,43.3880473,-102.2226587,T,NAD83, 2969, 30,NGVD29,10140201
USGS,432318101392901, 39N37W 2ABA,GW,43.3883315,-101.6584817,T,NAD83, 2919, 40,NGVD29,10140202
USGS,432319102220501, 39N43W 2AA,GW,43.3886008,-102.3684978,T,NAD83, 1936, 30,NGVD29,10140201
USGS,432319102225501, 39N43W 2BBA,GW,43.38860065,-102.3823873,T,NAD83, 2880.00, 10,NGVD29,10140201
USGS,432319102250201, 39N43W 4BA,GW,43.3886002,-102.4176666,T,NAD83, 2965.00, 60,NGVD29,10140201
USGS,432319102261301, 39N43W 5BA,GW,43.38859998,-102.4373896,T,NAD83, 3050.00, 10,NGVD29,10140201
USGS,432319103160801,008S07E03AB,GW,43.3885921,-103.2693648,T,NAD83, 3050,5,NGVD29,10120109
USGS,432319103163001,008S07E03BA,GW,43.38859205,-103.2754758,S,NAD83, 3100, 15,NGVD29,10120109
USGS,432319103164401,007S07E34BB,GW,43.388592,-103.2793647,T,NAD83, 2980,5,NGVD29,10120109
USGS,432320102302101, 39N44W 3AA,GW,43.3888769,-102.5062814,T,NAD83, 2820.00, 30,NGVD29,10140201
USGS,432320103213401,008S06E01BBB,GW,43.38886867,-103.3599194,S,NAD83, 3029,5,NGVD29,10120109
USGS,432322103101701,008S08E04ABB,GW,43.38942636,-103.1718642,F,NAD83, 3299.8,5,NGVD29,10120109
USGS,432323103143701,008S07E02AAA2,GW,43.38970359,-103.2440871,F,NAD83, 3120, 10,NGVD29,10120109
USGS,432323103143801,008S07E02AAA,GW,43.38970359,-103.2443649,S,NAD83, 3110.7,5,NGVD29,10120109
USGS,432323103170201,008S07E04AAA,GW,43.38970308,-103.2843646,S,NAD83, 3106.89,5,NGVD29,10120109
USGS,432323103192501,008S07E06AAA,GW,43.3897025,-103.3240864,S,NAD83, 3110,5,NGVD29,10120109
USGS,432325102170601, 40N42W34CBAD,GW,43.39582419,-102.2821054,S,NAD83, 3159.00, 10,NGVD29,10140201
USGS,432325102242701, 40N43W33DD,GW,43.390267,-102.4079439,T,NAD83, 2900, 50,NGVD29,10140201
USGS,432326101404801, 40N37W34DC,GW,43.39055385,-101.6804261,T,NAD83, 2837, 30,NGVD29,10140202
USGS,432328101403801, 40N37W34DCDA,GW,43.3911094,-101.6795928,T,NAD83, 2820, 15,NGVD29,10140202
USGS,432328102294601, 40N44W35CDB,GW,43.39109928,-102.4965588,T,NAD83, 2870, 50,NGVD29,10140201
USGS,432329103102601,007S08E33CDD,GW,43.39137085,-103.1743642,F,NAD83, 3115,5,NGVD29,10120109
USGS,432329103150101,007S07E35DCC,GW,43.39137026,-103.2507538,F,NAD83, 3102,5,NGVD29,10120109
USGS,432329103152801,007S07E35CCD,GW,43.39137016,-103.2582538,F,NAD83, 3100,5,NGVD29,10120109
USGS,432329103165701,007S07E33DDD,GW,43.3913698,-103.2829757,F,NAD83, 3103.6,5,NGVD29,10120109
USGS,432329103174201,007S07E33CDC,GW,43.3913696,-103.2954756,F,NAD83, 3111.5,5,NGVD29,10120109
USGS,432330101363501, 40N36W29BB,GW,43.4163872,-101.610148,M,NAD83, 2920, 30,NGVD29,10140202
USGS,432330102300701, 40N44W35CC,GW,43.39165478,-102.5023924,T,NAD83, 2847.00, 50,NGVD29,10140201
USGS,432332102232101, 40N43W34DDC,GW,43.39026725,-102.3896098,T,NAD83, 2875.00, 10,NGVD29,10140201
USGS,432332102240901, 40N43W34CC,GW,43.3908226,-102.4037771,T,NAD83, 2900.00, 40,NGVD29,10140201
USGS,432332102255501, 40N43W32DC,GW,43.39082229,-102.4323894,T,NAD83, 3030.00, 80,NGVD29,10140201
USGS,432333102061501, 40N40W31C,GW,43.3924944,-102.1045995,T,NAD83, 2991, 40,NGVD29,10140201
USGS,432333102125201, 40N41W31DCAB,GW,43.392492,-102.2148807,F,NAD83, 2965, 15,NGVD29,10140201
USGS,432334101590801, 40N39W31CCAA,GW,43.3927746,-101.9859849,F,NAD83, 3182, 16,NGVD29,10140202
USGS,432335103211601,007S06E36CDB,GW,43.3930355,-103.3549195,F,NAD83, 3044.73,5,NGVD29,10120109
USGS,432336102240401, 39N43W 3BBAA R,GW,43.38943377,-102.4004436,F,NAD83, 2900, 10,NGVD29,10140201
USGS,432337101560501, 40N39W33D,GW,43.39360835,-101.9351509,T,NAD83, 3115, 50,NGVD29,10140202
USGS,432337102054801, 40N40W31DBDC,GW,43.3936057,-102.0970993,S,NAD83, 2985, 15,NGVD29,10140201
USGS,432338101405701, 40N37W34CA,GW,43.3938872,-101.6848705,T,NAD83, 2822.00, 45,NGVD29,10140202
USGS,432339103171501,007S07E33DBDD,GW,43.3941476,-103.2879757,F,NAD83, 3105, 10,NGVD29,10120109
USGS,432342103151001,007S07E35CAD,GW,43.39498145,-103.2532538,F,NAD83, 3104,5,NGVD29,10120109
USGS,432343101384001, 40N37W36CA,GW,43.395276,-101.6448705,T,NAD83, 3085, 50,NGVD29,10140202
USGS,432343101570701, 40N39W32DAAC,GW,43.3952749,-101.9523733,F,NAD83, 3142, 35,NGVD29,10140202
USGS,432343102191301, 40N42W32CABC,GW,43.39526816,-102.3207181,T,NAD83, 3050, 10,NGVD29,10140201
USGS,432345102171401, 40N41W32,GW,43.39749245,-102.197658,M,NAD83, 3018,100,NGVD29,10140201
USGS,432345102231601, 40N43W34DAAD,GW,43.3958229,-102.3871098,F,NAD83, 2910.00, 40,NGVD29,10140201
USGS,432345102255701, 40N43W32,GW,43.3958223,-102.4360008,M,NAD83, 3130,250,NGVD29,10140201
USGS,432345103252801,007S06E32AAB,GW,43.3958124,-103.4249187,F,NAD83, 3300, 10,NGVD29,10120109
USGS,432346102055301, 40N40W31DB,GW,43.39610576,-102.0984882,T,NAD83, 3000, 50,NGVD29,10140201
USGS,432346102321401, 40N44W33CAB,GW,43.396099,-102.5376718,T,NAD83, 2800, 50,NGVD29,10140201
USGS,432347102132401, 40N41W31CBAD,GW,43.3963807,-102.2237699,T,NAD83, 2962, 50,NGVD29,10140201
USGS,432348102060101, 40N40W31,GW,43.39666128,-102.1007105,M,NAD83, 2985,100,NGVD29,10140201
USGS,432348103123801,007S08E31DBB,GW,43.3966485,-103.2110312,F,NAD83, 3555,5,NGVD29,10120109
USGS,432348103164801,007S07E34CBB,GW,43.39664779,-103.2804757,F,NAD83, 3095,5,NGVD29,10120109
USGS,432348103165701,007S07E33DAA,GW,43.39664775,-103.2829757,F,NAD83, 3094,5,NGVD29,10120109
USGS,432348103213401,007S06E36CBB,GW,43.39664667,-103.3599194,F,NAD83, 3030,5,NGVD29,10120109
USGS,432350101502701, 39N38W05BBAB,GW,43.38860889,-101.848483,F,NAD83, 2827, 16,NGVD29,10140202
USGS,432351102235401, 40N43W34BDCD,GW,43.39748945,-102.398777,T,NAD83, 2887, 10,NGVD29,10140201
USGS,432352102060001, 40N40W31BDDD,GW,43.3977724,-102.1004327,F,NAD83, 2985, 15,NGVD29,10140201
USGS,432352103124701,007S08E31ABBA,GW,43.4041487,-103.2124201,M,NAD83, 3148, 10,NGVD29,10120109
USGS,432352103232601,007S06E34,GW,43.39775737,-103.3910302,M,NAD83, 3202, 10,NGVD29,10120109
USGS,432353102054801, 40N40W31ACDC,GW,43.39805027,-102.0970992,F,NAD83, 3018, 15,NGVD29,10140202
USGS,432354102062401, 40N40W31BC,GW,43.3983278,-102.1070996,T,NAD83, 2985, 30,NGVD29,10140201
USGS,432354102170601, 40N42W34BCC,GW,43.39832418,-102.2854389,T,NAD83, 3215, 10,NGVD29,10140201
USGS,432354102170602, 40N42W34BCC2,GW,43.39832418,-102.2854389,T,NAD83, 3215, 10,NGVD29,10140201
USGS,432355103165701,007S07E33ADD,GW,43.39859226,-103.2829757,F,NAD83, 3094,5,NGVD29,10120109
USGS,432355103173301,007S07E33BDD,GW,43.3985921,-103.2929756,F,NAD83, 2990,5,NGVD29,10120109
USGS,432355103205801,007S06E36ACC,GW,43.3985913,-103.3499195,F,NAD83, 3015.01,5,NGVD29,10120109
USGS,432355103211001,008S06E01BAA,GW,43.39859126,-103.3532528,F,NAD83, 3115, 10,NGVD29,10120109
USGS,432356101550501, 40N39W34DBA,GW,43.39527519,-101.9165395,F,NAD83, 3086, 16,NGVD29,10140202
USGS,432356102060501, 40N40W31BDD,GW,43.3988835,-102.1018216,T,NAD83, 2985, 30,NGVD29,10140201
USGS,432356102060502, 40N40W31BDD2,GW,43.3988835,-102.1018216,T,NAD83, 2985, 30,NGVD29,10140201
USGS,432356102131201, 40N41W31BDDB,GW,43.39888085,-102.2204365,F,NAD83, 2945, 15,NGVD29,10140201
USGS,432357102063301, 40N40W31BBCB,GW,43.40193896,-102.1095996,S,NAD83, 2955, 15,NGVD29,10140201
USGS,432357103165702,007S07E33ADD2,GW,43.3991478,-103.2829757,F,NAD83, 3096.34,5,NGVD29,10120109
USGS,432358103190901,007S07E32BC,GW,43.3994251,-103.319642,S,NAD83, 3086,5,NGVD29,10120109
USGS,432358103235301,007S06E34BC,GW,43.39942398,-103.39853,T,NAD83, 3190, 10,NGVD29,10120109
USGS,432359102302101, 40N44W34AD,GW,43.3997104,-102.5062816,T,NAD83, 2850.00, 10,NGVD29,10140201
USGS,432400101452501, 40N38W36A,GW,43.39999858,-101.7573706,T,NAD83, 2755, 40,NGVD29,10140202
USGS,432400103233201,007S06E34CADA,GW,43.39581286,-103.3921413,F,NAD83, 3180,100,NGVD29,10120109
USGS,432400103282001,007S05E36BDA,GW,43.3999785,-103.472696,F,NAD83, 4110, 10,NGVD29,10120109
USGS,432401103151001,007S07E35BDA,GW,43.4002594,-103.2532538,F,NAD83, 3096,5,NGVD29,10120109
USGS,432402102125301, 40N41W31ACAB,GW,43.40054766,-102.2151585,F,NAD83, 2942, 20,NGVD29,10140201
USGS,432403101542101, 40N39W35BBDD,GW,43.4008309,-101.9062615,F,NAD83, 3057, 16,NGVD29,10140202
USGS,432403101553201, 40N39W34BDBB,GW,43.40083079,-101.925984,F,NAD83, 3067, 16,NGVD29,10140202
USGS,432403102110601, 40N41W33BBCC,GW,43.40165936,-102.18988,F,NAD83, 3015.00, 10,NGVD29,10140201
USGS,432404102054101, 40N40W31A,GW,43.4011059,-102.0951547,T,NAD83, 3018, 50,NGVD29,10140201
USGS,432404102240001, 40N43W34B,GW,43.4038783,-102.4046107,T,NAD83, 2852.00, 30,NGVD29,10140201
USGS,432405102090301, 40N41W34DDAA,GW,43.40138245,-102.1512676,T,NAD83, 2955, 40,NGVD29,10140201
USGS,432405102090302, 40N41W34DDAA2,GW,43.40138245,-102.1512676,T,NAD83, 2955, 40,NGVD29,10140201
USGS,432406102092001, 40N41W34A,GW,43.4016601,-102.15599,T,NAD83, 2926, 50,NGVD29,10140201
USGS,432406102092101, 40N41W34A2,GW,43.4016601,-102.1562678,T,NAD83, 2926, 50,NGVD29,10140201
USGS,432406103260301,007S06E32BAC,GW,43.40164575,-103.4346408,F,NAD83, 3200, 10,NGVD29,10120109
USGS,432407102061201, 40N40W31BACA2,GW,43.40193909,-102.1037661,F,NAD83, 2985, 15,NGVD29,10140201
USGS,432407102092001, 40N41W34A3,GW,43.4019379,-102.15599,T,NAD83, 2926, 50,NGVD29,10140201
USGS,432407103164801,007S07E34BACB,GW,43.40220355,-103.2779758,F,NAD83, 3185, 10,NGVD29,10120109
USGS,432407103242501,007S06E33ABAC,GW,43.4019239,-103.4074189,F,NAD83, 3250, 10,NGVD29,10120109
USGS,432408102061001, 40N40W31BACA,GW,43.40221688,-102.1032105,F,NAD83, 2985, 20,NGVD29,10140201
USGS,432408103250801,007S06E33BB2,GW,43.4022015,-103.4193632,M,NAD83, 3215,111,NGVD29,10120109
USGS,432409102235401, 40N43W34BDCC,GW,43.39721166,-102.3996104,F,NAD83, 2880.00, 10,NGVD29,10140201
USGS,432410101410201, 40N37W34BA,GW,43.4027762,-101.6843149,T,NAD83, 2890, 50,NGVD29,10140202
USGS,432411102231601, 40N43W34AA,GW,43.4030452,-102.388221,T,NAD83, 2955.00,100,NGVD29,10140201
USGS,432411103235501,007S06E34BB,GW,43.40303518,-103.3990856,M,NAD83, 3330,111,NGVD29,10120109
USGS,432411103262801,007S06E31AAD,GW,43.40303457,-103.4415852,F,NAD83, 3510,10,NGVD29,10120109
USGS,432412102093001, 40N41W34ABBD,GW,43.40332675,-102.1587679,T,NAD83, 2959, 40,NGVD29,10140201
USGS,432413101574001, 40N39W32BAA,GW,43.40360839,-101.96154,F,NAD83, 3090, 16,NGVD29,10140202
USGS,432414103105201,007S08E33BBB,GW,43.40387117,-103.1815865,F,NAD83, 3156.74, 10,NGVD29,10120109
USGS,432414103105202,007S08E33BBB2,GW,43.40387117,-103.1815865,F,NAD83, 3156.74, 10,NGVD29,10120109
USGS,432414103130501,007S08E31BBA,GW,43.40387189,-103.0840856,F,NAD83, 3109,5,NGVD29,10120109
USGS,432414103151001,007S07E35BAA,GW,43.4038706,-103.2532538,F,NAD83, 3083.9,5,NGVD29,10120109
USGS,432414103154501,007S07E34AAA,GW,43.40387048,-103.2629759,F,NAD83, 3055,5,NGVD29,10120109
USGS,432414103160301,007S07E34ABA,GW,43.4038704,-103.2679758,F,NAD83, 2970.9,5,NGVD29,10120109
USGS,432414103164801,007S07E34BBB,GW,43.4038702,-103.2804757,F,NAD83, 2988.71,5,NGVD29,10120109
USGS,432415103261301,007S06E29BCD,GW,43.4124793,-103.4374185,F,NAD83, 3400, 10,NGVD29,10120109
USGS,432416101354301, 40N36W29DD,GW,43.4044426,-101.5957038,T,NAD83, 2985, 50,NGVD29,10140202
USGS,432417102024501, 40N40W27CC,GW,43.4047182,-102.0462643,T,NAD83, 3282.00, 90,NGVD29,10140202
USGS,432420102155501, 40N42W26C,GW,43.4080468,-102.2623824,T,NAD83, 3182.00, 90,NGVD29,10140201
USGS,432420102372201, 40N45W27DDD,GW,43.405543,-102.6232314,F,NAD83, 2730.00, 10,NGVD29,10140201
USGS,432421103131401,007S08E30CCC,GW,43.40581538,-103.2210313,F,NAD83, 3098,5,NGVD29,10120109
USGS,432421103135801,007S07E25CDD,GW,43.40581529,-103.2332536,F,NAD83, 3091,5,NGVD29,10120109
USGS,432421103142501,007S07E25CCC,GW,43.4058152,-103.2407537,F,NAD83, 3067,5,NGVD29,10120109
USGS,432421103151001,007S07E26CDD,GW,43.4058151,-103.2532538,F,NAD83, 3084,5,NGVD29,10120109
USGS,432421103153701,007S07E26CCC,GW,43.405815,-103.2607537,F,NAD83, 3087.5,5,NGVD29,10120109
USGS,432421103164801,007S07E27CCC,GW,43.4058147,-103.2804757,F,NAD83, 2982,5,NGVD29,10120109
USGS,432421103172401,007S07E28DCC,GW,43.40581459,-103.2904756,F,NAD83, 2998.42,5,NGVD29,10120109
USGS,432422101350701, 40N36W28CD,GW,43.40610925,-101.5857037,T,NAD83, 3035, 90,NGVD29,10140202
USGS,432422101445601, 40N37W30CBD,GW,43.40777649,-101.7487593,F,NAD83, 2706, 16,NGVD29,10140202
USGS,432422101451401, 40N38W25DDD,GW,43.4044431,-101.7534816,F,NAD83, 2719, 16,NGVD29,10140202
USGS,432423101581201, 40N39W30DDAD,GW,43.40638617,-101.970429,F,NAD83, 3083, 16,NGVD29,10140202
USGS,432423102100901, 40N41W28DD,GW,43.4063821,-102.1696015,T,NAD83, 2952, 50,NGVD29,10140201
USGS,432423103121601,007S08E29CCC,GW,43.40637108,-103.20492,F,NAD83, 3118,5,NGVD29,10120109
USGS,432423103142001,007S07E25CCD,GW,43.4063708,-103.2393648,T,NAD83, 3060, 10,NGVD29,10120109
USGS,432423103233801,007S06E27CD,GW,43.40636867,-103.3943634,M,NAD83, 3235,111,NGVD29,10120109
USGS,432423103294701,007S05E26CCDD,GW,43.4063672,-103.4968624,F,NAD83, 3665,10,NGVD29,10120109
USGS,432424102102501, 40N41W28DDBB,GW,43.40665979,-102.1740461,F,NAD83, 2952, 20,NGVD29,10140201
USGS,432424102191001, 40N42W29C,GW,43.40665717,-102.3218294,M,NAD83, 3133, 60,NGVD29,10140201
USGS,432424102320701, 40N44W28CD,GW,43.4052658,-102.5368386,T,NAD83, 2752.00, 10,NGVD29,10140201
USGS,432424102371201, 40N45W26CCC,GW,43.40665414,-102.6204535,T,NAD83, 2735.00, 10,NGVD29,10140201
USGS,432424103162601,007S07E27CD,GW,43.40664818,-103.2743647,T,NAD83, 2975,5,NGVD29,10120109
USGS,432424103261701,007S06E29CC,GW,43.4066458,-103.4385296,M,NAD83, 3440, 10,NGVD29,10120109
USGS,432425102102301, 40N41W28DDBD,GW,43.40693759,-102.1734906,T,NAD83, 2940, 40,NGVD29,10140201
USGS,432426101303601, 40N35W30C,GW,43.4072201,-101.5104259,T,NAD83, 2800, 50,NGVD29,10140202
USGS,432426102102701, 40N41W28DDBC,GW,43.40721536,-102.1740461,F,NAD83, 2952, 30,NGVD29,10140201
USGS,432426103250401,007S06E28CCA,GW,43.40720168,-103.418252,T,NAD83, 3320, 10,NGVD29,10120109
USGS,432427101443101, 40N37W30CADC,GW,43.40749869,-101.7423704,F,NAD83, 2696, 20,NGVD29,10140202
USGS,432427102100001, 40N41W27ACAC,GW,43.41499365,-102.1573789,F,NAD83, 2985.00, 30,NGVD29,10140201
USGS,432427102100601, 40N41W28DDAB,GW,43.40749326,-102.1687682,F,NAD83, 2945, 20,NGVD29,10140201
USGS,432427102372001, 40N45W27DDA,GW,43.40748747,-102.6226759,T,NAD83, 2725.00, 10,NGVD29,10140201
USGS,432428102063401, 40N40W30CBCC,GW,43.40777239,-102.1098774,F,NAD83, 2985, 15,NGVD29,10140202
USGS,432428102063402, 40N40W30CBCC2,GW,43.40777239,-102.1098774,F,NAD83, 2985, 15,NGVD29,10140201
USGS,432428102211501, 40N43W25DB,GW,43.40943458,-102.3546086,T,NAD83, 3035.00, 60,NGVD29,10140201
USGS,432429102024201, 40N40W27C,GW,43.40805165,-102.0454309,M,NAD83, 2986,150,NGVD29,10140202
USGS,432430101575601, 40N39W29CADA,GW,43.40944186,-101.9609844,F,NAD83, 3083.00, 16,NGVD29,10140202
USGS,432430102195001, 40N42W30DADC,GW,43.4088793,-102.3293298,F,NAD83, 3100, 30,NGVD29,10140201
USGS,432431102093701, 40N41W27CADC,GW,43.40860458,-102.1607124,F,NAD83, 2932, 20,NGVD29,10140201
USGS,432431103253201,007S06E29D,GW,43.40914606,-103.4265853,M,NAD83, 3670,5,NGVD29,10120109
USGS,432433103160501,007S07E27DBDD,GW,43.40914834,-103.2685314,F,NAD83, 2945, 10,NGVD29,10120109
USGS,432434103294001,007S05E26CB,GW,43.40942285,-103.4949179,T,NAD83, 3950, 10,NGVD29,10120109
USGS,432435101380401, 40N37W25DA,GW,43.40972056,-101.6348703,T,NAD83, 3015, 60,NGVD29,10140202
USGS,432436102101801, 40N41W28DA,GW,43.4099932,-102.1721016,T,NAD83, 2952, 50,NGVD29,10140201
USGS,432436103294401,007S05E26CAB,GW,43.4099784,-103.496029,F,NAD83, 3630,10,NGVD29,10120109
USGS,432439102245001, 40N43W28,GW,43.41082275,-102.4143334,M,NAD83, 2900, 50,NGVD29,10140201
USGS,432440101371701, 40N36W31DBB,GW,43.39305369,-101.621815,T,NAD83, 3130, 30,NGVD29,10140202
USGS,432440101500902, 40N38W29ADCC2,GW,43.4111093,-101.8362604,F,NAD83, 2772, 16,NGVD29,10140202
USGS,432440102372001, 40N45W27DAA,GW,43.4110986,-102.6226759,T,NAD83, 2720.00, 20,NGVD29,10140201
USGS,432440103131401,007S08E30CBB,GW,43.4110933,-103.2210313,F,NAD83, 3086,5,NGVD29,10120109
USGS,432440103132201,007S07E25DAA,GW,43.4110933,-103.2232535,F,NAD83, 3077,5,NGVD29,10120109
USGS,432440103134901,007S07E25DBB,GW,43.41109326,-103.2307536,F,NAD83, 3076,5,NGVD29,10120109
USGS,432440103144301,007S07E26DAB,GW,43.41109315,-103.2457537,F,NAD83, 3077.5,5,NGVD29,10120109
USGS,432440103171501,007S07E28DBA,GW,43.41109257,-103.2879756,F,NAD83, 2958, 10,NGVD29,10120109
USGS,432441101431701, 40N37W29,GW,43.41138755,-101.7218148,M,NAD83, 2805, 50,NGVD29,10140202
USGS,432441102060101, 40N40W30,GW,43.41138378,-102.1007104,M,NAD83, 3012,240,NGVD29,10140202
USGS,432441103294801,007S05E26CBA,GW,43.4113673,-103.4971401,F,NAD83, 3640,10,NGVD29,10120109
USGS,432442101500901, 40N38W29ADCC1,GW,43.4116649,-101.8362604,F,NAD83, 2772, 16,NGVD29,10140202
USGS,432442101584801, 40N39W30CAAD,GW,43.4097195,-101.9812625,F,NAD83, 3018, 16,NGVD29,10140202
USGS,432442102071301, 40N41W25,GW,43.41193889,-102.120711,M,NAD83, 2986, 60,NGVD29,10140201
USGS,432443102185801, 40N42W29,GW,43.41193508,-102.3165515,M,NAD83, 3182,100,NGVD29,10140201
USGS,432444103232601,007S06E27,GW,43.4122022,-103.39103,M,NAD83, 3375,10,NGVD29,10120109
USGS,432445103102701,007S08E28,GW,43.41248259,-103.174642,M,NAD83, 3170,100,NGVD29,10120109
USGS,432445103162101,007S07E27,GW,43.41192615,-103.2724202,M,NAD83, 2955, 10,NGVD29,10120109
USGS,432446103144401,007S07E26ADC,GW,43.41275986,-103.2460315,F,NAD83, 3073,5,NGVD29,10120109
USGS,432447103125601,007S08E30BDC,GW,43.41303787,-103.2160312,F,NAD83, 3086,5,NGVD29,10120109
USGS,432447103165701,007S07E28ADD,GW,43.41303714,-103.2829757,F,NAD83, 2975,5,NGVD29,10120109
USGS,432447103285801,007S05E26DADD,GW,43.4130342,-103.4832514,F,NAD83, 3660, 10,NGVD29,10120109
USGS,432448101330301, 40N36W26BC,GW,43.4133314,-101.5512592,T,NAD83, 3133,150,NGVD29,10140202
USGS,432448102243101, 40N43W28ADBD,GW,43.4133228,-102.4090554,F,NAD83, 2835, 15,NGVD29,10140201
USGS,432450102134801, 40N42W25AD,GW,43.4138808,-102.2304369,T,NAD83, 3100, 20,NGVD29,10140201
USGS,432450102213001, 40N43W25BD,GW,43.413879,-102.3587755,T,NAD83, 3051.00, 30,NGVD29,10140201
USGS,432450102261301, 40N43W29BD,GW,43.41387806,-102.43739,T,NAD83, 2950.00,110,NGVD29,10140201
USGS,432450102320701, 40N44W28BD,GW,43.413877,-102.5371166,T,NAD83, 2735.00, 30,NGVD29,10140201
USGS,432451101595501, 40N40W25ACA,GW,43.41416396,-101.9990405,F,NAD83, 3200, 16,NGVD29,10140202
USGS,432451103265401,007S06E30AC,GW,43.41416667,-103.4483333,F,NAD83,,,,10120109
USGS,432452102541501, 40N47W29AC,GW,43.4144294,-102.9046349,T,NAD83, 3130, 60,NGVD29,10140201
USGS,432452103264201,007S06E30AA,GW,43.4144237,-103.445474,T,NAD83, 3450,100,NGVD29,10120109
USGS,432453102003101, 40N40W25BB,GW,43.4147193,-102.0090408,T,NAD83, 3150, 50,NGVD29,10140202
USGS,432453102093001, 40N41W27ACBB2,GW,43.4147158,-102.1587679,F,NAD83, 2952, 30,NGVD29,10140201
USGS,432453103161201,007S07E27ACB,GW,43.41470404,-103.2704758,F,NAD83, 2942,5,NGVD29,10120109
USGS,432454101530001, 40N39W25BABC,GW,43.41694248,-101.8848722,F,NAD83, 2880, 15,NGVD29,10140202
USGS,432454102110101, 40N41W28BACD,GW,43.41638196,-102.1832131,F,NAD83, 2953, 10,NGVD29,10140201
USGS,432455102065501, 40N41W25A,GW,43.4152724,-102.1157109,T,NAD83, 2952, 30,NGVD29,10140201
USGS,432456102002501, 41N40W25BBDC1,GW,43.5024983,-102.0370966,F,NAD83, 2865.00,  5,NGVD29,10140202
USGS,432456102213901, 40N43W25B,GW,43.41554568,-102.3612756,M,NAD83, 3051.00, 90,NGVD29,10140201
USGS,432456102225001, 40N43W26B,GW,43.4155454,-102.3809987,T,NAD83, 3060.00,120,NGVD29,10140201
USGS,432458102092301, 40N41W27ABDD,GW,43.41610479,-102.1568234,F,NAD83, 2972, 30,NGVD29,10140201
USGS,432459102053701, 40N40W30AACB,GW,43.416384,-102.0940435,F,NAD83, 3116, 15,NGVD29,10140201
USGS,432459103290101,007S05E26AACA,GW,43.4163676,-103.4840847,T,NAD83, 3490,5,NGVD29,10120109
USGS,432500101545001, 40N39W27,GW,43.41138659,-101.9209838,M,NAD83, 3100.00,150,NGVD29,10140202
USGS,432500102092001, 40N41W27ACBB,GW,43.4147158,-102.1587679,F,NAD83, 2952, 30,NGVD29,10140201
USGS,432500103111001,007S08E29AAC,GW,43.4166493,-103.1865865,F,NAD83, 3098,5,NGVD29,10120109
USGS,432500103122101,007S08E30AAC,GW,43.41664916,-103.2063089,F,NAD83, 3077,5,NGVD29,10120109
USGS,432502101571801, 40N39W29ABAD2,GW,43.4172198,-101.9554287,S,NAD83, 2991, 15,NGVD29,10140202
USGS,432502102094501, 40N41W27BA,GW,43.41721578,-102.1629347,T,NAD83, 2887, 30,NGVD29,10140201
USGS,432502102182101, 40N42W28BACC,GW,43.41637977,-102.3007175,F,NAD83, 3215, 20,NGVD29,10140201
USGS,432502102452201, 40N38W24,GW,43.42499889,-101.7565369,F,NAD83, 2705.,  5,NGVD29,10140202
USGS,432503102242701, 40N43W28AA,GW,43.41748957,-102.4079443,T,NAD83, 2835.00, 30,NGVD29,10140201
USGS,432504101571801, 40N39W29ABAD,GW,43.4177754,-101.9554287,F,NAD83, 2990, 16,NGVD29,10140202
USGS,432504103163001,007S07E27BAB3,GW,43.4177596,-103.2754757,F,NAD83, 2951, 10,NGVD29,10120109
USGS,432505101502201, 40N38W20CDCA,GW,43.41972054,-101.8440382,F,NAD83, 2772.00, 16,NGVD29,10140202
USGS,432505103111401,007S08E29AAB,GW,43.4180382,-103.1876976,T,NAD83, 3094, 10,NGVD29,10120109
USGS,432506102074201, 40N41W25BBBA,GW,43.4183277,-102.1287669,T,NAD83, 2920, 40,NGVD29,10140201
USGS,432506103101701,007S08E28ABB,GW,43.4183161,-103.1718642,F,NAD83, 3100,5,NGVD29,10120109
USGS,432506103105201,007S08E28BBB,GW,43.41831605,-103.1815865,F,NAD83, 3084,5,NGVD29,10120109
USGS,432506103132201,007S07E25AAA,GW,43.41831576,-103.2232535,F,NAD83, 3061, 10,NGVD29,10120109
USGS,432506103134901,007S07E25ABB,GW,43.4183157,-103.2307536,F,NAD83, 3066.7,5,NGVD29,10120109
USGS,432506103135801,007S07E24,GW,43.41831569,-103.2332536,M,NAD83, 3000, 10,NGVD29,10120109
USGS,432506103150101,007S07E26ABB,GW,43.41831556,-103.2507538,F,NAD83, 3045,5,NGVD29,10120109
USGS,432506103163001,007S07E27BAB,GW,43.41831519,-103.2754757,F,NAD83, 2954.8,5,NGVD29,10120109
USGS,432506103163002,007S07E27BAB2,GW,43.41831519,-103.2754757,F,NAD83, 2954,5,NGVD29,10120109
USGS,432506103164801,007S07E27BBB,GW,43.4183151,-103.2804757,F,NAD83, 2940,5,NGVD29,10120109
USGS,432507102100701, 40N41W28AAAA,GW,43.4186045,-102.1704349,F,NAD83, 2900, 30,NGVD29,10140201
USGS,432507102250401, 40N43W21CDCD 2,GW,43.41860057,-102.4182226,T,NAD83, 2850, 10,NGVD29,10140201
USGS,432507102322001, 40N44W28BBA,GW,43.41748817,-102.5407279,T,NAD83, 2740.00, 20,NGVD29,10140201
USGS,432508103122801,007S08E09DCDD,GW,43.4188714,-103.2082534,F,NAD83, 2940, 10,NGVD29,10120109
USGS,432508103272501,007S05E19CCDC,GW,43.41886808,-103.4574183,F,NAD83, 3950, 10,NGVD29,10120109
USGS,432509102323401, 40N44W21CCCB2,GW,43.4191548,-102.543228,F,NAD83, 2730, 25,NGVD29,10140201
USGS,432510101562701, 40N39W28BBBC,GW,43.4177754,-101.9507064,F,NAD83, 2968.00, 15,NGVD29,10140202
USGS,432513102100501, 40N41W22CCCB,GW,43.4202712,-102.1698794,T,NAD83, 2855, 30,NGVD29,10140201
USGS,432513102123001, 40N41W20CCAC,GW,43.4202703,-102.2087695,F,NAD83, 2900.00, 30,NGVD29,10140201
USGS,432513103095901,007S08E21DDC,GW,43.42026066,-103.1668641,F,NAD83, 3098,5,NGVD29,10120109
USGS,432513103095902,007S08E21DDC2,GW,43.42026066,-103.1668641,F,NAD83, 3095,5,NGVD29,10120109
USGS,432513103111001,007S08E20DDC,GW,43.4202605,-103.1865865,F,NAD83, 3103,5,NGVD29,10120109
USGS,432513103120301,007S08E20CCC,GW,43.4202604,-103.2013089,F,NAD83, 3066.3,5,NGVD29,10120109
USGS,432513103122901,007S08E19DCD,GW,43.42026037,-103.2085312,F,NAD83, 3069,5,NGVD29,10120109
USGS,432513103124701,007S08E19CDD,GW,43.4202603,-103.2135312,F,NAD83, 3049,5,NGVD29,10120109
USGS,432514101434401, 40N37W20CC,GW,43.41916545,-101.7293147,T,NAD83, 2815, 30,NGVD29,10140202
USGS,432514102250401, 40N43W21CDCD,GW,43.420545,-102.4182226,T,NAD83, 2850.00, 10,NGVD29,10140201
USGS,432514102250403, 40N43W21CDCD3,GW,43.420545,-102.4182226,T,NAD83, 2850, 10,NGVD29,10140201
USGS,432515102004501, 40N40W23ACB,GW,43.4233305,-102.0145964,F,NAD83, 3165, 16,NGVD29,10140202
USGS,432515103285801,007S05E23DD,GW,43.42081219,-103.4832513,F,NAD83,,,,10120109
USGS,432516102102501, 40N41W21A2,GW,43.42110447,-102.1740462,T,NAD83, 2865, 40,NGVD29,10140201
USGS,432516102205501, 40N43W24DDAB,GW,43.421657,-102.3482196,S,NAD83, 2985.00, 20,NGVD29,10140201
USGS,432516102244401, 40N43W21DC,GW,43.42110067,-102.4126668,T,NAD83, 2820.00, 30,NGVD29,10140201
USGS,432516102320201, 40N44W21CDD,GW,43.41915489,-102.5354499,T,NAD83, 2749.00, 10,NGVD29,10140201
USGS,432518102102801, 40N41W21DDAC,GW,43.42054895,-102.1721017,F,NAD83, 2900, 30,NGVD29,10140201
USGS,432518102323101, 40N44W21CCCB,GW,43.4194326,-102.5437836,T,NAD83, 2735, 10,NGVD29,10140201
USGS,432519102243601, 40N43W21D,GW,43.421934,-102.4104445,T,NAD83, 2818, 40,NGVD29,10140201
USGS,432519103202401,007S07E30BACD,GW,43.42192545,-103.340475,F,NAD83, 3135, 10,NGVD29,10120109
USGS,432520103133701,007S07E24DD,GW,43.4222047,-103.2274202,T,NAD83, 3060, 25,NGVD29,10120109
USGS,432520103280001,007S05E24ACAB,GW,43.42942376,-103.4671403,M,NAD83, 3500,40,NGVD29,10120109
USGS,432522102062401, 40N40W19CBD,GW,43.42277274,-102.1070995,T,NAD83, 2120, 20,NGVD29,10140202
USGS,432522102245301, 40N43W21DBCB,GW,43.4227673,-102.4151669,F,NAD83, 2820, 20,NGVD29,10140201
USGS,432522103275601,007S05E24D,GW,43.4227569,-103.4660293,M,NAD83, 3395,111,NGVD29,10120109
USGS,432523102044401, 40N40W20DBCB,GW,43.42305118,-102.0793208,F,NAD83, 3214, 20,NGVD29,10140202
USGS,432523102051601, 40N40W20CBCA,GW,43.42305097,-102.08821,F,NAD83, 3116, 15,NGVD29,10140201
USGS,432523102101801, 40N41W21DADD,GW,43.4219379,-102.1704349,F,NAD83, 2887, 30,NGVD29,10140201
USGS,432525102062201, 40N40W19CBD2,GW,43.4236061,-102.1065439,F,NAD83, 2991, 30,NGVD29,10140202
USGS,432526103140701,007S07E24CAC,GW,43.4238714,-103.2357536,F,NAD83, 3057,5,NGVD29,10120109
USGS,432526103140702,007S07E24CAC2,GW,43.4238714,-103.2357536,F,NAD83, 3030,5,NGVD29,10120109
USGS,432526103275201,007S05E24DAC,GW,43.4238681,-103.4649181,T,NAD83, 3410,5,NGVD29,10120109
USGS,432527101374601, 40N36W19CB,GW,43.42249845,-101.6298702,T,NAD83, 2927, 30,NGVD29,10140202
USGS,432527102051601, 40N40W20CBBD,GW,43.4241621,-102.08821,F,NAD83, 3116, 20,NGVD29,10140201
USGS,432529102334901, 40N44W19DAD,GW,43.42276586,-102.5640624,T,NAD83, 2720.00, 10,NGVD29,10140201
USGS,432529102335701, 40N44W19DAC,GW,43.42248806,-102.5673959,T,NAD83, 2710.00, 10,NGVD29,10140201
USGS,432530102564601, 40N48W24CADA,GW,43.42498478,-102.9465818,T,NAD83, 3170, 20,NGVD29,10140201
USGS,432532101370701, 40N36W19AC,GW,43.425554,-101.6204257,T,NAD83, 2890.00, 30,NGVD29,10140202
USGS,432532103092401,007S08E22CAB,GW,43.42553867,-103.1571418,F,NAD83, 3070,5,NGVD29,10120109
USGS,432532103124702,007S08E19CAA2,GW,43.42553827,-103.2135312,F,NAD83, 3052,5,NGVD29,10120109
USGS,432532103125601,007S08E19CAB,GW,43.42553826,-103.2160312,F,NAD83, 3041.3,5,NGVD29,10120109
USGS,432532103131401,007S08E19CBB,GW,43.4255382,-103.2210313,F,NAD83, 3054.4,5,NGVD29,10120109
USGS,432532103144301,007S07E23DAB,GW,43.42553805,-103.2457537,F,NAD83, 2947.1,5,NGVD29,10120109
USGS,432533102340601, 40N44W19DBA,GW,43.4258214,-102.5687849,T,NAD83, 2686.00, 20,NGVD29,10140201
USGS,432534103280201,007S05E24ACD,GW,43.4260903,-103.4676959,T,NAD83, 3450, 10,NGVD29,10120109
USGS,432535102095201, 40N41W22BDCC,GW,43.42638255,-102.1648792,F,NAD83, 2903, 15,NGVD29,10140201
USGS,432535102104001, 40N41W21DBAB,GW,43.4258267,-102.1765463,F,NAD83, 2920, 30,NGVD29,10140201
USGS,432535102245301, 40N43W21,GW,43.42637847,-102.4157226,M,NAD83, 2860.00,130,NGVD29,10140201
USGS,432536103281301,007S05E24,GW,43.42664586,-103.4707514,M,NAD83, 3420,5,NGVD29,10120109
USGS,432537102090501, 40N41W22ADD,GW,43.4269384,-102.1518232,T,NAD83, 2886, 40,NGVD29,10140201
USGS,432537103274601,007S05E24ADD,GW,43.42692376,-103.4632515,F,NAD83, 3610, 10,NGVD29,10120109
USGS,432537103290501,007S05E23ADDC,GW,43.4272012,-103.4838068,F,NAD83, 3523,10,NGVD29,10120109
USGS,432538102100901, 40N41W22BCC,GW,43.42721578,-102.1696016,F,NAD83, 2870, 30,NGVD29,10140201
USGS,432538102102001, 40N41W21DDDA R,GW,43.4202712,-102.1704349,S,NAD83, 2890, 30,NGVD29,10140201
USGS,432538102115701, 40N41W20,GW,43.42721506,-102.1996026,M,NAD83, 2952, 60,NGVD29,10140201
USGS,432539103083101,007S08E23BCC,GW,43.42748327,-103.1424194,F,NAD83, 3100,5,NGVD29,10120109
USGS,432539103095901,007S08E21ADC,GW,43.4274831,-103.166864,F,NAD83, 3017,5,NGVD29,10120109
USGS,432539103101701,007S08E21ACC,GW,43.42748307,-103.1718641,F,NAD83, 3069.8,5,NGVD29,10120109
USGS,432539103121201,007S08E19ADD,GW,43.42748285,-103.2038089,F,NAD83, 3054,5,NGVD29,10120109
USGS,432539103145201,007S07E23ACD,GW,43.4274825,-103.2482537,F,NAD83, 2946,5,NGVD29,10120109
USGS,432540101371101, 40N36W19AC2,GW,43.425554,-101.6201479,T,NAD83, 2890, 30,NGVD29,10140202
USGS,432541102075801, 40N41W23ADBC,GW,43.42804995,-102.135156,S,NAD83, 2920, 20,NGVD29,10140201
USGS,432542103043901,007S09E20BD,GW,43.42831708,-103.0779744,S,NAD83, 3227,5,NGVD29,10120109
USGS,432542103291701,007S05E23AC,GW,43.4283123,-103.488529,M,NAD83, 3565,111,NGVD29,10120202
USGS,432543102105001, 40N41W21BDAD,GW,43.4286044,-102.1809909,T,NAD83, 2873, 40,NGVD29,10140201
USGS,432544102100501, 40N41W22BCBA,GW,43.4288825,-102.1684904,F,NAD83, 2883, 30,NGVD29,10140201
USGS,432547102091801, 40N41W22A,GW,43.42971616,-102.1554345,T,NAD83, 2900, 40,NGVD29,10140201
USGS,432547102103001, 40N41W21A,GW,43.42971568,-102.1754351,F,NAD83, 2886.00, 30,NGVD29,10140201
USGS,432548102121601, 40N41W20B,GW,43.42999276,-102.2048806,T,NAD83, 2886, 50,NGVD29,10140201
USGS,432548103285401,007S05E23ABC,GW,43.42997898,-103.4901956,F,NAD83, 3540, 10,NGVD29,10120109
USGS,432549103215701,007S06E23AACC,GW,43.43025865,-103.3651969,F,NAD83, 3265,10,NGVD29,10120109
USGS,432550101320001, 40N36W23AA,GW,43.4305537,-101.5359811,T,NAD83, 2969.00, 30,NGVD29,10140202
USGS,432550101450701, 40N38W24AA,GW,43.4305545,-101.7540369,T,NAD83, 2772.00, 30,NGVD29,10140202
USGS,432550102033801, 40N40W21BADA,GW,43.43055178,-102.0609868,F,NAD83, 3116, 30,NGVD29,10140201
USGS,432550102091001, 40N41W22AACD,GW,43.43054956,-102.1532122,T,NAD83, 2900, 40,NGVD29,10140201
USGS,432550102093001, 40N41W22ABCD,GW,43.4305494,-102.1587679,T,NAD83, 2900, 40,NGVD29,10140201
USGS,432551103084201,007S08E22AACA,GW,43.43081668,-103.145475,F,NAD83, 3070, 10,NGVD29,10120109
USGS,432551103292501,007S05E23AB,GW,43.4308123,-103.4907512,T,NAD83, 3630,10,NGVD29,10120109
USGS,432552102104301, 40N41W19,GW,43.42610348,-102.2187699,M,NAD83, 2927,160,NGVD29,10140201
USGS,432553101330401, 40N36W23BB,GW,43.4313871,-101.5515367,T,NAD83, 3150, 50,NGVD29,10140202
USGS,432553101363501, 40N36W20BB,GW,43.43138735,-101.6101478,T,NAD83, 2936, 60,NGVD29,10140202
USGS,432553101385801, 40N37W24BB,GW,43.4313875,-101.64987,T,NAD83, 2936, 30,NGVD29,10140202
USGS,432555102102201, 40N41W21BAAC,GW,43.43193777,-102.1823798,F,NAD83, 2886, 30,NGVD29,10140201
USGS,432555103082601,007S08E23BB,GW,43.43192786,-103.1410305,T,NAD83, 3111.1,5,NGVD29,10120109
USGS,432555103282401,007S05E24BA,GW,43.4319237,-103.4738069,T,NAD83, 3450, 10,NGVD29,10120109
USGS,432555103285901,007S05E23AA,GW,43.43192358,-103.483529,S,NAD83,,,,10120109
USGS,432556102105301, 40N41W21BAA,GW,43.43221557,-102.1818242,T,NAD83, 2875, 50,NGVD29,10140201
USGS,432558103084901,007S08E22AAB,GW,43.43276117,-103.1474195,F,NAD83, 3062,5,NGVD29,10120109
USGS,432558103101901,007S08E21AB,GW,43.432761,-103.1724197,T,NAD83, 3065, 25,NGVD29,10120109
USGS,432600102100001, 40N41W21AB,GW,43.43332679,-102.1779352,T,NAD83, 2886.00, 30,NGVD29,10140201
USGS,432600102320001, 40N44W21,GW,43.43332175,-102.5337834,M,NAD83, 2730,100,NGVD29,10140201
USGS,432601102022901, 40N40W15DD,GW,43.43360809,-102.0326525,T,NAD83, 3215.00, 60,NGVD29,10140202
USGS,432602101315301, 40N36W13CC,GW,43.43388706,-101.5318144,T,NAD83, 2900, 50,NGVD29,10140202
USGS,432602101462501, 40N38W14DD,GW,43.4338878,-101.774037,T,NAD83, 2690.00, 30,NGVD29,10140202
USGS,432602102041601, 40N40W17DD,GW,43.4338849,-102.0715427,T,NAD83, 3084.00, 30,NGVD29,10140202
USGS,432602103291001,007S05E14DCDD,GW,43.433868,-103.4865845,F,NAD83, 3560, 10,NGVD29,10120109
USGS,432603102111301, 40N41W16CCD,GW,43.4341599,-102.18738,T,NAD83, 2853, 50,NGVD29,10140201
USGS,432603103295901,007S05E14CCCC FR95A,GW,43.4340833,-103.4996389,1,NAD83, 3715.1, .1,NAVD88,10120109
USGS,432603103295902,007S05E14CCCC2 FR95B,GW,43.4340833,-103.4996389,1,NAD83, 3715.7, .1,NAVD88,10120109
USGS,432604101311601, 40N36W13DCBD,GW,43.43444258,-101.5215366,S,NAD83, 2877,  5,NGVD29,10140202
USGS,432605101300601, 40N35W18DC,GW,43.43472028,-101.5020922,T,NAD83, 2805, 15,NGVD29,10140202
USGS,432605102111401, 40N41W16CC,GW,43.43471546,-102.1876578,T,NAD83, 2837, 30,NGVD29,10140201
USGS,432605102114001, 40N41W17DDCB,GW,43.43471529,-102.1948802,T,NAD83, 2857, 50,NGVD29,10140201
USGS,432605102130501, 40N41W18CDAA,GW,43.4372147,-102.2190478,F,NAD83, 2920, 20,NGVD29,10140201
USGS,432605103080401,007S08E14CAA,GW,43.43470576,-103.1349193,F,NAD83, 3064,5,NGVD29,10120109
USGS,432605103092401,007S08E15CDC,GW,43.4347056,-103.1571418,F,NAD83, 3045,5,NGVD29,10120109
USGS,432605103105201,007S08E16CCC,GW,43.4347054,-103.1815864,F,NAD83, 3034,5,NGVD29,10120109
USGS,432605103111901,007S08E17DCD,GW,43.43470539,-103.1890865,F,NAD83, 3040,5,NGVD29,10120109
USGS,432606101305901, 40N36W13DD,GW,43.4349981,-101.5168144,T,NAD83, 2887,120,NGVD29,10140202
USGS,432606101352401, 40N36W16CC,GW,43.4349984,-101.5904256,T,NAD83, 2887, 30,NGVD29,10140202
USGS,432606101360001, 40N36W17DC,GW,43.43499845,-101.6004256,T,NAD83, 2838, 60,NGVD29,10140202
USGS,432606101363501, 40N36W17CC,GW,43.43499849,-101.6101478,T,NAD83, 2920, 60,NGVD29,10140202
USGS,432607102085101, 40N41W14CDBD,GW,43.43610549,-102.141545,F,NAD83, 2930, 30,NGVD29,10140201
USGS,432607102103901, 40N41W16DC,GW,43.43527126,-102.1779352,T,NAD83, 2867, 30,NGVD29,10140201
USGS,432607102113301, 40N41W17DADC,GW,43.43749317,-102.1923802,F,NAD83, 2820, 30,NGVD29,10140201
USGS,432607102255601, 40N43W17DC,GW,43.43526726,-102.4326679,T,NAD83, 2840, 30,NGVD29,10140201
USGS,432607102255602, 40N43W17DC2,GW,43.43526726,-102.4326679,T,NAD83, 2840, 30,NGVD29,10140201
USGS,432607103235701,007S06E22BACD,GW,43.43053599,-103.3949189,T,NAD83, 3420, 50,NGVD29,10120109
USGS,432607103240001,007S06E15CCB,GW,43.43525826,-103.4004743,F,NAD83, 3650, 10,NGVD29,10120109
USGS,432608102252001, 40N43W16CCDA,GW,43.4349896,-102.4204451,F,NAD83, 2790.00, 20,NGVD29,10140201
USGS,432610102123001, 40N41W17CCBA,GW,43.43610386,-102.2087696,F,NAD83, 2850, 15,NGVD29,10140201
USGS,432611102082801, 40N41W14CDAA,GW,43.43638328,-102.141545,T,NAD83, 2940, 50,NGVD29,10140201
USGS,432612101313301, 40N36W13CACA,GW,43.4366648,-101.5262588,S,NAD83, 2746,  5,NGVD29,10140202
USGS,432613102280401, 40N44W12DAB,GW,43.45360037,-102.4682253,F,NAD83, 2800.00, 30,NGVD29,10140201
USGS,432613103231601,007S06E15DCA,GW,43.43692516,-103.3882522,T,NAD83, 3450, 50,NGVD29,10120109
USGS,432613103283201,007S05E13C,GW,43.4369238,-103.476029,F,NAD83, 3625, 10,NGVD29,10120202
USGS,432614103290901,007S05E14D,GW,43.4372014,-103.4863067,T,NAD83, 3500,5,NGVD29,10120109
USGS,432616103294701,007S05E14CBDD,GW,43.43775685,-103.4968622,T,NAD83, 3710,5,NGVD29,10120109
USGS,432616103294702,007S05E14CBDD2,GW,43.43775685,-103.4968622,T,NAD83, 3710,5,NGVD29,10120109
USGS,432617101313101, 40N36W13CAAC,GW,43.4380537,-101.5257032,S,NAD83, 2875,  5,NGVD29,10140202
USGS,432618103120301,007S08E17CBC,GW,43.4383165,-103.2013088,F,NAD83, 3038,5,NGVD29,10120109
USGS,432619101344901, 40N36W16DB,GW,43.4386095,-101.5807033,T,NAD83, 2936, 30,NGVD29,10140202
USGS,432619101363501, 40N36W17CB,GW,43.4386096,-101.6101477,T,NAD83, 2887, 90,NGVD29,10140202
USGS,432619101421501, 40N37W16CA,GW,43.43861,-101.7045922,T,NAD83, 2903, 60,NGVD29,10140202
USGS,432619103283501,007S05E13CBDA,GW,43.4385905,-103.4768624,S,NAD83, 3565.97,5,NGVD29,10120109
USGS,432620102034601, 40N40W16CA,GW,43.4388852,-102.063209,T,NAD83, 3018, 30,NGVD29,10140202
USGS,432620102115101, 40N41W17DB,GW,43.4388819,-102.1979359,T,NAD83, 2857, 30,NGVD29,10140201
USGS,432620102120801, 40N41W17CA,GW,43.4388818,-102.2026583,T,NAD83, 2838, 30,NGVD29,10140201
USGS,432620102122801, 40N41W18DACC,GW,43.4374927,-102.2115475,F,NAD83, 2887.00, 10,NGVD29,10140201
USGS,432620102130001, 40N41W18CDCD,GW,43.43443685,-102.2221034,F,NAD83, 2895, 40,NGVD29,10140201
USGS,432622103291501,007S05E14DBC,GW,43.43942369,-103.4879733,T,NAD83, 3650, 10,NGVD29,10120109
USGS,432624101354101, 40N36W17ADCD,GW,43.43999848,-101.5951477,F,NAD83, 2854, 15,NGVD29,10140202
USGS,432624101503001, 40N38W17,GW,43.43999867,-101.8420936,M,NAD83, 2722, 60,NGVD29,10140202
USGS,432624101554201, 40N39W15CBBA,GW,43.43999825,-101.9287614,F,NAD83, 3001, 16,NGVD29,10140202
USGS,432624102122901, 40N41W17CBBA,GW,43.4399928,-102.2084919,F,NAD83, 2854, 30,NGVD29,10140201
USGS,432626101445501, 40N37W18BC,GW,43.44055466,-101.7490367,T,NAD83, 2799.00, 30,NGVD29,10140202
USGS,432626102010001, 40N40W14AAC,GW,43.44416435,-102.0137629,F,NAD83, 2960, 40,NAVD88,10140202
USGS,432626102115901, 40N41W17,GW,43.44054858,-102.2001582,M,NAD83, 2837, 30,NGVD29,10140201
USGS,432627102121601, 40N41W17BDCC,GW,43.44082624,-102.2048806,F,NAD83, 2841, 30,NGVD29,10140201
USGS,432628103124301,007S08E18,GW,43.4410943,-103.21242,M,NAD83, 3049,5,NGVD29,10120109
USGS,432628103292401,007S05E14,GW,43.44109036,-103.4904733,M,NAD83, 3740,5,NGVD29,10120109
USGS,432630102185501, 40N42W17ACC,GW,43.44165766,-102.3157184,F,NAD83, 3280, 30,NGVD29,10140201
USGS,432632103285301,007S05E14ADDB,GW,43.44217345,-103.4819429,T,NAD83, 3480,  5,NGVD29,10120109
USGS,432633102010301, 40N40W14AC2,GW,43.4424975,-102.0179297,T,NAD83, 3035, 10,NGVD29,10140202
USGS,432633102185701, 40N42W17ACCB,GW,43.44137988,-102.3157184,F,NAD83, 3280, 30,NGVD29,10140201
USGS,432634101353601, 40N36W17ADAB,GW,43.44277627,-101.5937588,F,NAD83, 2854, 30,NGVD29,10140202
USGS,432635103284601,007S05E13CCC,GW,43.43470148,-103.4799179,F,NAD83, 3400, 10,NGVD29,10120109
USGS,432636102023101, 40N40W15BDDC,GW,43.44166359,-102.042375,S,NAD83, 3060, 15,NGVD29,10140202
USGS,432637102321901, 40N44W16B,GW,43.4435996,-102.5390616,M,NAD83, 2689, 30,NGVD29,10140201
USGS,432637103290401,007S05E14AC,GW,43.44359045,-103.4885289,T,NAD83, 3580,10,NGVD29,10120109
USGS,432639102150701, 40N42W14A,GW,43.44415848,-102.2523823,T,NAD83, 2968, 50,NGVD29,10140201
USGS,432642101354701, 40N36W17A,GW,43.4449985,-101.5968143,T,NAD83, 2821,100,NGVD29,10140201
USGS,432642101563301, 40N39W16BADC,GW,43.44499829,-101.9429283,F,NAD83, 3018, 16,NGVD29,10140202
USGS,432642102331601, 40N44W17BADA,GW,43.4449884,-102.5548957,F,NAD83, 2705, 10,NGVD29,10140201
USGS,432642103282901,007S05E13B,GW,43.44497958,-103.4751957,F,NAD83, 3550,50,NGVD29,10120109
USGS,432642103283601,007S05E13BBC,GW,43.4452573,-103.47714,F,NAD83, 3500, 10,NGVD29,10120109
USGS,432644102313301, 40N44W16AA,GW,43.44554417,-102.5262833,T,NAD83, 2710.00, 30,NGVD29,10140201
USGS,432646101554101, 40N39W15BBA,GW,43.4461095,-101.9262613,F,NAD83, 2986, 16,NGVD29,10140202
USGS,432646102032801, 40N40W16AB,GW,43.4461077,-102.0582089,T,NAD83, 3051, 60,NGVD29,10140202
USGS,432647103080901,007S08E14BA,GW,43.44637276,-103.1363082,T,NAD83, 3036,5,NGVD29,10120109
USGS,432647103272101,007S05E13BB,GW,43.44636845,-103.4790845,F,NAD83, 3750, 10,NGVD29,10120109
USGS,432648102325601, 40N44W17ABAA,GW,43.44665516,-102.5493399,F,NAD83, 2692, 15,NGVD29,10140201
USGS,432648103094801,007S08E20AAAD,GW,43.44665037,-103.1638085,T,NAD83, 3050, 10,NGVD29,10120109
USGS,432648103284801,007S05E13BB2,GW,43.4466462,-103.4804734,T,NAD83, 3490, 10,NGVD29,10120109
USGS,432651102330401, 40N44W17ABB,GW,43.4458218,-102.5529512,T,NAD83, 2695.00, 10,NGVD29,10140201
USGS,432651103081301,007S08E14BAB,GW,43.4474839,-103.1374193,F,NAD83, 3025,5,NGVD29,10120109
USGS,432652102330001, 40N44W 8DDC,GW,43.4477663,-102.547951,M,NAD83, 2680.00, 30,NGVD29,10140201
USGS,432655101410301, 40N37W10CD,GW,43.44861,-101.6845921,T,NAD83, 2990, 50,NGVD29,10140202
USGS,432656101361001, 40N36W 8CDAD,GW,43.44888748,-101.6032032,F,NAD83, 2821, 30,NGVD29,10140202
USGS,432656102024801, 40N40W15BB,GW,43.44610805,-102.0457084,T,NAD83, 2920., 30,NGVD29,10140201
USGS,432657102263301, 40N43W 8CC,GW,43.44915619,-102.4429463,T,NAD83, 2820, 20,NGVD29,10140201
USGS,432657102265101, 40N43W 7DDBD,GW,43.4491561,-102.4479466,F,NAD83, 2796, 10,NGVD29,10140201
USGS,432657103080401,007S08E11CDD,GW,43.4491506,-103.1349193,F,NAD83, 3024,5,NGVD29,10120109
USGS,432657103082201,007S08E14CDDC,GW,43.43442795,-103.1385305,F,NAD83, 3022,  5,NGVD29,10120109
USGS,432658101374601, 40N36W 7CC,GW,43.44944315,-101.6298698,T,NAD83, 2919, 60,NGVD29,10140202
USGS,432659102053401, 40N40W 7DD,GW,43.44971808,-102.0920989,T,NAD83, 3215,120,NGVD29,10140202
USGS,432659102200501, 40N42W 7DC,GW,43.44971308,-102.3351638,T,NAD83, 3248, 30,NGVD29,10140201
USGS,432700102320201, 40N44W 9CDD,GW,43.4483219,-102.5357282,T,NAD83, 2670.00,  5,NGVD29,10140201
USGS,432700102322901, 40N44W 9CCC,GW,43.44998858,-102.5418396,T,NAD83, 2670.00, 10,NGVD29,10140201
USGS,432700102323801, 40N44W 8DDD,GW,43.44804409,-102.5460065,T,NAD83, 2660.00, 10,NGVD29,10140201
USGS,432700103025201,007S09E09DD,GW,43.44998456,-103.0482519,S,NAD83, 3198,5,NGVD29,10120109
USGS,432700103080901,007S08E11CD,GW,43.44998398,-103.1363082,T,NAD83, 2905,5,NGVD29,10120109
USGS,432700103290001,007S05E11DD,GW,43.44997957,-103.4838067,S,NAD83, 3635, 10,NGVD29,10120109
USGS,432704103282801,007S05E12CDBB,GW,43.45109085,-103.4749179,F,NAD83, 3640,10,NGVD29,10120109
USGS,432704103283801,007S05E12CAA,GW,43.4510908,-103.4776956,F,NAD83, 3600,10,NGVD29,10120109
USGS,432704103290501,007S05E11DDB,GW,43.45109069,-103.4851955,T,NAD83, 3610, 10,NGVD29,10120109
USGS,432705102054301, 40N40W 7D,GW,43.45138469,-102.0957101,M,NAD83, 3159,120,NGVD29,10140202
USGS,432710101580401, 40N39W 8BC,GW,43.4527761,-101.9682063,T,NAD83, 2920, 30,NGVD29,10140202
USGS,432710103080401,007S08E11CAD,GW,43.45276185,-103.1349193,F,NAD83, 3023,5,NGVD29,10120109
USGS,432711101302301, 40N35W 7CDCC,GW,43.4469426,-101.5084809,S,NAD83, 2750,  5,NGVD29,10140202
USGS,432712102015701, 40N40W10DA,GW,43.45333075,-102.0329301,T,NAD83, 3113, 60,NGVD29,10140202
USGS,432715102320801, 40N44W 9CAAB,GW,43.4541553,-102.5360061,F,NAD83, 2672, 15,NGVD29,10140201
USGS,432716102011201, 40N40W11,GW,43.4544422,-102.0204297,M,NAD83, 3214,150,NGVD29,10140202
USGS,432717103071101,007S08E12CBA,GW,43.45470645,-103.1201969,F,NAD83, 2980,5,NGVD29,10120109
USGS,432717103093301,007S08E10CBA,GW,43.45470619,-103.1596417,F,NAD83, 2886,5,NGVD29,10120109
USGS,432718102033701, 40N40W 9,GW,43.45499675,-102.0607089,M,NAD83, 3005,120,NGVD29,10140202
USGS,432720101310701, 40N36W12AC,GW,43.45555385,-101.5209808,T,NAD83, 2756.00, 45,NGVD29,10140202
USGS,432720102032301, 40N40W 9AC,GW,43.4555524,-102.0568199,T,NAD83, 2986.00, 60,NGVD29,10140202
USGS,432720103281301,007S05E12,GW,43.45553547,-103.4707512,M,NAD83, 3600,100,NGVD29,10120109
USGS,432721102030601, 40N40W 9BD,GW,43.45583006,-102.0626534,T,NAD83, 3028.00, 30,NGVD29,10140202
USGS,432724101404501, 40N37W10AC,GW,43.45666566,-101.679592,T,NAD83, 2890, 30,NGVD29,10140202
USGS,432724102194301, 40N42W 7BCDD,GW,43.4549908,-102.3423864,S,NAD83, 3257, 10,NGVD29,10140201
USGS,432724102324901, 40N44W 8ADBD,GW,43.4566553,-102.5473956,F,NAD83, 2720, 20,NGVD29,10140201
USGS,432725102031001, 40N40W 9AD,GW,43.4569414,-102.0532086,T,NAD83, 3018, 30,NGVD29,10140202
USGS,432725102100301, 40N41W10BC,GW,43.4569385,-102.1679349,T,NAD83, 3022, 60,NGVD29,10140201
USGS,432725102111501, 40N41W 9BC,GW,43.456938,-102.1879356,T,NAD83, 2838, 60,NGVD29,10140201
USGS,432725102152401, 40N42W11AC,GW,43.45693638,-102.2548825,T,NAD83, 2969, 30,NGVD29,10140201
USGS,432725102165301, 40N42W10BD,GW,43.45693607,-102.2796058,T,NAD83, 3215, 30,NGVD29,10140201
USGS,432726103292501,007S05E11ACB,GW,43.45720186,-103.490751,F,NAD83, 3600, 10,NGVD29,10120109
USGS,432729103292301,007S05E11ACB2,GW,43.4580352,-103.4901954,T,NAD83, 3585, 10,NGVD29,10120109
USGS,432730102114201, 40N41W 8ACAA,GW,43.4583267,-102.1954359,F,NAD83, 2790, 30,NGVD29,10140201
USGS,432731102020401, 40N40W10A,GW,43.4586086,-102.0348746,M,NAD83, 3100, 90,NGVD29,10140202
USGS,432731102261101, 40N43W 8CAAC R,GW,43.4527674,-102.436835,F,NAD83, 2740, 20,NGVD29,10140201
USGS,432736102253901, 40N43W18AA,GW,43.4599898,-102.4279458,T,NAD83, 2800, 40,NGVD29,10140201
USGS,432737101300601, 40N35W 7AB,GW,43.460276,-101.5020918,T,NAD83, 2756, 15,NGVD29,10140202
USGS,432737101321001, 40N36W11AA,GW,43.46027618,-101.5365363,T,NAD83, 2838, 90,NGVD29,10140202
USGS,432737101352401, 40N36W 9BB,GW,43.4602764,-101.5904252,T,NAD83, 2854,120,NGVD29,10140202
USGS,432738102124401, 40N41W 7AACB,GW,43.4602708,-102.2101587,F,NAD83, 2788, 60,NGVD29,10140201
USGS,432738102183901, 40N42W 8AA,GW,43.46054686,-102.3096072,T,NAD83, 3186, 90,NGVD29,10140201
USGS,432740102085101, 40N41W11CB,GW,43.46110577,-102.1479342,T,NAD83, 3060, 50,NGVD29,10140201
USGS,432741102111101, 40N41W 9BBA,GW,43.46138256,-102.1868245,T,NAD83, 2900, 40,NAVD88,10140201
USGS,432743103071101,007S08E12BBA,GW,43.46192888,-103.1201969,F,NAD83, 2923,5,NGVD29,10120109
USGS,432743103082201,007S08E11BBA,GW,43.46192876,-103.1399193,F,NAD83, 3007,5,NGVD29,10120109
USGS,432744102051101, 40N40W 5CC,GW,43.4636073,-102.0882098,T,NAD83, 3051.00,180,NGVD29,10140202
USGS,432745101371801, 40N36W 6DCCA,GW,43.4624988,-101.6220919,F,NAD83, 2952, 16,NGVD29,10140202
USGS,432746102004001, 40N40W 2DD,GW,43.46277596,-102.0115404,T,NAD83, 3100, 50,NGVD29,10140202
USGS,432746102013301, 40N40W 2CCDD,GW,43.46277558,-102.0262632,S,NAD83, 3150, 30,NGVD29,10140202
USGS,432746103164801,007S07E03CCC,GW,43.4627609,-103.2804755,F,NAD83, 3196, 10,NGVD29,10120109
USGS,432747103291201,007S05E02CDC,GW,43.4630353,-103.4921398,F,NAD83, 3850, 10,NGVD29,10120109
USGS,432749103082201,007S08E02CCD,GW,43.46359547,-103.1399193,F,NAD83, 2871.1,5,NGVD29,10120109
USGS,432750103294001,007S05E02CDC2,GW,43.4638686,-103.4949175,T,NAD83, 3770,100,NGVD29,10120109
USGS,432754103125001,007S08E06CDAB,GW,43.4649839,-103.2143644,F,NAD83, 3130, 10,NGVD29,10120109
USGS,432754103205801,007S06E01CDAA,GW,43.4672043,-103.3532525,F,NAD83, 3350, 40,NGVD29,10120109
USGS,432755101590501, 40N39W 6CC,GW,43.46305407,-101.9879287,T,NAD83, 2970.00, 30,NGVD29,10140202
USGS,432757102124701, 40N41W 5C,GW,43.46582638,-102.2134922,T,NAD83, 2790, 50,NGVD29,10140201
USGS,432800101410401, 40N37W 3CA,GW,43.46666579,-101.6848697,T,NAD83, 2886, 30,NGVD29,10140202
USGS,432800103170001,007S07E04,GW,43.46664989,-103.2838088,M,NAD83, 3200, 20,NGVD29,10120109
USGS,432804102142201, 40N42W 1CA,GW,43.46777017,-102.239882,T,NAD83, 2890, 20,NGVD29,10140201
USGS,432805102002201, 40N40W 1CB,GW,43.46805399,-102.0065402,T,NAD83, 2920, 50,NGVD29,10140202
USGS,432805102595601, 40N48W 4DACA,GW,43.4680409,-102.9993625,F,NAD83, 3280, 15,NGVD29,10120109
USGS,432805103082601,007S08E02CB,GW,43.46804,-103.1410304,T,NAD83, 3000,5,NGVD29,10120109
USGS,432806103284101, 7S 5E 1CBCC,GW,43.4666111,-103.4804167,S,NAD83, 3812,  1,NGVD29,10120109
USGS,432807101480301, 40N38W 3,GW,43.46861039,-101.8012593,M,NAD83, 2690,100,NGVD29,10140202
USGS,432808103294901,007S05E02CBAB,GW,43.4688687,-103.4974175,F,NAD83, 3730, 10,NGVD29,10120109
USGS,432809102200901, 40N42W 6,GW,43.4691577,-102.3362752,M,NAD83, 3115,100,NGVD29,10140201
USGS,432810102130601, 40N41W 6,GW,43.4694374,-102.2187702,M,NAD83, 2821, 70,NGVD29,10140201
USGS,432810103291801,007S05E02CABA,GW,43.4694243,-103.4949175,F,NAD83, 3750, 10,NGVD29,10120109
USGS,432810103294901,007S05E02CBA,GW,43.46942428,-103.4974175,T,NAD83, 3760, 30,NGVD29,10120109
USGS,432811101361901, 40N36W 6AD,GW,43.46972106,-101.6154251,T,NAD83, 2838.00, 60,NGVD29,10140202
USGS,432811102071301, 40N41W 1,GW,43.4697177,-102.120711,T,NAD83, 3198,180,NGVD29,10140201
USGS,432811103065201,007S08E01,GW,43.4697069,-103.114919,M,NAD83, 2855, 10,NGVD29,10120109
USGS,432812101465501, 40N38W 2BDDD,GW,43.46999936,-101.7823702,S,NAD83, 2690, 30,NGVD29,10140202
USGS,432813101473001, 40N38W 3AD,GW,43.4702771,-101.7945926,T,NAD83, 2648.00, 30,NGVD29,10140202
USGS,432813102124001, 40N41W 6ADDB,GW,43.4702709,-102.2115477,T,NAD83, 2790, 50,NGVD29,10140201
USGS,432813103210601,007S06E01BAAB,GW,43.47637128,-103.3521413,S,NAD83, 3510,5,NGVD29,10120109
USGS,432815103015001,006S09E23CC,GW,43.5094307,-103.0201956,S,NAD83, 3090, 10,NGVD29,10120109
USGS,432816101344901, 40N36W 4AC,GW,43.4711098,-101.5807028,T,NAD83, 2743, 60,NGVD29,10140202
USGS,432816101354201, 40N36W 5AD,GW,43.47110987,-101.595425,T,NAD83, 2812, 30,NGVD29,10140202
USGS,432816101363501, 40N36W 5BC,GW,43.4711099,-101.6101473,T,NAD83, 2805, 60,NGVD29,10140202
USGS,432817102124401, 40N41W 6AD,GW,43.47138207,-102.2112699,T,NAD83, 2788, 30,NGVD29,10140201
USGS,432818103073301,007S08E02AD,GW,43.47165135,-103.126308,T,NAD83, 2945,5,NGVD29,10120109
USGS,432818103082601,007S08E02BC,GW,43.47165126,-103.1410304,T,NAD83, 3015,5,NGVD29,10120109
USGS,432820103265501,007S06E06AC,GW,43.4722029,-103.4490847,T,NAD83, 4180, 10,NGVD29,10120109
USGS,432820103270301,006S06E31DCB,GW,43.47220288,-103.4513069,F,NAD83, 3885,10,NGVD29,10120109
USGS,432821101504301, 40N38W 5BDBB,GW,43.47249918,-101.8479266,T,NAD83, 2756, 30,NGVD29,10140202
USGS,432821101504302, 40N38W 5BDBB2,GW,43.47249918,-101.8479266,T,NAD83, 2756, 30,NGVD29,10140202
USGS,432822103182301,006S06E14DCA,GW,43.4727608,-103.306864,F,NAD83, 3200,10,NGVD29,10120109
USGS,432825102013301, 40N40W 2BAAA,GW,43.47666494,-102.0204295,F,NAD83, 3034.00, 16,NGVD29,10140202
USGS,432825102015201, 40N40W 3AA,GW,43.47499795,-102.031541,T,NAD83, 2986.00, 60,NGVD29,10140202
USGS,432826103280101,007S05E01ABDC,GW,43.4738693,-103.4674178,F,NAD83, 3770, 10,NGVD29,10120109
USGS,432827102062301, 40N40W 6BBD,GW,43.4741626,-102.1068216,T,NAD83, 3018, 50,NGVD29,10140201
USGS,432828101425101, 40N37W 5AABD,GW,43.47444379,-101.7145918,F,NAD83, 2788, 15,NGVD29,10140202
USGS,432829101321001, 40N36W 2AA,GW,43.4747207,-101.536536,T,NAD83, 2772, 60,NGVD29,10140202
USGS,432829102140501, 40N42W 1AB,GW,43.4747148,-102.2351597,T,NAD83, 2870, 20,NGVD29,10140201
USGS,432830101561601, 40N39W 4AB,GW,43.47499895,-101.9382057,T,NAD83, 2920, 30,NGVD29,10140202
USGS,432830102132001, 40N41W 6BA,GW,43.4749929,-102.2226592,T,NAD83, 2822, 60,NGVD29,10140201
USGS,432831102291301, 41N43W31CAAA,GW,43.4844338,-102.4871156,F,NAD83, 2725.00, 10,NGVD29,10140201
USGS,432831103082601,007S08E02BB,GW,43.47526248,-103.1410304,T,NAD83, 3006.5,5,NGVD29,10120109
USGS,432832102085501, 40N41W 2BBB,GW,43.4755504,-102.1490454,F,NAD83, 3050, 40,NGVD29,10140201
USGS,432833101334001, 40N36W 3A,GW,43.47583198,-101.561536,T,NAD83, 2755, 20,NGVD29,10140202
USGS,432833103071501,006S08E36CCCD,GW,43.47581817,-103.121308,F,NAD83, 3080, 50,NGVD29,10120109
USGS,432833103210701,007S06E01BAAD,GW,43.4758157,-103.352419,F,NAD83, 3500, 10,NGVD29,10120109
USGS,432834102003801, 41N39W31,GW,43.4761096,-102.0109847,M,NAD83, 3018,100,NGVD29,10140202
USGS,432834103203301,007S07E06BBBC,GW,43.47609367,-103.3415859,F,NAD83, 3410,  5,NGVD29,10120109
USGS,432836103291001,007S05E02ABA,GW,43.47664685,-103.4865842,F,NAD83, 3865,10,NGVD29,10120109
USGS,432837102065401, 41N40W32CCD,GW,43.4786069,-102.115433,T,NAD83, 3018, 50,NGVD29,10140202
USGS,432838100293301, 40N37W 3AAA,GW,43.4752769,-101.6734807,T,NAD83, 2959, 30,NGVD29,10140202
USGS,432838103184501,007S07E05ABB,GW,43.47637195,-103.3115862,F,NAD83, 3230, 10,NGVD29,10120109
USGS,432839102064901, 41N40W32CC,GW,43.47888474,-102.114044,T,NAD83, 3080, 50,NGVD29,10140202
USGS,432842102043301, 41N40W34CC,GW,43.47860796,-102.0762649,T,NAD83, 3017, 20,NGVD29,10140202
USGS,432843101344201, 41N36W35CC,GW,43.47860986,-101.5787583,T,NAD83, 2723, 30,NGVD29,10140202
USGS,432844101521601, 41N38W32CD,GW,43.4788881,-101.871538,T,NAD83, 2790, 50,NGVD29,10140202
USGS,432844101563301, 41N39W34DD,GW,43.4788879,-101.9429279,T,NAD83, 2904, 30,NGVD29,10140202
USGS,432846103280501, 6S 5E36DCBC,GW,43.48013889,-103.4698889,S,NAD83, 3821,  1,NGVD29,10120109
USGS,432847102001401, 41N39W31DDCB,GW,43.479721,-102.0043178,F,NAD83, 2945, 20,NGVD29,10140201
USGS,432851102303501, 41N44W36CACB,GW-TH,43.48082247,-102.5101721,F,NAD83, 2650, 35,NGVD29,10140201
USGS,432852101553101, 41N39W35DB,GW,43.4811102,-101.9282055,T,NAD83, 2854.00, 30,NGVD29,10140202
USGS,432852103264401, 6S 6E31DBDA,GW,43.48205556,-103.4470278,S,NAD83, 3875,  1,NGVD29,10120109
USGS,432853103082501,006S08E35CBD,GW,43.48137377,-103.1407526,F,NAD83, 2923.9,10,NGVD29,10120109
USGS,432858102122401, 41N41W33DB,GW,43.4827712,-102.2071031,T,NAD83, 2820, 50,NGVD29,10140201
USGS,432858102132901, 41N41W32D,GW,43.48277075,-102.2251594,M,NAD83, 2821, 50,NGVD29,10140201
USGS,432858102500201, 41N46W31DAAB2,GW,43.48332059,-102.8351872,F,NAD83, 3275.00, 10,NGVD29,10140201
USGS,432900102041201, 41N40W34,GW,43.4833304,-102.0704313,M,NAD83, 3085,100,NGVD29,10140202
USGS,432900102134701, 41N41W322,GW,43.48332618,-102.2301595,M,NAD83, 2850,100,NGVD29,10140201
USGS,432904102122201, 41N41W33CBDC,GW,43.4961045,-102.2154368,T,NAD83, 2772, 40,NGVD29,10140201
USGS,432904102133301, 41N41W32,GW,43.48943765,-102.2196036,M,NAD83, 2871,210,NGVD29,10140201
USGS,432904102503501, 41N46W31DAAB,GW,43.4847095,-102.835465,F,NAD83, 3265, 10,NGVD29,10140201
USGS,432906102052301, 41N40W33,GW,43.4849966,-102.0901543,M,NAD83, 2925,100,NGVD29,10140202
USGS,432909101363101, 41N36W33AC,GW,43.48583229,-101.609036,T,NAD83, 2854, 50,NGVD29,10140202
USGS,432910103184001,006S07E29C,GW,43.48609446,-103.3115862,T,NAD83, 3260,10,NGVD29,10120109
USGS,432911103075701,006S08E35ACB,GW,43.48637397,-103.1329748,F,NAD83, 3015, 10,NGVD29,10120109
USGS,432914103082701,006S08E35ABDD,GW,43.48720728,-103.1413082,T,NAD83, 3100, 50,NGVD29,10120109
USGS,432915102154201, 41N42W36ABCA,GW,43.488881,-102.270439,T,NAD83, 2870.00, 20,NGVD29,10140201
USGS,432918102131101, 41N41W32AADC,GW,43.4883265,-102.2201592,T,NAD83, 2722, 50,NGVD29,10140201
USGS,432919103075001,006S08E35ABD,GW,43.48859627,-103.1310303,F,NAD83, 3010,10,NGVD29,10120109
USGS,432920101442801, 41N37W29DD,GW,43.49277747,-101.7434806,T,NAD83, 2870.00, 30,NGVD29,10140202
USGS,432920101573801, 41N39W33AA,GW,43.48888808,-101.9626503,T,NAD83, 2821.00, 30,NGVD29,10140202
USGS,432920103452001, 41N37W30DDDD,GW,43.49138858,-101.760703,F,NAD83, 2742.00, 16,NGVD29,10140202
USGS,432921101333801, 41N36W35AA,GW,43.4891654,-101.5640359,T,NAD83, 2723.00, 30,NGVD29,10140202
USGS,432921101351301, 41N36W34AB,GW,43.48916556,-101.5890359,T,NAD83, 2789.00, 30,NGVD29,10140202
USGS,432921102130901, 41N41W32AACD,GW,43.4877709,-102.2212704,F,NAD83, 2736, 30,NGVD29,10140201
USGS,432921102160801, 41N42W36BA,GW,43.4891588,-102.2693279,T,NAD83, 2871, 90,NGVD29,10140201
USGS,432922101372501, 41N36W32AA,GW,43.4894435,-101.624036,T,NAD83, 2828, 30,NGVD29,10140202
USGS,432923101594701, 41N39W32BB,GW,43.48972135,-101.9968175,T,NAD83, 3018.00, 30,NGVD29,10140202
USGS,432924103272801,006S06E31BB,GW,43.48998099,-103.4582511,M,NAD83, 3825,111,NGVD29,10120109
USGS,432925103072401,006S08E36BBB,GW,43.490263,-103.123808,F,NAD83, 3008, 10,NGVD29,10120109
USGS,432930101341501, 41N36W26CD,GW,43.4916655,-101.5743136,T,NAD83, 2690.00, 30,NGVD29,10140202
USGS,432932103190701,006S07E29CCD,GW,43.4922056,-103.319086,F,NAD83, 3300,10,NGVD29,10120109
USGS,432932103190801,006S07E29CCDC,GW,43.4922056,-103.3193639,F,NAD83, 3305, 10,NGVD29,10120109
USGS,432933102302401, 41N44W25CDD,GW,43.49248929,-102.5071166,F,NAD83, 2630.00, 10,NGVD29,10140201
USGS,432934101573001, 41N39W27CC,GW,43.49277706,-101.9587613,T,NAD83, 2870.00, 30,NGVD29,10140202
USGS,432934102134501, 41N41W33B,GW,43.4874933,-102.21377,T,NAD83, 2756.00, 60,NGVD29,10140201
USGS,432934103045301,006S09E29CCCA,GW,43.4927633,-103.0818632,F,NAD83, 2840,10,NGVD29,10120109
USGS,432938102302701, 41N44W25CDA,GW,43.4938782,-102.50795,T,NAD83, 2638.00, 10,NGVD29,10140201
USGS,432938102303601, 41N44W25CDB,GW,43.49387818,-102.5104501,T,NAD83, 2642, 20,NGVD29,10140201
USGS,432938102304501, 41N44W25CCA,GW,43.49387817,-102.5129502,T,NAD83, 2650.00, 10,NGVD29,10140201
USGS,432938102305401, 41N44W25CCB,GW,43.49387816,-102.5154504,T,NAD83, 2640.00, 20,NGVD29,10140201
USGS,432939103045301,006S09E29CCAD,GW,43.49415227,-103.0818632,F,NAD83, 2830, 10,NGVD29,10120109
USGS,432941101332101, 41N36W25C,GW,43.494721,-101.556258,M,NAD83, 2723, 90,NGVD29,10140202
USGS,432941101414501, 41N37W26C,GW,43.4947217,-101.6962582,M,NAD83, 2805, 90,NGVD29,10140202
USGS,432941102023901, 41N40W26D,GW,43.4952758,-102.0445969,M,NAD83, 2900, 30,NGVD29,10140202
USGS,432941102154201, 41N42W25DAC,GW,43.49610338,-102.2662723,F,NAD83, 2834, 30,NGVD29,10140201
USGS,432941102154202, 41N42W25DCAD,GW,43.49360338,-102.2632165,F,NAD83, 2834, 30,NGVD29,10140201
USGS,432941102300201, 41N44W25D3,GW,43.49471157,-102.5010053,T,NAD83, 2700, 80,NGVD29,10140201
USGS,432944102292801, 41N44W25D2,GW,43.495545,-102.4915604,M,NAD83, 2800., 50,NGVD29,10140201
USGS,432944103265401,006S06E30DCA,GW,43.49553685,-103.4488067,F,NAD83, 3860,10,NGVD29,10120107
USGS,432945102292601, 41N44W25D,GW,43.4958228,-102.4910049,M,NAD83, 2800, 50,NGVD29,10140201
USGS,432947101352101, 41N36W27BDAA,GW,43.5008323,-101.5920913,S,NAD83, 2798, 10,NGVD29,10140202
USGS,432947103185501,006S07E29,GW,43.49637248,-103.3157528,F,NAD83, 3340, 50,NGVD29,10120109
USGS,432948101380101, 41N36W29CA,GW,43.49666585,-101.6340359,T,NAD83, 2824, 30,NGVD29,10140202
USGS,432948101424801, 41N37W27CA,GW,43.49666626,-101.7137583,T,NAD83, 2750, 30,NGVD29,10140202
USGS,432948102301801, 41N44W25DBC,GW,43.496656,-102.50545,T,NAD83, 2640.00, 10,NGVD29,10140201
USGS,432951101350901, 41N36W27ACBD,GW,43.49999899,-101.5895913,S,NAD83, 2795, 10,NGVD29,10140202
USGS,432951103063001,006S08E25DAB,GW,43.49748555,-103.1088079,F,NAD83, 2993.24, 10,NGVD29,10120109
USGS,432952102025001, 41N40W26DBBD,GW,43.4977758,-102.0476526,F,NAD83, 2840, 30,NGVD29,10140202
USGS,432952102300801, 41N44W25DBAC,GW,43.49776715,-102.502672,S,NAD83, 2650.00, 10,NGVD29,10140201
USGS,432952103004601,006S09E26ACCD,GW,43.49776388,-103.0132515,F,NAD83, 3150, 50,NGVD29,10120109
USGS,432952103052801,006S09E30DBAB,GW,43.4977634,-103.0915855,F,NAD83, 2840, 10,NGVD29,10120109
USGS,432952103071301,006S08E25CBA,GW,43.49776326,-103.1207524,F,NAD83, 3008, 10,NGVD29,10120109
USGS,432954102182201, 41N42W27,GW,43.49888067,-102.3079409,M,NAD83, 3051, 60,NGVD29,10140201
USGS,432954103243801,006S06E28DBB,GW,43.49831535,-103.4110294,F,NAD83, 4120, 10,NGVD29,10120109
USGS,432956102031001, 41N40W26,GW,43.49888679,-102.0532084,M,NAD83, 2950,100,NGVD29,10140202
USGS,432956103184001,006S07E292,GW,43.4988726,-103.3115861,M,NAD83, 3276, 10,NGVD29,10120109
USGS,432957102085401, 41N41W25,GW,43.49916195,-102.1487676,M,NAD83, 2986,210,NGVD29,10140201
USGS,432958102131101, 41N41W29AD,GW,43.49943778,-102.2201593,T,NAD83, 2745, 30,NGVD29,10140201
USGS,432958103281401, 6S 5E24CAAB,GW,43.51305556,-103.4720556,S,NAD83, 4001,  1,NGVD29,10120109
USGS,433000101354701, 41N36W27CABD,GW,43.4972212,-101.5934803,S,NAD83, 2781.00, 30,NGVD29,10140202
USGS,433001101383701, 41N36W30AD,GW,43.50027704,-101.6440359,T,NAD83, 2822, 30,NGVD29,10140202
USGS,433001101435901, 41N37W28AACA,GW,43.5024996,-101.7243138,F,NAD83, 2780, 50,NGVD29,10140202
USGS,433001102304501, 41N44W25BCD,GW,43.5002671,-102.5129504,T,NAD83, 2620.00, 10,NGVD29,10140201
USGS,433002102015801, 41N40W25DACB,GW,43.49638889,-102.0238889,U,NAD83, 3011, 16,NGVD29,10140202
USGS,433002102115501, 41N41W28AD,GW,43.5005494,-102.2009919,T,NAD83, 2800.00, 70,NGVD29,10140201
USGS,433002102131901, 41N41W29ADBC,GW,43.5005488,-102.2223816,F,NAD83, 2715, 15,NGVD29,10140201
USGS,433004102450601, 41N46W25BCA,GW,43.5010994,-102.7507386,F,NAD83, 2960, 10,NGVD29,10140201
USGS,433005103053701,006S09E30ACB,GW,43.5013746,-103.0940855,F,NAD83, 2860, 10,NGVD29,10120109
USGS,433009102021202, 41N40W25BBDC2,GW,43.5024983,-102.0370966,F,NAD83, 2865,  5,NGVD29,10140202
USGS,433009102131501, 41N41W29A,GW,43.5024932,-102.2234927,M,NAD83, 2710.00,120,NGVD29,10140201
USGS,433009102131502, 41N41W29ACDA,GW,43.49971547,-102.2234927,F,NAD83, 2710.00, 10,NGVD29,10140201
USGS,433010101351401, 41N36W27ABAA,GW,43.50527667,-101.5876468,S,NAD83, 2732, 30,NGVD29,10140202
USGS,433010103124501,003S07E13AA,GW,43.50276288,-103.2129754,T,NAD83, 3480, 10,NGVD29,10120109
USGS,433012101560001, 41N39W26BACA,GW,43.5033327,-101.9337609,F,NAD83, 2865,  5,NGVD29,10140202
USGS,433012103043501,006S09E29BAD,GW,43.5033192,-103.076863,F,NAD83, 2821, 10,NGVD29,10120109
USGS,433013101542801, 41N39W25AB,GW,43.50361056,-101.908205,T,NAD83, 2755.00, 70,NGVD29,10140202
USGS,433013103073001,006S08E26AAC2,GW,43.5035967,-103.1254746,F,NAD83, 3040, 50,NGVD29,10120109
USGS,433014101411801, 41N37W26AB,GW,43.5038883,-101.6887582,T,NAD83, 2770, 20,NGVD29,10140202
USGS,433014101451101, 41N37W29ABBB,GW,43.50527748,-101.7507027,F,NAD83, 2820,  5,NGVD29,10140202
USGS,433018103082501,006S08E26BBA,GW,43.50498555,-103.1407524,F,NAD83, 3074, 10,NGVD29,10120109
USGS,433018103083401,006S08E26BBB,GW,43.5049855,-103.1432525,F,NAD83, 3085,10,NGVD29,10120109
USGS,433019101505701, 39N38W 5BBBD,GW,43.50527729,-101.849593,F,NAD83, 2844, 30,NGVD29,10140202
USGS,433019102131901, 41N41W29ABAA,GW,43.505271,-102.2223816,T,NAD83, 2710, 50,NGVD29,10140201
USGS,433019103072301,006S08E25BBB,GW,43.5052634,-103.12353,F,NAD83, 3025, 10,NGVD29,10120109
USGS,433020101394201,41N37W24DDDD (JA-80A),GW,43.505556,-101.661667,S,NAD83,2855.0,45.0,NGVD29,101402020801
USGS,433021103273601,006S05E24DDDD,GW,43.50581468,-103.4604732,F,NAD83, 3943, 50,NGVD29,10120109
USGS,433022102010801, 41N39W19CCCC,GW,43.5061098,-102.0193182,F,NAD83, 2960, 15,NGVD29,10140202
USGS,433023101594901, 41N39W20CCDC,GW,43.50638809,-101.997373,F,NAD83, 2855, 10,NGVD29,10140202
USGS,433023102004701, 41N39W19CDCD,GW,43.5063877,-102.0134847,F,NAD83, 2990, 50,NGVD29,10140202
USGS,433025103053001,006S09E19DDC,GW,43.50693029,-103.0921408,F,NAD83, 2977.5,10,NGVD29,10120109
USGS,433025103053701,006S09E19DCC,GW,43.50693028,-103.0940853,F,NAD83, 2978, 10,NGVD29,10120109
USGS,433025103055501,006S09E19CDC,GW,43.50693026,-103.0990853,F,NAD83, 2984, 10,NGVD29,10120109
USGS,433025103065601,006S08E24CDD,GW,43.50693017,-103.1160299,F,NAD83, 2980, 10,NGVD29,10120109
USGS,433025103082401,006S08E23CCD,GW,43.50693,-103.1404746,F,NAD83, 3101.9,10,NGVD29,10120109
USGS,433026101303201, 41N35W20DCCA,GW,43.50722069,-101.5079244,S,NAD83, 2592, 30,NGVD29,10140202
USGS,433026101594901, 41N39W20CC,GW,43.5072214,-101.997373,T,NAD83, 2880,150,NGVD29,10140202
USGS,433026102012001, 41N40W24DD,GW,43.5072208,-102.0226517,T,NAD83, 2940.00, 80,NGVD29,10140202
USGS,433026103284501,006S05E24BC,GW,43.5155368,-103.4796396,F,NAD83, 4100, 10,NGVD29,10120109
USGS,433026103284502,006S05E24BC2,GW,43.50720327,-103.4796396,F,NAD83, 4100,10,NGVD29,10120109
USGS,433027101393101, 41N36W19CCDB,GW,43.50916585,-101.660147,S,NAD83, 2830, 30,NGVD29,10140202
USGS,433028103071801,006S08E24CC,GW,43.50776348,-103.122141,T,NAD83, 3030,10,NGVD29,10120109
USGS,433029101302001, 41N35W20DC2,GW,43.508054,-101.5090355,T,NAD83, 2598.00, 30,NGVD29,10140202
USGS,433029101550201, 41N39W24CC,GW,43.50805487,-101.9176496,T,NAD83, 2780, 60,NGVD29,10140202
USGS,433029101583901, 41N39W21CC,GW,43.50805475,-101.9779283,T,NAD83, 2820, 70,NGVD29,10140202
USGS,433034101493101, 41N38W22DA,GW,43.5094439,-101.8257038,T,NAD83, 2655, 20,NGVD29,10140202
USGS,433034103284701,006S05E23DBBB,GW,43.51331436,-103.4896395,T,NAD83, 4267, 40,NGVD29,10120109
USGS,433036102382501, 41N45W22,GW,43.5099889,-102.6407337,M,NAD83, 3140, 10,NGVD29,10140201
USGS,433036103272301,006S06E19C,GW,43.5099815,-103.456862,T,NAD83, 3880, 10,NGVD29,10120109
USGS,433039101312601, 41N35W19DAAD,GW,43.51138737,-101.522091,S,NAD83, 2625, 30,NGVD29,10140202
USGS,433042102465201, 41N46W28,GW,43.5116548,-102.7815733,M,NAD83, 3220, 10,NGVD29,10120109
USGS,433043101015101, 41N40W25AACA,GW,43.50388755,-102.0229294,F,NAD83, 2890.00,  5,NGVD29,10140202
USGS,433043103103301,006S08E21CABA,GW,43.51192996,-103.1763081,F,NAD83, 3150, 50,NGVD29,10120109
USGS,433043103260101,006S06E20CAAA,GW,43.51303758,-103.4318623,F,NAD83, 3705, 10,NGVD29,10120109
USGS,433044103054601,006S09E19CAA,GW,43.51220815,-103.0965851,F,NAD83, 2981, 10,NGVD29,10120109
USGS,433047101450201, 41N37W20ADC,GW,43.5136106,-101.7445916,F,NAD83, 2745,  5,NGVD29,10140202
USGS,433048103281301,006S05E24,GW,43.51331469,-103.4707508,M,NAD83, 4610, 10,NGVD29,10120109
USGS,433049102292701, 41N43W19BDCC,GW,43.5136008,-102.4912828,T,NAD83, 2600, 10,NGVD29,10140201
USGS,433049103280101,006S05E24DBAA (MONITOR WE,GW,43.5135861,-103.4668667,H,NAD83, 4062.28,.01,NAVD88,10120109
USGS,433050102294000, 41N43W19BCCC,GW,43.51387856,-102.494894,T,NAD83, 2610, 10,NGVD29,10140201
USGS,433050102294001, 41N43W19BCCC2,GW,43.51387856,-102.494894,T,NAD83, 2610, 10,NGVD29,10140201
USGS,433050103051801,006S09E19ADC,GW,43.51387489,-103.0888072,F,NAD83, 2976, 10,NGVD29,10120109
USGS,433050103062001,006S08E24ADD,GW,43.5138748,-103.1060296,F,NAD83, 2993, 50,NGVD29,10120109
USGS,433050103065601,006S08E24BDD,GW,43.51387475,-103.1160297,F,NAD83, 3004, 50,NGVD29,10120109
USGS,433051103045201,006S09E20BCD,GW,43.5141527,-103.0815849,F,NAD83, 2976, 10,NGVD29,10120109
USGS,433051103050001,006S09E20BCC,GW,43.5141527,-103.0838072,F,NAD83, 2976, 10,NGVD29,10120109
USGS,433052103062401,006S08E24AD,GW,43.51470815,-103.1071407,F,NAD83, 2993,10,NGVD29,10120107
USGS,433054102265501, 41N43W21BD,GW,43.5149902,-102.4490586,T,NAD83, 2850,180,NGVD29,10140201
USGS,433054103064201,006S08E24AC,GW,43.5149859,-103.1121408,F,NAD83, 2999.5,10,NGVD29,10120109
USGS,433055102291601, 41N43W19BDDB,GW,43.5152675,-102.488227,T,NAD83, 2616, 10,NGVD29,10140201
USGS,433055103202801,006S07E19BCC,GW,43.5152614,-103.3415855,T,NAD83, 3410,10,NGVD29,10120109
USGS,433057102291901, 41N43W19BDBD,GW,43.51582309,-102.4890604,T,NAD83, 2615, 10,NGVD29,10140201
USGS,433057103200601,006S07E19BDBB,GW,43.5158171,-103.3354745,F,NAD83, 3450, 50,NGVD29,10120109
USGS,433100102002101,41N39W19ACAA (JA-79B),GW,43.515556,-102.005833,T,NAD83,2930.0,50.0,NGVD29,101402020202
USGS,433103102285201, 41N43W19ABDD 2,GW,43.51748987,-102.4815601,T,NAD83, 2608, 10,NGVD29,10140201
USGS,433103102285202, 41N43W19ABDD 3,GW,43.51748987,-102.4815601,T,NAD83, 2608, 10,NGVD29,10140201
USGS,433103102291001, 41N43W19BDAD,GW,43.5174898,-102.4865603,T,NAD83, 2615, 10,NGVD29,10140201
USGS,433103102291501, 41N43W19BDAB,GW,43.51748979,-102.4879493,T,NAD83, 2615, 10,NGVD29,10140201
USGS,433103103281201,006S05E24ABCC,GW,43.5175,-103.47,F,NAD83, 4100, 10,NAVD88,10120109
USGS,433104101350001, 41N36W22AA,GW,43.51777646,-101.5862578,T,NAD83, 2776.00, 30,NGVD29,10140202
USGS,433104101452801, 41N37W17DBD,GW,43.52416596,-101.7476471,F,NAD83, 2710.00,  5,NGVD29,10140202
USGS,433104102013101, 41N40W24ABDA,GW,43.517776,-102.0257075,F,NAD83, 2850,100,NGVD29,10140201
USGS,433104102285701, 41N43W19ABDC,GW,43.5177676,-102.482949,T,NAD83, 2610, 10,NGVD29,10140201
USGS,433104102290101, 41N43W19ABCD,GW,43.5177676,-102.4840602,T,NAD83, 2610, 10,NGVD29,10140201
USGS,433104102291601, 41N43W19BADC,GW,43.51776757,-102.488227,T,NAD83, 2615, 10,NGVD29,10140201
USGS,433105101322001, 41N35W19BB,GW,43.518054,-101.5393133,T,NAD83, 2667, 30,NGVD29,10140202
USGS,433105102291301, 41N43W19BADD,GW,43.51804536,-102.4873937,T,NAD83, 2615, 10,NGVD29,10140201
USGS,433106101335001, 41N36W23AABB,GW,43.51888746,-101.5662578,S,NAD83, 2700, 20,NGVD29,10140202
USGS,433107102124901, 41N41W21BB,GW,43.51860446,-102.2162703,T,NAD83, 2730.00, 80,NGVD29,10140201
USGS,433108101563301, 41N39W22AA,GW,43.51888788,-101.9429279,T,NAD83, 2870,140,NGVD29,10140202
USGS,433108101595201, 41N39W20BBC1,GW,43.51694336,-101.9998732,F,NAD83, 2888,  5,NGVD29,10140202
USGS,433108101595202, 41N39W20BBC2,GW,43.51888776,-101.9982065,T,NAD83, 2888,  5,NGVD29,10140202
USGS,433108102010901, 41N40W24AAA,GW,43.51888726,-102.0195962,F,NAD83, 2840,  5,NGVD29,10140202
USGS,433108102291001, 41N43W19BADA,GW,43.5188787,-102.4865603,T,NAD83, 2615, 10,NGVD29,10140201
USGS,433108102291002, 41N43W19BADA2,GW,43.5188787,-102.4865603,T,NAD83, 2615, 10,NGVD29,10140201
USGS,433108103055601,006S09E19BBAA,GW,43.5188749,-103.0993627,F,NAD83, 2987, 50,NGVD29,10120109
USGS,433108103241001,006S06E21AABD,GW,43.51887155,-103.4032515,F,NAD83, 3580, 50,NGVD29,10120109
USGS,433108103280501,006S05E24AB,GW,43.5136222,-103.4663917,H,NAD83, 4057.69,.01,NAVD88,10120109
USGS,433109103280501,006S005E24AB1,GW,43.51916667,-103.4680556,S,NAD83, 1223,  1,NGVD29,10120109
USGS,433110103063701,006S08E24ABA,GW,43.51943045,-103.1110295,F,NAD83, 2998, 10,NGVD29,10120109
USGS,433110103063801,006S08E24AB,GW,43.51943045,-103.1110295,F,NAD83, 2998,10,NGVD29,10120109
USGS,433110103295301,006S05E23BBBD,GW,43.51942545,-103.4990838,F,NAD83, 4160, 10,NGVD29,10120109
USGS,433111102102201, 41N41W23BAAA,GW,43.51971676,-102.1693241,F,NAD83, 3015.00, 30,NGVD29,10140201
USGS,433112102004701, 41N39W19BACA,GW,43.5199985,-102.0134849,F,NAD83, 2890,  5,NGVD29,10140202
USGS,433114101561101, 41N39W14CCDC,GW,43.5205545,-101.9368167,F,NAD83, 2820,  5,NGVD29,10140202
USGS,433114103281601,006S05E24BAAA KAISER,GW,43.520181,-103.471689,H,NAD83,4120.75,0.18,NAVD88,101201090204
USGS,433115103251401,006S06E21BBBB CU91A,GW,43.52094444,-103.4211389,1,NAD83, 3645.8, .2,NAVD88,10120109
USGS,433115103251402,006S06E21BBBB2 CU91B,GW,43.52094444,-103.4211389,1,NAD83, 3645.8, .2,NAVD88,10120109
USGS,433115103251403,006S06E21BBBB3 CU96A,GW,43.52094444,-103.4211389,1,NAD83, 3646.1, .2,NAVD88,10120109
USGS,433116103044401,006S09E17CDC,GW,43.5210973,-103.0793624,F,NAD83, 2969,10,NGVD29,10120109
USGS,433117101342501, 41N36W14CD,GW,43.52138745,-101.5740356,T,NAD83, 2788, 15,NGVD29,10140201
USGS,433117103051001,006S09E18DDD,GW,43.52137505,-103.0865847,F,NAD83, 2972, 10,NGVD29,10120109
USGS,433117103051901,006S09E18DDC,GW,43.521375,-103.0890848,F,NAD83, 2982, 10,NGVD29,10120109
USGS,433117103052701,006S09E18DCD,GW,43.521375,-103.091307,F,NAD83, 2984,10,NGVD29,10120109
USGS,433117103054601,006S09E19BDA,GW,43.521375,-103.0965848,F,NAD83, 2988, 10,NGVD29,10120109
USGS,433117103054701,006S09E18CDD,GW,43.521375,-103.0968626,F,NAD83, 2984, 10,NGVD29,10120109
USGS,433117103061001,006S09E18CCC,GW,43.52137497,-103.1032516,F,NAD83, 2989, 10,NGVD29,10120109
USGS,433119101381901, 41N36W17CC,GW,43.52194329,-101.6390357,T,NAD83, 2750, 50,NGVD29,10140202
USGS,433119101432301, 41N37W16CAB,GW,43.5261103,-101.7354249,F,NAD83, 2765,  5,NGVD29,10140202
USGS,433119101432302, 41N37W16BCA,GW,43.5299991,-101.7382026,F,NAD83, 2730,  5,NGVD29,10140202
USGS,433119101452901, 41N37W17CC,GW,43.52194378,-101.7584806,T,NAD83, 2830, 20,NGVD29,10140202
USGS,433124102430101, 41N45W18DDB,GW,43.52332198,-102.7174036,T,NAD83, 3218.00, 10,NGVD29,10140201
USGS,433127102135101, 41N41W17C,GW,43.52415955,-102.2334932,M,NAD83, 2700.00,140,NGVD29,10140201
USGS,433132101454601, 41N37W18DA,GW,43.5255548,-101.7632029,T,NAD83, 2830, 90,NGVD29,10140202
USGS,433133101475201, 41N38W13CB,GW,43.52583249,-101.7982034,T,NAD83, 2530, 30,NGVD29,10140202
USGS,433133102112701, 41N41W15CA,GW,43.52582726,-102.1912694,T,NAD83, 2880.00,110,NGVD29,10140201
USGS,433133103043901,006S09E17CB,GW,43.5258196,-103.0779734,F,NAD83, 2975,10,NGVD29,10120109
USGS,433133103083001,006S08E14CB,GW,43.5258193,-103.1421407,F,NAD83, 3030,10,NGVD29,10120109
USGS,433137103013001,006S09E15DAAA,GW,43.52693098,-103.0254728,F,NAD83, 3043, 50,NGVD29,10120109
USGS,433141102074001, 41N40W18,GW,43.528051,-102.1282115,M,NAD83, 2880,200,NGVD29,10140201
USGS,433142103232801,006S06E20CA2,GW,43.5283164,-103.3915848,M,NAD83, 3729,20,NGVD29,10120109
USGS,433143103043401,006S09E17BDD,GW,43.52859745,-103.0765844,F,NAD83, 2963, 10,NGVD29,10120109
USGS,433143103050001,006S09E17BCC,GW,43.5285974,-103.0838067,F,NAD83, 2975, 10,NGVD29,10120109
USGS,433144103053601,006S09E18ACC,GW,43.52887516,-103.0938068,F,NAD83, 2952,10,NGVD29,10120109
USGS,433144103053602,006S09E18ACC2,GW,43.52887516,-103.0938068,F,NAD83, 2952, 10,NGVD29,10120109
USGS,433146103062201,006S08E13AAD,GW,43.52943067,-103.1065847,F,NAD83, 2961.72, 10,NGVD29,10120109
USGS,433148103053601,006S09E18ACB,GW,43.5299863,-103.0938067,F,NAD83, 2946, 50,NGVD29,10120109
USGS,433148103053701,006S07E18ACB,GW,43.52998629,-103.0940845,F,NAD83, 3420,10,NGVD29,10120109
USGS,433150102133001, 40N41W17AADB,GW,43.4463822,-102.1921024,F,NAD83, 2789.00, 30,NGVD29,10140201
USGS,433150103230501,006S06E15ABDD,GW,43.5325,-103.3869444,S,NAD83, 3520, 10,NGVD29,10120109
USGS,433152101454901, 41N37W18A,GW,43.5311102,-101.7640362,M,NAD83, 2800,100,NGVD29,10140202
USGS,433154103234601,006S06E15BB,GW,43.53164976,-103.3965847,F,NAD83, 3615, 50,NGVD29,10120109
USGS,433156101442801, 41N37W16BB,GW,43.5322213,-101.739036,T,NAD83, 2725.00, 60,NGVD29,10140202
USGS,433156103062201,006S08E13AAD2,GW,43.5322085,-103.1065846,F,NAD83, 2962, 50,NGVD29,10120109
USGS,433157101462301, 41N37W18BA,GW,43.53249907,-101.7734808,T,NAD83, 2700.00,160,NGVD29,10140202
USGS,433157101593001, 41N39W17BADB R,GW,43.5324985,-101.9923733,F,NAD83, 2720, 10,NGVD29,10140202
USGS,433200101595201, 41N39W17BB,GW,43.5333318,-101.9982067,T,NAD83, 2740,100,NGVD29,10140202
USGS,433200101595202, 41N39W17BB2,GW,43.5333318,-101.9982067,T,NAD83, 2740,100,NGVD29,10140202
USGS,433202103091401,006S08E10CDDD,GW,43.533875,-103.1543629,F,NAD83, 3064, 50,NGVD29,10120109
USGS,433203103224501,006S06E15AA,GW,43.5341501,-103.3796404,F,NAD83, 3400, 50,NGVD29,10120109
USGS,433204102414301, 41N45W17AAA,GW,43.5344333,-102.6957359,T,NAD83, 3198.00, 10,NGVD29,10140201
USGS,433206103035401,006S09E08DDDD,GW,43.5349865,-103.0654729,F,NAD83, 2958, 50,NGVD29,10120109
USGS,433207101470201, 41N38W12DDC,GW,43.53527676,-101.7843143,T,NAD83, 2650.00, 80,NGVD29,10140202
USGS,433210103035701,006S09E08DDD,GW,43.5360976,-103.0663062,F,NAD83, 2958,10,NGVD29,10120109
USGS,433210103042501,006S09E08DCC,GW,43.5360976,-103.074084,F,NAD83, 2966, 50,NGVD29,10120109
USGS,433210103044501,006S09E08CDC,GW,43.53609758,-103.0796397,F,NAD83, 2968,10,NGVD29,10120109
USGS,433210103050001,006S09E08CCC,GW,43.53609757,-103.0838064,F,NAD83, 2972,10,NGVD29,10120109
USGS,433211101572701, 41N39W10CC,GW,43.53638739,-101.9579283,T,NAD83, 2930.00, 90,NGVD29,10140202
USGS,433215103050001,006S09E08CCB,GW,43.53748648,-103.0838064,F,NAD83, 2974, 10,NGVD29,10120109
USGS,433216103013101,006S09E10,GW,43.5377645,-103.0257501,F,NAD83, 3050, 10,NGVD29,10120109
USGS,433218101431601, 41N37W 9DA,GW,43.53999887,-101.7243137,T,NAD83, 2710.00, 90,NGVD29,10140202
USGS,433218102135601, 41N41W 8CACC,GW,43.53832619,-102.23266,F,NAD83, 2650, 50,NGVD29,10140201
USGS,433220101444401, 41N37W 8DACC,GW,43.53888786,-101.7459804,F,NAD83, 2690, 50,NGVD29,10140202
USGS,433230103035901,006S09E08DAA,GW,43.54165329,-103.0668616,F,NAD83, 2952,10,NGVD29,10120109
USGS,433230103041401,006S09E08DBAA,GW,43.54165328,-103.0710283,F,NAD83, 2959.4,10,NGVD29,10120109
USGS,433230103042501,006S09E08DBBB,GW,43.54165327,-103.0740839,F,NAD83, 2964, 50,NGVD29,10120109
USGS,433231103152501,006S07E11BCDC,GW,43.54193026,-103.2574193,F,NAD83, 3220, 50,NGVD29,10120109
USGS,433232101440701, 41N37W 9BDCC,GW,43.54222109,-101.7357026,S,NAD83, 2670, 40,NGVD29,10140202
USGS,433232102133301, 41N41W 8CACA,GW,43.54221516,-102.2284932,M,NAD83, 2642.00,120,NGVD29,10140201
USGS,433232102421801, 41N45W 8,GW,43.54221109,-102.7054584,M,NAD83, 3204, 10,NGVD29,10140201
USGS,433232103232601,006S06E10,GW,43.54220568,-103.391029,M,NAD83, 3600, 50,NGVD29,10120109
USGS,433234103040701,006S09E08ADC,GW,43.5427644,-103.0690838,F,NAD83, 2959, 10,NGVD29,10120109
USGS,433237101380101, 41N36W 8BBDD,GW,43.54638729,-101.6365356,S,NAD83, 2750, 20,NGVD29,10140202
USGS,433238101311701, 41N35W 7AAAD,GW,43.5466646,-101.521813,S,NAD83, 2730, 50,NGVD29,10140202
USGS,433238103101101,006S08E09BCCA,GW,43.54387518,-103.170196,F,NAD83, 3140,10,NGVD29,10120109
USGS,433242101405501, 41N37W11ADAA,GW,43.5449986,-101.682369,S,NAD83, 2752, 20,NGVD29,10140202
USGS,433243101395801, 41N37W12A,GW,43.5452763,-101.6665357,M,NAD83, 2732, 50,NGVD29,10140202
USGS,433245103134401,006S07E12ABDB,GW,43.54581946,-103.2293634,F,NAD83, 3250, 50,NGVD29,10120109
USGS,433246101401101, 41N37W12ABCA,GW,43.54610964,-101.6701468,S,NAD83, 2760, 15,NGVD29,10140202
USGS,433247101432601, 41N37W 9AACA2,GW,43.5463876,-101.7243137,S,NAD83, 2635, 15,NGVD29,10140202
USGS,433247101433301, 41N37W 9AACA,GW,43.5463876,-101.7262581,F,NAD83, 2655, 10,NGVD29,10140202
USGS,433250101361301, 41N36W 9AA,GW,43.54722048,-101.6040355,T,NAD83, 2707, 30,NGVD29,10140202
USGS,433252102123101, 41N41W 9BA,GW,43.54777108,-102.2112703,T,NAD83, 2700.00, 90,NGVD29,10140201
USGS,433255101384301, 42N36W31DDCC,GW,43.563887,-101.6465355,S,NAD83, 2670.00, 20,NGVD29,10140202
USGS,433257101554201, 41N39W 2DCCD,GW,43.5491649,-101.9287613,S,NAD83, 3081, 30,NGVD29,10140202
USGS,433258101432901, 41N37W 4DDC,GW,43.5494431,-101.725147,T,NAD83, 2610.00, 10,NGVD29,10140202
USGS,433301103042501,006S09E05DCC,GW,43.5502645,-103.0740836,F,NAD83, 2958, 10,NGVD29,10120109
USGS,433301103082401,006S08E02CCD,GW,43.5502643,-103.1404733,F,NAD83, 3084.4, 10,NGVD29,10120109
USGS,433303101460401, 41N37W 6DCC,GW,43.54944316,-101.7701474,F,NAD83, 2770,  5,NGVD29,10140202
USGS,433303103225801,006S06E03DDCA,GW,43.55081715,-103.3832513,F,NAD83, 3585, 50,NGVD29,10120109
USGS,433304101505101, 41N38W 4DC,GW,43.55110956,-101.8479266,T,NAD83, 2670,100,NGVD29,10140202
USGS,433308101395801, 41N37W 1D,GW,43.5522206,-101.6665357,M,NAD83, 2720, 30,NGVD29,10140202
USGS,433308101564401, 41N39W 3D,GW,43.55222035,-101.9459838,T,NAD83, 3080, 80,NGVD29,10140202
USGS,433309101504301, 41N38W 4D,GW,43.5524984,-101.8457043,M,NAD83, 2700,130,NGVD29,10140202
USGS,433310101361001, 41N36W 4DDBA,GW,43.5522204,-101.604591,S,NAD83, 2707.00, 30,NGVD29,10140202
USGS,433311103263101,6S 6E 6DDAB Park Well 1,GW,43.5524222,-103.4414972,H,NAD83, 3813.54,.01,NAVD88,10120109
USGS,433311103263102,6S 6E6DDAA Park Well 2,GW,43.55276667,-103.4429444,H,NAD83, 3824.22,.01,NAVD88,10120109
USGS,433311103263201,6S 6E 6DDAA Park Well 4,GW,43.552475,-103.4414694,H,NAD83, 3816,4.3,NAVD88,10120109
USGS,433312103235501,006S06E03C,GW,43.5533169,-103.3990844,T,NAD83, 3650, 10,NGVD29,10120109
USGS,433312103250001,006S06E04C,GW,43.5533166,-103.4171398,T,NAD83, 3700, 10,NGVD29,10120109
USGS,433313103073001,006S08E26AAC,GW,43.55359777,-103.125473,F,NAD83, 3040.99,10,NGVD29,10120109
USGS,433315101304701, 41N35W 5CA,GW,43.55416448,-101.5134795,T,NAD83, 2657, 30,NGVD29,10140202
USGS,433315103041601,006S09E05DBD,GW,43.5541535,-103.0715834,F,NAD83, 2958, 10,NGVD29,10120109
USGS,433324103232601,006S06E03,GW,43.55665049,-103.3910289,M,NAD83, 3585,10,NGVD29,10120109
USGS,433325102410601, 41N45W 4,GW,43.55693355,-102.6854575,M,NAD83, 3190,240,NGVD29,10140201
USGS,433328101322001, 41N35W 6BC,GW,43.5580534,-101.5393129,T,NAD83, 2772, 30,NGVD29,10140202
USGS,433328101383701, 41N36W 6AD,GW,43.557776,-101.6440355,T,NAD83, 2695, 30,NGVD29,10140202
USGS,433328101392801, 42N36W31CCDA,GW,43.5641648,-101.6579244,S,NAD83, 2645, 10,NGVD29,10140202
USGS,433328101395001, 41N37W 1AD,GW,43.55777607,-101.6643134,T,NAD83, 2690, 70,NGVD29,10140201
USGS,433334101400001, 41N37W 1A,GW,43.5594427,-101.6670912,T,NAD83, 2688, 50,NGVD29,10140202
USGS,433336101384601, 41N36W 6AABB,GW,43.5624981,-101.64598,S,NAD83, 2675, 20,NGVD29,10140202
USGS,433341103224501,006S06E02BBCD,GW,43.561373,-103.37964,F,NAD83, 3647, 10,NGVD29,10120109
USGS,433342101385501, 41N36W 6ABC,GW,43.5608315,-101.6504244,S,NAD83, 2670, 10,NGVD29,10140202
USGS,433342101415401, 41N37W 2BB,GW,43.561665,-101.698758,T,NAD83, 2735, 10,NGVD29,10140202
USGS,433344103111001,006S08E05AA,GW,43.56220889,-103.1865847,T,NAD83, 3142, 10,NGVD29,10120109
USGS,433350101390601, 42N36W31CDD,GW,43.563887,-101.652091,T,NAD83, 2650, 10,NGVD29,10140202
USGS,433350101394701, 42N37W36DDD,GW,43.56388706,-101.66348,T,NAD83, 2650, 30,NGVD29,10140202
USGS,433353101383901, 42N36W31BDBC,GW,43.5730535,-101.6557022,F,NAD83, 2651, 10,NGVD29,10140202
USGS,433355101364901, 42N36W33CD,GW,43.56527576,-101.6140354,T,NAD83, 2690, 30,NGVD29,10140202
USGS,433356101462201, 42N37W31CDA,GW,43.5655539,-101.7754253,F,NAD83, 2705,  5,NGVD29,10140202
USGS,433357101392301, 42N36W31CCAD,GW,43.5641648,-101.6576467,S,NAD83, 2640, 10,NGVD29,10140202
USGS,433357101393801, 42N36W31CCBC,GW,43.56583146,-101.66098,F,NAD83, 2632, 15,NGVD29,10140201
USGS,433357101525401, 42N38W32CDCA,GW,43.56444249,-101.8740382,S,NAD83, 2765, 10,NGVD29,10140202
USGS,433357101550201, 42N39W36DAB,GW,43.56860896,-101.9032054,T,NAD83, 2790, 20,NGVD29,10140202
USGS,433359101314501, 42N37W35C,GW,43.5663871,-101.6962579,T,NAD83, 2750, 80,NGVD29,10140202
USGS,433400101390001, 42N36W31CBDB R,GW,43.5680536,-101.6590355,F,NAD83, 2620, 10,NGVD29,10140202
USGS,433401101392801, 42N36W31C,GW,43.56694255,-101.6582022,M,NAD83, 2635, 15,NGVD29,10140202
USGS,433402101393301, 42N36W31CBCD,GW,43.5672203,-101.6595911,T,NAD83, 2635, 20,NGVD29,10140202
USGS,433404103095401,005S08E33DADC,GW,43.5677646,-103.1654732,F,NAD83, 3148, 50,NGVD29,10120109
USGS,433405103204501,005S06E36D,GW,43.56804047,-103.3463069,T,NAD83, 3570, 30,NGVD29,10120109
USGS,433406101541101, 42N39W36DADB,GW,43.56833119,-101.9034832,S,NAD83, 2802, 10,NGVD29,10140202
USGS,433407101323601, 42N36W36DAAC,GW,43.5686088,-101.5437573,S,NAD83, 2723, 30,NGVD29,10140202
USGS,433407101380001, 42N36W32CA,GW,43.5686091,-101.6337577,T,NAD83, 2740.00, 20,NGVD29,10140202
USGS,433407101393101, 42N36W31CB,GW,43.56860918,-101.6590355,M,NAD83, 2620, 10,NGVD29,10140202
USGS,433408101323601, 42N36W36DA2,GW,43.56888659,-101.5437573,T,NAD83, 2723, 30,NGVD29,10140202
USGS,433408101393001, 42N36W31CBAA,GW,43.56999805,-101.6590355,S,NAD83, 2620, 20,NGVD29,10140202
USGS,433409101393001, 42N36W31CB2,GW,43.5691647,-101.6587578,T,NAD83, 2608, 25,NGVD29,10140202
USGS,433410101535001, 42N38W31CBDB,GW,43.56777567,-101.8976498,F,NAD83, 2812, 10,NGVD29,10140202
USGS,433412101502901, 42N38W33DAAA,GW,43.569998,-101.8418154,F,NAD83, 2550, 50,NGVD29,10140202
USGS,433412103240101,5s6e34cbbc,GW,43.57,-103.4002778,S,NAD83, 3732.09, .1,NGVD29,10120109
USGS,433417101390701, 42N36W31,GW,43.57138689,-101.6523688,M,NAD83, 2650, 50,NGVD29,10140202
USGS,433417101400001, 42N37W36ACDD,GW,43.5713869,-101.6670911,F,NAD83, 2660, 10,NGVD29,10140202
USGS,433417103005401,005S09E35,GW,43.57137619,-103.0154709,M,NAD83, 3510,  5,NGVD29,10120109
USGS,433419102541201, 42N47W34,GW,43.57193236,-102.9037998,M,NAD83, 3000,100,NGVD29,10140201
USGS,433421101385501, 42N36W31AC,GW,43.57249797,-101.6490355,T,NAD83, 2630, 30,NGVD29,10140202
USGS,433421101385502, 42N36W31AC2,GW,43.57249797,-101.6490355,F,NAD83, 2630.00, 30,NGVD29,10140202
USGS,433422101390301, 42N37W36ADDA R,GW,43.57416465,-101.662091,F,NAD83, 2580, 10,NGVD29,10140202
USGS,433422101394901, 42N37W36AD,GW,43.57277579,-101.6640355,T,NAD83, 2650, 80,NGVD29,10140202
USGS,433422101394902, 42N37W36AD2,GW,43.57277579,-101.6640355,T,NAD83, 2650, 80,NGVD29,10140202
USGS,433422101421201, 42N37W34AD,GW,43.5727759,-101.7037579,T,NAD83, 2710, 40,NGVD29,10140202
USGS,433422101421202, 42N37W34AD2,GW,43.5727759,-101.7037579,T,NAD83, 2710, 40,NGVD29,10140202
USGS,433422101443501, 42N37W32ADCD,GW,43.57055386,-101.7443137,F,NAD83, 2570,  5,NGVD29,10140202
USGS,433426103181701,005S07E32ADBD,GW,43.5738747,-103.305196,F,NAD83, 3390, 10,NGVD29,10120109
USGS,433427102100501, 42N41W35BABD,GW,43.5763828,-102.1707135,F,NAD83, 2870.00, 20,NGVD29,10140201
USGS,433433103083901,005S08E35BC,GW,43.5758204,-103.1446393,F,NAD83, 3158.1,10,NGVD29,10120109
USGS,433434101363101, 42N36W33ABBC,GW,43.57666445,-101.6109797,S,NAD83, 2665, 30,NGVD29,10140202
USGS,433437101385801, 42N36W31ABB,GW,43.5769423,-101.6498688,T,NAD83, 2650, 10,NGVD29,10140202
USGS,433440102301601, 42N44W36ABB,GW,43.5777682,-102.5048947,F,NAD83, 2705.00, 20,NGVD29,10140201
USGS,433440103022701,005S09E27CCDC,GW,43.5777651,-103.0413043,F,NAD83, 2950, 50,NGVD29,10120109
USGS,433443101393201, 42N36W30CB,GW,43.58305336,-101.6593132,T,NAD83, 2650.00, 50,NGVD29,10140202
USGS,433443102275501, 42N43W29DCCC,GW,43.57860186,-102.4657263,F,NAD83, 2700, 30,NGVD29,10140201
USGS,433444101421601, 42N37W27DDCA,GW,43.5788869,-101.704869,F,NAD83, 2685, 25,NGVD29,10140202
USGS,433445101321501, 42N35W30CCCC,GW,43.57860865,-101.5407016,S,NAD83, 2690.00, 30,NGVD29,10140202
USGS,433445101353001, 43N36W33DCAB,GW,43.65360756,-101.608757,F,NAD83, 2380.00, 30,NGVD29,10140202
USGS,433445102394901, 42N45W27DCCC,GW,43.5791561,-102.6640676,F,NAD83, 3000,200,NGVD29,10140201
USGS,433446101364901, 42N36W28CD,GW,43.57944219,-101.6140353,T,NAD83, 2631, 20,NGVD29,10140202
USGS,433453101324601, 42N36W25D,GW,43.5813864,-101.5465349,M,NAD83, 2696, 20,NGVD29,10140202
USGS,433453101374601, 42N36W29DCBA,GW,43.5813866,-101.6298687,F,NAD83, 2670, 20,NGVD29,10140202
USGS,433454103261901,005S06E29CCBA,GW,43.5816502,-103.4390838,S,NAD83, 3960,20,NGVD29,10120109
USGS,433456101332001, 42N36W25CACC,GW,43.58221975,-101.5559794,T,NAD83, 2723, 50,NGVD29,10140202
USGS,433456101570401, 42N39W27CADD,GW,43.58221956,-101.9515398,F,NAD83, 2840, 20,NGVD29,10140202
USGS,433500101352001, 42N36W27DB,GW,43.5833309,-101.5893129,T,NAD83, 2625.00, 30,NGVD29,10140202
USGS,433501101330101, 42N36W25ACBB,GW,43.5866641,-101.5515349,S,NAD83, 2756, 30,NGVD29,10140202
USGS,433502101420901, 42N37W27DAA,GW,43.5838868,-101.7029246,T,NAD83, 2710, 25,NGVD29,10140202
USGS,433505101390601, 42N36W30CAAA,GW,43.58471998,-101.652091,S,NAD83, 2672, 30,NGVD29,10140202
USGS,433506103193301,005S07E30DBAA,GW,43.5849857,-103.3263068,F,NAD83, 3500, 50,NGVD29,10120109
USGS,433507103193801,005S07E30DBAA2,GW,43.58526347,-103.3276957,F,NAD83, 3500, 10,NGVD29,10120109
USGS,433513101385501, 42N36W30AC,GW,43.58694215,-101.6490354,T,NAD83, 2710, 40,NGVD29,10140202
USGS,433513103203201,006S05E25ADD,GW,43.5008145,-103.4621399,F,NAD83, 3935, 10,NGVD29,10120109
USGS,433527101415401, 42N37W26BB,GW,43.59083109,-101.6987579,T,NAD83, 2752, 70,NGVD29,10140202
USGS,433527102285701, 42N43W30AB,GW,43.5908241,-102.4829493,T,NAD83, 2720.00,160,NGVD29,10140201
USGS,433533102533901, 42N47W27AAA,GW,43.5924882,-102.8946322,T,NAD83, 3110, 15,NGVD29,10140201
USGS,433539101334801, 42N36W23DD,GW,43.594164,-101.5637571,T,NAD83, 2755, 30,NGVD29,10140202
USGS,433539101334802, 42N36W23DD2,GW,43.594164,-101.5637571,T,NAD83, 2755, 30,NGVD29,10140202
USGS,433539102071701, 42N40W19DD,GW,43.5941613,-102.121823,T,NAD83, 2890, 80,NGVD29,10140202
USGS,433539102274801, 42N43W20DC,GW,43.5941576,-102.4637818,T,NAD83, 2810, 20,NGVD29,10140201
USGS,433553102213401, 42N42W19DA,GW,43.59804719,-102.3598882,T,NAD83, 2520, 30,NGVD29,10140201
USGS,433553103081101,005S08E23CA,GW,43.5980431,-103.1368607,F,NAD83, 3358.5,10,NGVD29,10120109
USGS,433554103042101,005S09E20DB,GW,43.598321,-103.0729708,S,NAD83, 2130,10,NGVD29,10120109
USGS,433559101375201, 42N36W20,GW-TH,43.59971965,-101.6315352,M,NAD83, 2600,260,NGVD29,10140202
USGS,433600102220001, 43N42W19,GW,43.6869365,-102.3593329,F,NAD83, 2760,190,NGVD29,10140202
USGS,433604102591001, 42N48W24BDCC,GW-TH,43.60109898,-102.98658,F,NAD83, 2911, 30,NGVD29,10120109
USGS,433607101581401, 42N39W21BDAD,GW,43.60194119,-101.9709849,S,NAD83, 2780, 25,NGVD29,10140202
USGS,433611102072601, 42N40W19A,GW,43.60305,-102.1243232,F,NAD83, 2930.00,140,NGVD29,10140201
USGS,433612101303301, 42N35W20ACBB,GW,43.60194157,-101.5107012,S,NAD83, 2722, 20,NGVD29,10140202
USGS,433612101564201, 42N39W22A,GW,43.60333015,-101.9454288,T,NAD83, 2810.00, 40,NGVD29,10140202
USGS,433613101575201, 42N39W21A,GW,43.6036078,-101.9648737,T,NAD83, 2830, 80,NGVD29,10140202
USGS,433614102271901, 42N43W21BBDD,GW,43.60387999,-102.4557259,F,NAD83, 2832, 15,NGVD29,10140201
USGS,433620102163001, 42N42W 2BB,GW,43.64888097,-102.2946076,T,NAD83, 2580.00,110,NGVD29,10140201
USGS,433628103173801,005S07E16CDCA,GW,43.60776468,-103.2943622,F,NAD83, 3475, 50,NGVD29,10120109
USGS,433634102265201, 42N43W16CDAC,GW,43.60943565,-102.4482256,F,NAD83, 2750.00, 30,NGVD29,10140201
USGS,433640101460701, 42N37W18DBCD,GW,43.61110849,-101.7690362,S,NAD83, 2430, 20,NGVD29,10140202
USGS,433649103070301,005S08E13CBB,GW,43.61359904,-103.117971,F,NAD83, 3278.3, 10,NGVD29,10120109
USGS,433649103070302,005S08E13CBB2,GW,43.61359904,-103.117971,F,NAD83, 3250.5, 10,NGVD29,10120109
USGS,433653101570801, 42N39W15BDD,GW,43.6147187,-101.9526513,F,NAD83, 2810,  5,NGVD29,10140202
USGS,433657101564201, 42N39W15ACAD,GW,43.6158298,-101.94654,F,NAD83, 2730.00,  5,NGVD29,10140202
USGS,433659101565101, 42N39W15AC2,GW,43.61638536,-101.947929,T,NAD83, 2760,120,NGVD29,10140202
USGS,433701103075501,005S08E14ABCC,GW,43.6169324,-103.1324156,F,NAD83, 3295, 50,NGVD29,10120109
USGS,433705102584501,005S10E18BAAB,GW,43.6180437,-102.9796346,F,NAD83, 2810,10,NGVD29,10120109
USGS,433710102082101, 42N40W18BB,GW,43.61943848,-102.1368238,T,NAD83, 2760.00,160,NGVD29,10140201
USGS,433711102595401,005S09E13BA,GW,43.6158214,-102.9815792,F,NAD83, 2850,10,NGVD29,10120109
USGS,433712102535501, 42N47W15ABDA,GW,43.6199885,-102.899076,F,NAD83, 2950, 15,NGVD29,10140201
USGS,433715103122801,005S08E18ABAB,GW,43.6208214,-103.2082503,F,NAD83, 3505, 50,NGVD29,10120109
USGS,433720103192301,005S07E18AAAB,GW,43.62220895,-103.3235284,F,NAD83, 3705, 10,NGVD29,10120109
USGS,433721102563501,005S10E09BC,GW,43.630544,-102.9435217,F,NAD83, 2960, 50,NGVD29,10120109
USGS,433722103065401,005S08E12CDD,GW,43.6227659,-103.1154707,F,NAD83, 3234,10,NGVD29,10120109
USGS,433728102251501, 42N43W10D,GW,43.6244359,-102.42128,M,NAD83, 2800,100,NGVD29,10140201
USGS,433740102532001, 43N47W27CACD,GW,43.6694335,-102.9065748,F,NAD83, 2685, 10,NGVD29,10140201
USGS,433740103202801,005S06E12DAAD,GW,43.6277643,-103.3415838,S,NAD83, 3765,10,NGVD29,10120109
USGS,433744101472801, 42N38W12,GW,43.62888578,-101.7915367,M,NAD83, 2415,100,NGVD29,10140202
USGS,433745102023701, 42N39W 7,GW,43.6291624,-102.009875,T,NAD83, 2500,200,NGVD29,10140202
USGS,433751102582401,005S10E07AC,GW,43.63082169,-102.9738006,F,NAD83, 3010, 50,NGVD29,10120109
USGS,433751103085201,005S08E12AD,GW,43.6308216,-103.1482489,F,NAD83, 3291.4, 10,NGVD29,10120109
USGS,433754101403601, 42N37W12B,GW,43.63166359,-101.6770909,M,NAD83, 2620,150,NGVD29,10140202
USGS,433757102562901,005S10E09BBDD,GW,43.6324885,-102.941855,F,NAD83, 2840, 10,NGVD29,10120109
USGS,433757102562902,005S10E09BBDD2,GW,43.6324885,-102.941855,F,NAD83, 2840, 10,NGVD29,10120109
USGS,433800103124201,005S08E07ABCD,GW,43.6333217,-103.2121389,F,NAD83, 3545, 10,NGVD29,10120109
USGS,433801101542301, 42N39W12ABDA,GW,43.6336073,-101.9068171,F,NAD83, 2640, 10,NGVD29,10140202
USGS,433801101542302, 42N39W12ABDA2,GW,43.6336073,-101.9068171,F,NAD83, 2640, 10,NGVD29,10140202
USGS,433803101394901, 42N37W12AA,GW,43.6341635,-101.6640352,T,NAD83, 2520, 50,NGVD29,10140202
USGS,433803101541201, 42N39W12AABD,GW,43.6341629,-101.9037615,F,NAD83, 2633,4.3,NAVD88,
USGS,433806103194501,005S07E07ABBD,GW,43.63498695,-103.3296393,F,NAD83, 3680,10,NGVD29,10120109
USGS,433810102542201, 42N47W15ABAD,GW,43.62054409,-102.8987982,F,NAD83, 2955.00, 10,NGVD29,10120109
USGS,433810102542601, 42N47W15ACAB,GW,43.61804405,-102.8999094,F,NAD83, 2961.00, 10,NGVD29,10120109
USGS,433811102373501, 38N45W15DDCB,GW,43.2610963,-102.6268403,T,NAD83, 3250, 50,NGVD29,10140201
USGS,433813103201601,005S07E06CCDB,GW,43.63693128,-103.3382503,F,NAD83, 3700, 50,NGVD29,10120109
USGS,433815103084701,005S08E01DDD,GW,43.63748845,-103.1468597,F,NAD83, 3163.2, 10,NGVD29,10120109
USGS,433820103201801,005S07E06CC,GW,43.63887576,-103.3388058,F,NAD83, 3705, 10,NGVD29,10120109
USGS,433824103070701,005S08E01C,GW,43.63998848,-103.1190813,M,NAD83, 3150,50,NGVD29,10120109
USGS,433831102563801,005S10E04CBBB,GW,43.64193307,-102.9443547,F,NAD83, 2690, 50,NGVD29,10120109
USGS,433831103053101,005S09E06DBBA,GW,43.64193295,-103.092414,F,NAD83, 3075, 50,NGVD29,10120109
USGS,433832102543601, 42N47W 3CB,GW,43.6422222,-102.91,5,NAD83,,,,10120109
USGS,433832103061701,005S08E01DADA,GW,43.6422107,-103.105192,T,NAD83, 3100, 50,NGVD29,10120109
USGS,433833103205101,005S06E01DBAC,GW,43.64248679,-103.3479724,F,NAD83, 3740,10,NGVD29,10120109
USGS,433834101532701, 42N38W 6BBDA,GW,43.648607,-101.896817,F,NAD83, 2602, 10,NGVD29,10140202
USGS,433834103061101,005S09E06CBB,GW,43.6427663,-103.1035254,F,NAD83, 3143.1,10,NGVD29,10120109
USGS,433835102565401,005S10E05DAAA,GW,43.64304418,-102.9487993,F,NAD83, 2740, 10,NGVD29,10120109
USGS,433837101592401, 42N39W 5,GW,43.64360667,-101.9904303,M,NAD83, 2550,180,NGVD29,10140202
USGS,433840103191501,005S07E05BCCC,GW,43.64443179,-103.3213058,F,NAD83, 3740, 10,NGVD29,10120109
USGS,433842103061101,005S09E06BCC,GW,43.64498857,-103.1035253,T,NAD83, 3078, 10,NGVD29,10120109
USGS,433846103060901,005S09E06BCBC,GW,43.6460997,-103.1029697,F,NAD83, 3160, 10,NGVD29,10120109
USGS,433856101521601, 42N38W 5BA,GW,43.64832938,-101.8715386,T,NAD83, 2627, 20,NGVD29,10140202
USGS,433858103202001,005S07E06ACAA,GW,43.64720957,-103.3254724,F,NAD83, 3900, 20,NGVD29,10120109
USGS,433903103222001,005S06E02BAA,GW,43.65081987,-103.3726944,S,NAD83, 3900, 10,NGVD29,10120109
USGS,433905103235601,004S06E34CCCC,GW,43.65138889,-103.3988889,S,NAD83, 4087, 15,NAVD88,10120109
USGS,433907103055201,004S09E31CCC,GW,43.65193315,-103.0982472,F,NAD83, 3088.7, 10,NGVD29,10120109
USGS,433908103152601,004S07E35CCC,GW,43.65221099,-103.2576948,F,NAD83, 3760, 10,NGVD29,10120109
USGS,433913103033701,004S09E32DDA,GW,43.6535998,-103.0607463,F,NAD83, 3000, 10,NGVD29,10120109
USGS,433913103040801,004S09E32DCBC,GW,43.6535998,-103.0693576,F,NAD83, 3020, 10,NGVD29,10120109
USGS,433921103163001,004S07E34CBAC,GW,43.65582186,-103.2754725,F,NAD83, 3500, 50,NGVD29,10120109
USGS,433928101423901, 43N37W34,GW,43.6577742,-101.7112577,M,NAD83, 2309,220,NGVD29,10140202
USGS,433928103113801,004S08E32BCDC (3),GW,43.65776675,-103.1943602,F,NAD83, 3300, 50,NGVD29,10120109
USGS,433931103114401,004S08E32BCDC,GW,43.65915567,-103.1960268,S,NAD83, 3229, 10,NGVD29,10120109
USGS,433932103011901,004S09E34ADBD,GW,43.6588776,-103.022412,F,NAD83, 2900, 10,NGVD29,10120109
USGS,433932103040901,004S09E32,GW,43.65887769,-103.0696352,M,NAD83, 3070,100,NGVD29,10120109
USGS,433932103084201,004S08E34ACDB,GW,43.6588778,-103.1454702,F,NAD83, 3160, 50,NGVD29,10120109
USGS,433932103114401,004S08E32BCDC (2),GW,43.65887789,-103.1960268,F,NAD83, 3330, 50,NGVD29,10120109
USGS,433932103160701,004S07E34BD,GW,43.66054426,-103.2726946,T,NAD83, 3500,10,NGVD29,10120109
USGS,433934102593301,004S09E36BDDB,GW,43.65943317,-102.9929668,F,NAD83, 2840, 10,NGVD29,10120109
USGS,433934103101001,004S08E33,GW,43.6594334,-103.1699152,M,NAD83, 3240,60,NGVD29,10120109
USGS,433934103101002,004S08E33 (2),GW,43.6594334,-103.1699152,M,NAD83, 3220,100,NGVD29,10120109
USGS,433936103091801,004S08E32AADB,GW,43.6627668,-103.1554703,F,NAD83, 3180, 10,NGVD29,10120109
USGS,433938102591501,004S09E36AC,GW,43.6605443,-102.9879666,T,NAD83, 2850, 20,NGVD29,10120107
USGS,433939102593001,004S09E36BD,GW,43.66082208,-102.9921334,T,NAD83, 2840, 20,NGVD29,10120109
USGS,433951103071801,004S08E35AA,GW,43.66415566,-103.1221362,T,NAD83, 3234,10,NGVD29,10120109
USGS,433955103100801,004S08E33BAAA,GW,43.66526688,-103.1693594,F,NAD83, 3205, 10,NGVD29,10120109
USGS,433955103100802,004S08E33BAAA2,GW,43.66526688,-103.1693594,F,NAD83, 3205,  5,NGVD29,10120109
USGS,434000102534401, 43N47W27DDCA (2),GW,43.6672113,-102.8965746,F,NAD83, 2691.00, 10,NGVD29,10140201
USGS,434000102534501, 43N47W27DDCA,GW,43.6672113,-102.8965746,F,NAD83, 2691.00, 10,NGVD29,10140201
USGS,434001103131301,004S07E25DDDB,GW,43.66693369,-103.2207494,S,NAD83, 3392,10,NGVD29,10120109
USGS,434006103140601,004S07E25CCA,GW,43.6683226,-103.2354719,F,NAD83, 3396,10,NGVD29,10120109
USGS,434008101465501, 43N38W25DADA,GW,43.66888495,-101.7823699,F,NAD83, 2350, 30,NGVD29,10140202
USGS,434008103102501,004S08E28C,GW,43.66887809,-103.1740817,M,NAD83, 3220, 10,NGVD29,10120109
USGS,434011102542901, 43N47W27CDAB,GW,43.6694335,-102.9071304,F,NAD83, 2685.00, 10,NGVD29,10140201
USGS,434014102090801, 43N41W25CAB,GW,43.67054875,-102.152658,T,NAD83, 2660, 60,NGVD29,10140202
USGS,434016103171001,004S07E28DBBC,GW,43.67137756,-103.289361,T,NAD83, 3580, 10,NGVD29,10120109
USGS,434021101484201, 43N38W26,GW,43.6724958,-101.8120928,M,NAD83, 2440, 70,NGVD29,10140202
USGS,434026103133101,004S07E25ACD,GW,43.6738783,-103.2257494,F,NAD83, 3460, 10,NGVD29,10120109
USGS,434032101534401, 43N38W30B,GW,43.6755508,-101.8959839,M,NAD83, 2430, 80,NGVD29,10140202
USGS,434036103151201,004S07E26B,GW,43.67665616,-103.2538054,M,NAD83, 3400.3, 10,NGVD29,10120109
USGS,434037101502001, 43N38W27BBC,GW,43.6758289,-101.8393158,T,NAD83, 2290, 20,NGVD29,10140202
USGS,434040102204801, 43N42W29BAD,GW,43.6766587,-102.348499,T,NAD83, 2830.00, 50,NGVD29,10140201
USGS,434044101561501, 43N39W23CC,GW,43.6808282,-101.9379294,M,NAD83, 2420,160,NGVD29,10140202
USGS,434048103152701,004S07E26BBBB,GW,43.6799895,-103.257972,T,NAD83, 3408, 50,NGVD29,10120109
USGS,434050101544001, 43N39W24CDD,GW,43.68055059,-101.9115399,T,NAD83, 2437, 10,NGVD29,10140202
USGS,434051101552401, 43N39W26DA,GW,43.68082829,-101.9237624,T,NAD83, 2530, 30,NGVD29,10140202
USGS,434052101522201, 43N38W20CD,GW,43.68110636,-101.8732055,T,NAD83, 2422.00,10,NGVD29,10140202
USGS,434052103044801,004S09E19DDD,GW,43.68110035,-103.080468,F,NAD83, 3043.2,10,NGVD29,10120109
USGS,434053101481001, 43N38W23DD,GW,43.6797179,-101.8032037,T,NAD83, 2420, 10,NGVD29,10140202
USGS,434053101535001, 43N38W19CC,GW,43.68138399,-101.8976506,T,NAD83, 2380, 50,NGVD29,10140202
USGS,434053101570901, 43N39W22CD,GW,43.68138366,-101.9529298,T,NAD83, 2457, 10,NGVD29,10140202
USGS,434100103120000,004S08E19D,GW,43.6833229,-103.2004708,M,NAD83, 3278, 50,NGVD29,10120109
USGS,434101102215601, 43N42W19(2),GW,43.68360316,-102.3659999,M,NAD83, 2750, 50,NGVD29,10140201
USGS,434101103170701,004S07E21D,GW,43.68360017,-103.2857497,T,NAD83, 3510, 10,NGVD29,10120109
USGS,434104101522401, 43N38W20CA,GW,43.6844396,-101.8737611,T,NAD83, 2410.00,160,NGVD29,10140202
USGS,434104103121301,004S08E19DBCC,GW,43.68443409,-103.204082,F,NAD83, 3278, 10,NGVD29,10120109
USGS,434104103125001,004S08E19CAAA,GW,43.6844341,-103.21436,T,NAD83, 3279.8, 10,NGVD29,10120109
USGS,434104103192801,004S07E18DCDA,GW,43.68443276,-103.3249163,F,NAD83, 3605, 10,NGVD29,10120109
USGS,434105103061501,004S08E24D,GW,43.6847116,-103.1046351,T,NAD83, 3150,10,NGVD29,10120109
USGS,434106101553201, 43N39W23A,GW,43.6849948,-101.9259847,M,NAD83, 2430,130,NGVD29,10140202
USGS,434106102040701, 43N40W22,GW,43.68499378,-102.0690444,M,NAD83, 2400.00,150,NGVD29,10140202
USGS,434109102213201, 43N42W19DABB,GW,43.6858254,-102.3593329,F,NAD83, 2750, 20,NGVD29,10140201
USGS,434110101532701, 43N38W19,GW,43.6861061,-101.8912616,M,NAD83, 2885,140,NGVD29,10140202
USGS,434111103183801,004S07E20CAA,GW,43.6863775,-103.3110274,F,NAD83, 3720,10,NGVD29,10120109
USGS,434112102003401, 43N39W19,GW,43.6866609,-102.0098759,M,NAD83, 2500.00,110,NGVD29,10140202
USGS,434113102115201,004S16E21AADA,GW,43.68693705,-102.1982152,F,NAD83, 2431, 50,NGVD29,10140202
USGS,434113103123101,004S08E19AACB,GW,43.69221206,-103.2043595,F,NAD83, 3288, 50,NGVD29,10120109
USGS,434113103123102,004S08E19 (2),GW,43.68693416,-103.209082,M,NAD83, 3380, 10,NGVD29,10120109
USGS,434117101555901, 43N39W23BD,GW,43.68805027,-101.9334849,T,NAD83, 2380, 60,NGVD29,10140202
USGS,434118101331401, 43N36W24BD,GW,43.6883292,-101.5543118,T,NAD83, 2485.00, 90,NGVD29,10140202
USGS,434122103102601,004S08E21BA,GW,43.6927675,-103.1721365,T,NAD83, 3455,10,NGVD29,10120109
USGS,434123101403601, 43N37W24B,GW,43.689718,-101.6770906,M,NAD83, 2340,180,NGVD29,10140202
USGS,434123101422301, 43N37W22A,GW,43.689718,-101.706813,F,NAD83, 2230.00, 30,NGVD29,10140202
USGS,434134101553701,004S18E14DC,GW,43.6927724,-101.9273737,T,NAD83, 2300, 10,NGVD29,10140202
USGS,434134103101501,004S08E21BA2,GW,43.6927675,-103.1713032,F,NAD83, 3425, 25,NGVD29,10120109
USGS,434136101554001, 43N39W23AB,GW,43.6916613,-101.928207,T,NAD83, 2300, 60,NGVD29,10140202
USGS,434136101555201, 43N39W23BAA,GW,43.6933279,-101.9315405,T,NAD83, 2303, 10,NGVD29,10140202
USGS,434137101463601, 43N35W19AB,GW,43.692218,-101.528756,T,NAD83, 2455.00, 50,NGVD29,10140202
USGS,434147102534801,004S10E14CC,GW,43.6963783,-102.8971293,T,NAD83, 2896,10,NGVD29,10120109
USGS,434150101571801, 43N39W15C,GW,43.69721657,-101.95543,M,NAD83, 2320,150,NGVD29,10140202
USGS,434155101564501, 43N39W15ADC,GW,43.64249559,-101.9904303,T,NAD83, 2305.00, 10,NGVD29,10140202
USGS,434156102511801,004S11E18CBAD,GW,43.6988784,-102.8554614,F,NAD83, 2950, 50,NGVD29,10120109
USGS,434157101553401, 43N39W23ABD,GW,43.69055025,-101.9265403,T,NAD83, 2297.00, 10,NGVD29,10140202
USGS,434158102070101, 43N40W17BD,GW,43.70277088,-102.1123793,T,NAD83, 2395, 10,NGVD29,10140202
USGS,434159102123801,004S16E16BD,GW,43.6997146,-102.2109935,T,NAD83, 2450,10,NGVD29,10140202
USGS,434203101562901, 43N39W15DAA,GW,43.70082767,-101.9418186,F,NAD83, 2308.00, 10,NGVD29,10140202
USGS,434205103111901,004S08E17BCCC,GW,43.7013789,-103.1890812,M,NAD83, 3395,10,NGVD29,10120109
USGS,434206101563301, 43N39W15ACC,GW,43.70166098,-101.9429298,T,NAD83, 2310, 10,NGVD29,10140202
USGS,434206101563702, 43N39W15ACC2,GW,43.7016609,-101.9487633,F,NAD83, 2310.00, 10,NGVD29,10140202
USGS,434206101564301, 43N39W15ACD,GW,43.70166096,-101.9457076,T,NAD83, 2309.00,110,NGVD29,10140202
USGS,434207101303301, 43N35W17AC,GW,43.7019401,-101.509589,T,NAD83, 2490.00, 50,NGVD29,10140202
USGS,434207102035701,004S17E15ABBC,GW,43.7019379,-102.0662667,F,NAD83, 2300, 50,NGVD29,10140202
USGS,434213103040101,004S09E17AC,GW,43.7036007,-103.0674114,F,NAD83, 3214,10,NGVD29,10120109
USGS,434216101572401,004S18E15BB,GW,43.70443859,-101.9570968,T,NAD83, 2310.00, 10,NGVD29,10140202
USGS,434216102012901, 43N40W13 (2),GW,43.7044381,-102.0251544,M,NAD83, 2343, 10,NGVD29,10140202
USGS,434221103203701,004S06E13A,GW,43.7058218,-103.3440826,M,NAD83, 3410, 10,NGVD29,10120109
USGS,434222102514501,004S10E13AA,GW,43.7061007,-102.8629614,F,NAD83, 2716,10,NGVD29,10120109
USGS,434225101584801,004S18E08DDAD,GW-CR,43.70693838,-101.9804309,F,NAD83, 2330.00,5,NGVD29,10140202
USGS,434228103065001,004S08E13BBAA,GW,43.70776766,-103.1143569,F,NAD83, 3115, 50,NGVD29,10120109
USGS,434232102073001,004S17E07DBCD,GW,43.7088818,-102.1254353,F,NAD83, 2406, 50,NGVD29,10140202
USGS,434236103201601,004S06E12DDAD,GW,43.7099887,-103.3382492,F,NAD83, 3690, 50,NGVD29,10120109
USGS,434238103065901,004S08E12CC,GW,43.7105455,-103.1168568,T,NAD83, 3150, 10,NGVD29,10120109
USGS,434238103154801,003S07E34D,GW,43.71054576,-103.2638047,M,NAD83, 3530,111,NGVD29,10120109
USGS,434246103130801,004S07E12DADA,GW,43.71276818,-103.2193594,F,NAD83, 3340, 50,NGVD29,10120109
USGS,434250102105001,004S16E10AD,GW,43.7138814,-102.1809926,T,NAD83, 2447,10,NGVD29,10120112
USGS,434254103150301,004S07E11CABA,GW,43.71499058,-103.2513046,F,NAD83, 3450, 50,NGVD29,10120109
USGS,434256102000201,004S18E07ADAB,GW,43.7155491,-102.000987,F,NAD83, 2340.00,5,NGVD29,10140202
USGS,434257103282601,004S05E12BCDC,GW,43.71581949,-103.4743602,F,NAD83, 4800, 50,NGVD29,10120109
USGS,434258102000201,004S18E07AADC,GW,43.71610466,-102.000987,F,NAD83, 2340.00,5,NGVD29,10140202
USGS,434301102001001,004S18E07ABAD,GW,43.71693796,-102.0032094,F,NAD83, 2527.00, 10,NGVD29,10140202
USGS,434301102234201,004S14E12BBCB,GW,43.7169367,-102.3954458,F,NAD83, 2615, 50,NGVD29,10140201
USGS,434303101323801, 43N36W12AD,GW,43.7174954,-101.5443115,F,NAD83, 2342.00, 30,NGVD29,10140202
USGS,434305103290701,004S05E11AC,GW,43.7180415,-103.485749,M,NAD83, 4955,111,NGVD29,10120109
USGS,434310101562401,004S18E15AAAA,GW,43.70471647,-101.9404297,T,NAD83, 2300.00, 10,NGVD29,10140202
USGS,434315101331201, 43N36W12BA,GW,43.7208287,-101.553756,T,NAD83, 2329, 10,NGVD29,10140202
USGS,434316103061101,004S08E12AA,GW,43.7211012,-103.1035228,T,NAD83, 3158, 10,NGVD29,10120109
USGS,434325101342001, 43N36W 2CDD,GW,43.7236064,-101.572645,T,NAD83, 2351, 10,NGVD29,10140202
USGS,434328101340801, 43N36W 2DC,GW,43.7244397,-101.5693116,T,NAD83, 2330.00,10,NGVD29,10140202
USGS,434328101374301, 43N36W 5DC,GW,43.72443966,-101.6290344,T,NAD83, 2315, 50,NGVD29,10140202
USGS,434330101355001, 43N36W 3CC,GW,43.7249952,-101.5990342,T,NAD83, 2220.00,110,NGVD29,10140202
USGS,434330101361501, 43N36W 5,GW,43.72916179,-101.6318122,M,NAD83, 2280.00,140,NGVD29,10140202
USGS,434330102542501,004S10E03DCBD,GW,43.72498978,-102.9074065,F,NAD83, 2825, 50,NGVD29,10120109
USGS,434331102540701,004S10E03DD,GW,43.72526756,-102.9024064,T,NAD83, 2801,10,NGVD29,10120109
USGS,434331103125401,003S07E36D,GW,43.72526848,-103.2154701,T,NAD83, 3360, 10,NGVD29,10120109
USGS,434333102134501, 38N46W35ABDB,GW,43.22915036,-102.7262885,T,NAD83, 3052.00, 20,NGVD29,10140201
USGS,434335102082001,004N16E01DAAA,GW,43.72638149,-102.1393248,S,NAD83, 2162,20,NGVD29,10140202
USGS,434339103064601,004S08E01CDAB,GW,43.72749028,-103.113245,T,NAD83, 3150, 50,NGVD29,10120109
USGS,434342101303001, 43N35W 5DB,GW,43.7283286,-101.5087555,T,NAD83, 2270.00, 60,NGVD29,10140202
USGS,434343102063801,004S17E05BD,GW,43.7286038,-102.1109906,F,NAD83, 2425,10,NGVD29,10120112
USGS,434345101323201, 43N36W 1DAA,GW,43.7291619,-101.5426447,T,NAD83, 2278, 10,NGVD29,10140202
USGS,434347101461101,004S20E06DBBB,GW,43.7269393,-101.7701473,F,NAD83, 2340, 10,NGVD29,10140202
USGS,434348101330301, 43N36W 1,GW,43.7299952,-101.5512559,M,NAD83, 2316, 30,NGVD29,10140202
USGS,434348103131701,004S07E01DAAB,GW,43.72999086,-103.221859,F,NAD83, 3315,10,NGVD29,10120109
USGS,434350103201901,004S06E01DAAA(CU93A),GW,43.73077778,-103.3389444,1,NAD83, 3860.8, 50,NAVD88,10120109
USGS,434350103201902,004S06E01DAAA2(CU93B),GW,43.73080556,-103.3389444,1,NAD83, 3860.9, .1,NAVD88,10120109
USGS,434351103200901,004S07E06BCCB,GW,43.7308226,-103.3363044,F,NAD83, 3860, 50,NGVD29,10120109
USGS,434407101323301, 43N36W 1AA,GW,43.7352729,-101.544589,T,NAD83, 2315.00,100,NGVD29,10140202
USGS,434407101323302, 43N36W 1AA (3),GW,43.7352729,-101.544589,T,NAD83, 2315.00,100,NGVD29,10140202
USGS,434407101323601, 43N36W 1AA (2),GW,43.7352729,-101.5437557,T,NAD83, 2310,100,NGVD29,10140202
USGS,434410102101401,003S16E35CD,GW,43.73610347,-102.1709925,T,NAD83, 2480,10,NGVD29,10140202
USGS,434417102331201,003S13E15CC,GW,43.73804767,-102.5537856,F,NAD83, 2805, 50,NGVD29,10120109
USGS,434424103154601,003S07E34DCAA,GW,43.739991,-103.2632486,F,NAD83, 3600, 50,NGVD29,10120109
USGS,434425102332701, 35N45W12DABB,GW,43.026374,-102.557941,T,NAD83, 3230.00, 20,NGVD29,10140201
USGS,434425102332702, 35N45W12AD2,GW,43.0260963,-102.5562743,T,NAD83, 3235.00, 20,NGVD29,10140201
USGS,434429101415701, 41N37W26CCD,GW,43.49555506,-101.6995916,T,NAD83, 2870, 20,NGVD29,10140201
USGS,434430101331201, 44N36W36CA,GW,43.7416617,-101.5537558,T,NAD83, 2150.00,100,NGVD29,10140202
USGS,434435101312101, 44N35W31DAA,GW,43.7430506,-101.5229221,T,NAD83, 2225, 10,NGVD29,10140202
USGS,434436101492101,003S19E34AD,GW,43.74332746,-101.8229266,T,NAD83, 2379, 10,NGVD29,10140102
USGS,434442102472101,003S11E34AD,GW,43.74499,-102.7896255,F,NAD83, 2710,10,NGVD29,10120109
USGS,434443103145601,003S07E35DBB,GW,43.74526918,-103.2493595,F,NAD83, 3480, 10,NGVD29,10120109
USGS,434445101320001, 44N35W31BDA,GW,43.7458283,-101.5337555,F,NAD83, 2130.00, 10,NGVD29,10140202
USGS,434445103240201,003S05E31,GW,43.7458217,-103.4010265,M,NAD83, 5500,100,NGVD29,10120109
USGS,434445103280601,003S05E36,GW,43.7458203,-103.4688044,M,NAD83, 5400,100,NGVD29,10120109
USGS,434450101310701,003S22E32BB,GW,43.74999498,-101.5190331,T,NAD83, 2137.00, 10,NGVD29,10140202
USGS,434452101310901,003S22E32BB (2),GW,43.74777279,-101.5195887,F,NAD83, 2137.00, 10,NGVD29,10140202
USGS,434454101335001, 44N36W35AA,GW,43.74832825,-101.5643114,T,NAD83, 2150, 10,NGVD29,10140202
USGS,434458101312601, 44N35W31AA,GW,43.74888387,-101.524311,T,NAD83, 2140, 10,NGVD29,10140202
USGS,434459101310401,003S22E32BBAB,GW,43.7497172,-101.5181998,T,NAD83, 2138, 10,NGVD29,10140201
USGS,434500103001101,003S09E35AAC,GW,43.7499901,-103.0035189,F,NAD83, 3009.2,10,NGVD29,10120109
USGS,434500103170501,003S07E33ABC,GW,43.7499908,-103.2851929,F,NAD83, 3740,10,NGVD29,10120109
USGS,434500103192201,003S07E30DDAC,GW,43.75526779,-103.3232483,F,NAD83, 3800, 10,NGVD29,10120109
USGS,434502103165801,003S07E33AACB,GW,43.7505464,-103.2832484,S,NAD83, 3655,10,NGVD29,10120109
USGS,434503103183601,003S07E32BABA,GW,43.7508236,-103.3104707,F,NAD83, 3720, 50,NGVD29,10120109
USGS,434505103000401,003S09E35AAA,GW,43.75165676,-103.0010188,F,NAD83, 2985.2,10,NGVD29,10120109
USGS,434510102263101,003S14E28DADA,GW,43.75277039,-102.4423925,M,NAD83, 2680,20,NGVD29,10140201
USGS,434513103143901,003S07E26DCC,GW,43.75360256,-103.2446369,F,NAD83, 3495, 20,NGVD29,10120109
USGS,434514102261601,003S14E28DAAC,GW,43.75388147,-102.4382256,F,NAD83, 2684, 50,NGVD29,10140201
USGS,434515102263101,003S14E28DAC,GW,43.75415926,-102.4423924,F,NAD83, 2685,10,NGVD29,10140201
USGS,434521102461201,003S11E26CADB,GW,43.7558233,-102.7704581,F,NAD83, 3050, 50,NGVD29,10120109
USGS,434527102583601,003S10E30CB,GW,43.75749005,-102.9771291,T,NAD83, 3007,10,NGVD29,10120109
USGS,434528102563001,003S10E29DA,GW,43.7577678,-102.9421284,T,NAD83, 3092.6,10,NGVD29,10120109
USGS,434528102593001,003S09E25CA,GW,43.7577678,-102.9921294,T,NAD83, 3016,10,NGVD29,10120109
USGS,434528103002801,003S09E26CAAD,GW,43.75776787,-103.008241,F,NAD83, 3000, 50,NGVD29,10120109
USGS,434531102005901,003S18E30BC,GW,43.7572147,-102.0168213,T,NAD83, 2430.00, 10,NGVD29,10140202
USGS,434540103273601,003S05E25AC,GW,43.7610984,-103.4604708,T,NAD83, 5012,10,NGVD29,10120109
USGS,434541102533001,003S10E26BD,GW,43.76137888,-102.8921272,T,NAD83, 3018,10,NGVD29,10120109
USGS,434542103002401,003S09E26AC,GW,43.7616567,-103.0071297,S,NAD83, 3033,10,NGVD29,10120109
USGS,434548103225901,003S06E27A,GW,43.7633221,-103.383526,M,NAD83, 4240,111,NGVD29,10120109
USGS,434554103121701,003S08E19CDAC,GW,43.76499109,-103.2051908,F,NAD83, 3438, 10,NGVD29,10120109
USGS,434555103122201,003S08E30AB,GW,43.76526887,-103.2065797,T,NAD83, 3440, 10,NGVD29,10120109
USGS,434555103232801,003S06E27BA,GW,43.7652664,-103.3915816,M,NAD83,,,,10120109
USGS,434556103105301,003S08E29AA,GW,43.7655465,-103.1818568,T,NAD83, 3460, 10,NGVD29,10120109
USGS,434556103123801,003S08E30BAAC,GW,43.76554667,-103.2110243,F,NAD83, 3470, 10,NGVD29,10120109
USGS,434557103123201,003S08E30BAAB,GW,43.7658244,-103.2093576,F,NAD83, 3449, 50,NGVD29,10120109
USGS,434557103154001,003S07E27AABD,GW,43.7658244,-103.261581,F,NAD83, 3655,10,NGVD29,10120109
USGS,434600103123501,003S08E30BAAC (2),GW,43.76665777,-103.2101909,F,NAD83, 3445,10,NGVD29,10120109
USGS,434601103074401,003S08E23CDDC,GW,43.7669351,-103.1293552,F,NAD83, 3260, 50,NGVD29,10120109
USGS,434603102334201,003S13E04DDB,GW,43.7674919,-102.5621187,F,NAD83, 2920,5,NGVD29,10120109
USGS,434608103062301,003S08E24DC,GW,43.7688794,-103.1068545,T,NAD83, 3208,10,NGVD29,10120109
USGS,434611103142501,003S07E23DDAC,GW,43.7697134,-103.2407472,F,NAD83, 3590,20,NGVD29,10120109
USGS,434611103353701,003S04E24CCA,GW,43.76971015,-103.4274149,F,NAD83, 5320, 10,NGVD29,10120109
USGS,434620102502801,003S11E19DA,GW,43.7722121,-102.8415701,T,NAD83, 2966,10,NGVD29,10120109
USGS,434620103090601,003S08E22CA,GW,43.77221296,-103.1521334,T,NAD83, 3393.78, 50,NGVD29,10120109
USGS,434621102340301,003S13E21,GW,43.77249176,-102.567952,M,NAD83, 2800,50,NGVD29,10120109
USGS,434629103152601,003S07E23BCCD,GW,43.77471329,-103.2576918,T,NAD83, 3839, 20,NGVD29,10120109
USGS,434629103280601,003S05E24,GW,43.77470938,-103.4688039,M,NAD83, 5400, 40,NGVD29,10120109
USGS,434629103280602,003S05E24 (2),GW,43.77470938,-103.4688039,M,NAD83, 5400,200,NGVD29,10120109
USGS,434629103291701,003S05E23,GW,43.774709,-103.4885263,M,NAD83, 5400,40,NGVD29,10120109
USGS,434629103291702,003S05E23 (2),GW,43.774709,-103.4885263,M,NAD83, 5400,40,NGVD29,10120109
USGS,434630103084001,003S08E22AC,GW,43.77499067,-103.1449109,T,NAD83, 3397.70, 50,NGVD29,10120109
USGS,434630103084002,003S08E22AC2,GW,43.77499067,-103.1449109,T,NAD83, 3397.7,10,NGVD29,10120109
USGS,434630103084003,003S08E22AC3,GW,43.77499067,-103.1449109,T,NAD83, 3397.7,10,NGVD29,10120109
USGS,434630103084004,003S08E22AC4,GW,43.77499067,-103.1449109,T,NAD83, 3397.7,10,NGVD29,10120109
USGS,434630103084005,003S08E22AC5,GW,43.77499067,-103.1449109,T,NAD83, 3397.7,10,NGVD29,10120109
USGS,434630103084006,003S08E22AC6,GW,43.77499067,-103.1449109,T,NAD83, 3397.7,10,NGVD29,10120109
USGS,434633102463401,003S11E23BC,GW,43.77582316,-102.7765686,T,NAD83, 2794,10,NGVD29,10120109
USGS,434633103084401,003S08E22ACDB,GW,43.775824,-103.146022,S,NAD83, 3393.78, 10,NGVD29,10120109
USGS,434633103084402,003S08E22ACDB2,GW,43.775824,-103.146022,S,NAD83, 3393, 10,NGVD29,10120109
USGS,434638103135601,003S07E24BDB,GW,43.7772133,-103.232691,T,NAD83, 3520, 50,NGVD29,10120109
USGS,434644102423901,003S12E17CCAD,GW,43.7830457,-102.7112889,S,NAD83, 3341, 50,NGVD29,10120109
USGS,434644103240001,003S06E21AAAC,GW,43.7788773,-103.4004702,F,NAD83, 4400, 50,NGVD29,10120109
USGS,434646103184701,003S07E20CBDD,GW,43.7713791,-103.3060255,F,NAD83, 3764, 10,NGVD29,10120109
USGS,434647102562901,003S10E20AA,GW,43.7797121,-102.9418497,T,NAD83, 3045, 10,NGVD29,10120109
USGS,434648102365701,003S12E13DDAA,GW,43.77999115,-102.6162865,F,NAD83, 2960, 50,NGVD29,10120109
USGS,434652103130501,003S08E19BBBB(CU83C),GW,43.7815833,-103.2186667,1,NAD83, 3506.8, .1,NAVD88,10120109
USGS,434653103045301,003S09E19AAAB,GW,43.78137918,-103.0818532,T,NAD83, 3120, 50,NGVD29,10120109
USGS,434656103182001,003S07E17DCDC,GW,43.7822123,-103.306025,S,NAD83, 3660, 10,NGVD29,10120109
USGS,434657103134101,003S07E13DCCC,GW,43.782491,-103.228524,S,NAD83, 3520,10,NGVD29,10120109
USGS,434706103170001,003S07E16D,GW,43.78499048,-103.2838026,T,NAD83, 3680, 10,NGVD29,10120109
USGS,434707103053801,003S09E18C,GW,43.7852681,-103.0943534,M,NAD83, 3200, 10,NGVD29,10120109
USGS,434707103203601,003S06E13D,GW,43.78526719,-103.343803,M,NAD83, 4000,10,NGVD29,10120109
USGS,434719103123101,003S08E18,GW,43.7886019,-103.2090788,M,NAD83, 3533, 50,NGVD29,10120109
USGS,434724102490801,003S11E17ADAB,GW,43.7899897,-102.8193467,F,NAD83, 3020, 50,NGVD29,10120109
USGS,434726103170901,003S07E16AC,GW,43.7905459,-103.2863024,M,NAD83, 3482,111,NGVD29,10120109
USGS,434726103171501,003S07E16ACBD,GW,43.7905459,-103.287969,F,NAD83, 3590, 10,NGVD29,10120109
USGS,434726103172701,003S07E16BD,GW,43.7905458,-103.2913024,M,NAD83, 3660,111,NGVD29,10120109
USGS,434727103171501,003S07E16ACAD,GW,43.79082367,-103.287969,F,NAD83, 3590, 10,NGVD29,10120109
USGS,434732102521801,003S10E13BD,GW,43.79221197,-102.8721255,S,NAD83, 2957.5,10,NGVD29,10120109
USGS,434733103170201,003S07E16ABAC,GW,43.794157,-103.2846356,F,NAD83, 3580, 10,NGVD29,10120109
USGS,434736103131601,003S07E13AACA,GW,43.79332416,-103.2215789,F,NAD83, 3495, 10,NGVD29,10120109
USGS,434737103113301,003S08E17BACB,GW,43.7936018,-103.192967,S,NAD83, 3522,10,NGVD29,10120109
USGS,434743103022401,003S09E16AAA,GW-CR,43.79526777,-103.0404625,S,NAD83, 3175,5,NGVD29,10120109
USGS,434743103022402,003S09E16AAA2,GW,43.79526777,-103.0404625,S,NAD83, 3175,5,NGVD29,10120109
USGS,434749102144901,003S16E07DBBB (2),GW,43.79693585,-102.2473832,F,NAD83, 2570, 50,NGVD29,10120111
USGS,434752103064001,003S08E12CD,GW,43.79776806,-103.1115756,T,NAD83, 3225.1,10,NGVD29,10120109
USGS,434752103130801,003S07E12DDAD,GW,43.7977685,-103.2193565,F,NAD83, 3450, 50,NGVD29,10120109
USGS,434754101563001,003S18E10DA,GW,43.79832565,-101.9420965,T,NAD83, 2538.00, 10,NGVD29,10140102
USGS,434755102145201,003S16E07DBBB,GW,43.7986025,-102.2482166,S,NAD83, 2565,10,NGVD29,10140202
USGS,434800103022401,003S09E09DADB,GW,43.79998995,-103.0404623,F,NAD83, 3225, 50,NGVD29,10120109
USGS,434935101490701, 41N38W26CCBD,GW,43.49305514,-101.8190371,F,NAD83, 2637, 15,NGVD29,10140202
USGS,434935101490702, 41N38W26CCBD2,GW,43.49305514,-101.8190371,F,NAD83, 2637, 15,NGVD29,10140202
USGS,435353103210501,007S06E36BDDD,GW,43.3980357,-103.3518639,S,NAD83, 3025,5,NGVD29,10120109
