agency_cd,site_no,station_nm,site_tp_cd,dec_lat_va,dec_long_va,coord_acy_cd,dec_coord_datum_cd,alt_va,alt_acy_va,alt_datum_cd,huc_cd
USGS,415000101165101,34N 22W 29DO  01,GW,42.8854,-99.9296,R,NAD83,2454,1.6,NAVD88,10150006
USGS,423053100531901,33N 30W 9B   01,GW,42.8496,-100.8657,U,NAD83,2936,1.6,NAVD88,10150004
USGS,423214100142501, 34N 25W15DDCD1,GW,42.9119495,-100.2417935,T,NAD83, 2582,  5,NGVD29,10150004
USGS,423244100062001,33N 22W 15AA  01,GW,42.8381,-99.8855,U,NAD83,2487,1.6,NAVD88,10150004
USGS,423405099365101, 34N 24W 2DDCC1,GW,42.93944956,-100.103456,F,NAD83, 2526.00, 20,NGVD29,10220001
USGS,423819099588901,34N 31W 10DA  01,GW,42.9358,-100.9469,U,NAD83,2914,1.6,NAVD88,10150004
USGS,424131101431201,33N 23W 9ACA 01,GW,42.8486,-100.0288,U,NAD83,2509,1.6,NAVD88,10150004
USGS,424802100310701, 33N 27W29DBD 1,GW,42.8005599,-100.5190212,F,NAD83, 2670.00, 20,NGVD29,10150004
USGS,424822100444201, 33N 29W28BC  1,GW,42.8061163,-100.745418,F,NAD83, 2690.00,20,NGVD29,10150004
USGS,424836099483401, 33N 21W29AD  1,GW,42.81000036,-99.80984,F,NAD83, 2397.00,20,NGVD29,10150004
USGS,424852100555901, 33N 31W23DC  1,GW,42.8144494,-100.9334803,F,NAD83, 2930.00,20,NGVD29,10150004
USGS,424904099562901, 33N 22W20CC  1,GW,42.8177798,-99.9417866,F,NAD83, 2411.00,20,NGVD29,10150004
USGS,424912101145101, 33N 33W19DBA 1,GW,42.8200061,-101.24793,F,NAD83, 2975.00, 20,NGVD29,10150004
USGS,424932101024301, 33N 32W23AA  1,GW,42.82556076,-101.0457055,F,NAD83, 3002.00,20,NGVD29,10150004
USGS,424936101192101, 33N 34W21AA  1,GW,42.8266713,-101.3229292,F,NAD83, 3010.00, 10,NGVD29,10150003
USGS,424939100451701, 33N 29W17DC  1,GW,42.82750538,-100.7551406,F,NAD83, 2832.00,20,NGVD29,10150004
USGS,424939100491001, 33N 30W14CDC 1,GW,42.82750529,-100.8198652,F,NAD83, 2835.00,20,NGVD29,10150004
USGS,424949100314701, 33N 27W17CB  1,GW,42.8302826,-100.5301327,F,NAD83, 2408.00, 10,NGVD29,10150004
USGS,424952101185901, 33N 34W15CCA 1,GW,42.8311159,-101.316818,F,NAD83, 3010.00, 20,NGVD29,10150003
USGS,424953099483401, 33N 21W17DD  1,GW,42.8313897,-99.8098398,F,NAD83, 2461.34,0.1,NGVD29,10150006
USGS,424955101204101, 33N 34W17D   1,GW,42.83194868,-101.345151,F,NAD83, 3030.00, 20,NGVD29,10150003
USGS,424958101204501, 33N 34W17DBD 1,GW,42.832782,-101.3462622,F,NAD83, 3028.00,20,NGVD29,10150003
USGS,425001101205001, 33N 34W17DB  1,GW,42.8336153,-101.347651,F,NAD83,,,,10150003
USGS,425024099483001,33N 21W 8DD  1  NE-NP-SWR-B,GW,42.84000099,-99.8087286,F,NAD83, 2382.00, 10,NGVD29,10150006
USGS,425031099490901, 33N 21W17BA  1,GW,42.8419456,-99.8195621,F,NAD83, 2390.02,0.1,NGVD29,10150006
USGS,425031099490902, 33N 21W17BA  2,GW,42.8419456,-99.8195621,F,NAD83, 2390.02,0.1,NGVD29,10150006
USGS,425036099532101,33N 34W 7DDDD01,GW,42.8439,-101.3575,U,NAD83,3035,1.6,NAVD88,10150004
USGS,425037099483001, 33N 21W 8DA  1,GW,42.84361218,-99.8087286,F,NAD83,,,,10150006
USGS,425037099483002, 33N 21W 8DA  2,GW,42.84361218,-99.8087286,F,NAD83,,,,10150006
USGS,425037099501901, 33N 21W 7CA  1,GW,42.8436125,-99.8390069,F,NAD83,,,,10150006
USGS,425043100302901,33N 27W09CA 01 Val Site2 Shallow,GW,42.845339,-100.50815,U,NAD83,2589.0,1.0,NAVD88,101500040902
USGS,425043100302902,33N 27W09CA 02 Val Site2 Deep,GW,42.845339,-100.50815,U,NAD83,2589.0,1.0,NAVD88,101500040902
USGS,425046099562901, 33N 22W 8CC  1,GW,42.84611369,-99.9417863,F,NAD83, 2411.00,20,NGVD29,10150004
USGS,425049100024201, 93N53W27,GW,42.84694785,-100.0453995,F,NAD83,,,,10150004
USGS,425050099494101, 33N 21W 7AD  1,GW,42.84722359,-99.828451,F,NAD83,,,,10150006
USGS,425050099494102, 33N 21W 7AD  2,GW,42.84722359,-99.828451,F,NAD83,,,,10150006
USGS,425054099533401,33N 22W 10ACA 01,GW,42.8484,-99.8929,U,NAD83,2442,1.6,NAVD88,10150004
USGS,425100100092401, 93N53W27BA,GW,42.85000386,-100.1570689,F,NAD83,,,,10150004
USGS,425105100017401,34N 22W 32AB  01,GW,42.8801,-99.9346,U,NAD83,2469,1.6,NAVD88,10150006
USGS,425105100518301,34N 24W 23ABB 01,GW,42.911,-100.108,U,NAD83,2507,1.6,NAVD88,10150006
USGS,425110100300301, 33N 27W 9ABAB1,GW,42.85280556,-100.5007222,5,NAD83, 2570, 10,NGVD29,10150004
USGS,425112101222601, 33N 34W 7B   1,GW,42.85333727,-101.3743172,F,NAD83, 3045.00, 20,NGVD29,10150003
USGS,425114099540401, 33N 22W10BCA 1,GW,42.85389118,-99.9015078,F,NAD83, 2430.00, 10,NGVD29,10150004
USGS,425122099546601,33N 22W 9AB  01,GW,42.8512,-99.9111,U,NAD83,2445,1.6,NAVD88,10150004
USGS,425125100312701,33N 27W05CA 01 Val Site1 Shallow,GW,42.856989,-100.5244,U,NAD83,2474.0,1.0,NAVD88,101500040902
USGS,425125100312702,33N 27W05CA 02 Val Site1 Medium,GW,42.856989,-100.5244,U,NAD83,2474.0,1.0,NAVD88,101500040902
USGS,425125100312703,33N 27W05CA 03 Val Site1 Deep,GW,42.856989,-100.5244,U,NAD83,2474.0,1.0,NAVD88,101500040902
USGS,425136100314301, 33N 27W 5CBA 1,GW-TH,42.86000526,-100.5290216,S,NAD83, 2547.00, 10,NGVD29,10150004
USGS,425136100330301, 33N 27W 6CBB 1,GW,42.86000529,-100.5512446,F,NAD83, 2590, 10,NGVD29,10150004
USGS,425137099505501, 33N 22W 1DD  1,GW,42.8602796,-99.8490069,F,NAD83, 2475.00,20,NGVD29,10150006
USGS,425140100250601, 93N52W22BD,GW,42.86111605,-100.4187412,F,NAD83,,,,10150004
USGS,425143100330301, 33N 27W 6BCC 1,GW,42.86194976,-100.5512446,F,NAD83, 2585.00, 20,NGVD29,10150004
USGS,425149100461001, 33N 29W 6AD  1,GW,42.86361675,-100.7698636,F,NAD83, 2815.00,20,NGVD29,10150004
USGS,425154100342301, 33N 28W 1BB  1,GW,42.8649722,-100.5729444,5,NAD83, 2598,  5,NGVD29,10150004
USGS,425159100320501, 33N 27W 6AA  1,GW,42.86639424,-100.5351329,F,NAD83,,,,10150004
USGS,425205101271301, 33N 35W 4BBD 1,GW,42.86805819,-101.4540382,F,NAD83, 3080.00, 20,NGVD29,10150003
USGS,425210100331103, 34N 28W36DDD 3,GW,42.86944987,-100.5534669,F,NAD83, 2584.00,20,NGVD29,10150004
USGS,425225100314701, 34N 27W32CB  1,GW,42.87361656,-100.5301327,F,NAD83, 2400.00,20,NGVD29,10150004
USGS,425225100320501, 34N 27W31DA  1,GW,42.87361657,-100.5351329,F,NAD83, 2580., 10,NGVD29,10150004
USGS,425234099565501, 34N 22W31D   1,GW,42.8761143,-99.9490084,F,NAD83, 2515.00, 10,NGVD29,10150006
USGS,425238101161101, 34N 34W36DBB 1,GW,42.87722847,-101.2701518,F,NAD83, 3114.00,20,NGVD29,10150003
USGS,425240100511301, 34N 30W33ACC 1,GW,42.8777834,-100.8540335,F,NAD83, 2910.00, 20,NGVD29,10150004
USGS,425241100271301, 93N56W14AB2,GW,42.87806087,-100.4540197,F,NAD83,,,,10150004
USGS,425242100154101, 34N 25W33A   1,GW,42.87833798,-100.2617938,F,NAD83,,,,10150004
USGS,425243100512601, 34N 30W33BD  1,GW,42.87861677,-100.8576447,F,NAD83, 2917.00, 10,NGVD29,10150004
USGS,425244100042001, 34N 23W31CAAB1,GW,42.8788929,-100.0726222,F,NAD83, 2560.00, 20,NGVD29,10150006
USGS,425252100005201, 34N 23W34BD  1,GW,42.88111499,-100.0148429,F,NAD83, 2551.00,20,NGVD29,10150006
USGS,425253099562501,34N 22W 29CO  01,GW,42.8854,-99.9394,U,NAD83,2461,1.6,NAVD88,10150006
USGS,425256100351301, 34N 28W35BBA 1,GW,42.88216667,-100.5870556,5,NAD83, 2630, 10,NGVD29,10150004
USGS,425288099557001,34N 22W 29A   01,GW,42.8926,-99.9295,U,NAD83,2451,1.6,NAVD88,10150006
USGS,425296099561201,34N 30W 33CC  01,GW,42.8713,-100.8654,U,NAD83,2919,1.6,NAVD88,10150004
USGS,425321100290001,34N 27W27DB 01 Val Site4 Medium,GW,42.889211,-100.483361,U,NAD83,2461.0,1.0,NAVD88,101500040902
USGS,425321100290002,34N 27W27DB 02 Val Site4 Deep,GW,42.889211,-100.483361,U,NAD83,2461.0,1.0,NAVD88,101500040902
USGS,425324100292701,34N 27W27BC 01 Val Site3 Shallow,GW,42.890214,-100.490967,S,NAD83,2414.0,1.0,NAVD88,101500040902
USGS,425329099564201, 34N 22W30DAD 1,GW,42.89139235,-99.945397,F,NAD83, 2465.00, 10,NGVD29,10150006
USGS,425332100192901, 93N54W 9BD,GW,42.8922273,-100.3251284,F,NAD83,,,,10150004
USGS,425332100533801, 34N 30W30ACC 1,GW,42.89222796,-100.8943129,F,NAD83, 2930.00, 20,NGVD29,10150004
USGS,425340100021501,34N 23W 28C   01,GW,42.8855,-100.0386,U,NAD83,2520,1.6,NAVD88,10150006
USGS,425340100063201,34N 24W 23DD  01,GW,42.9003,-100.1032,U,NAD83,2516,1.6,NAVD88,10150006
USGS,425345099551901, 34N 22W28BC  1,GW,42.89583665,-99.922341,F,NAD83, 2456.00,20,NGVD29,10150006
USGS,425350100122301, 34N 25W24DCCC1,GW,42.89722697,-100.2067924,T,NAD83, 2571,  5,NGVD29,10150004
USGS,425353100235201,34N 26W20DD 01 Val Site5 Shallow,GW,42.898111,-100.397831,U,NAD83,2498.0,1.0,NAVD88,101500040904
USGS,425353100235202,34N 26W20DD 02 Val Site5 Deep,GW,42.898111,-100.397831,U,NAD83,2498.0,1.0,NAVD88,101500040904
USGS,425366100064601,34N 24W 23AD  01,GW,42.9072,-100.1032,U,NAD83,2499,1.6,NAVD88,10150006
USGS,425407100344801, 34N 28W23DBC 1,GW,42.9019503,-100.5804124,F,NAD83, 2720.00, 20,NGVD29,10150004
USGS,425407100350601, 34N 28W23CAC 1,GW,42.9019503,-100.5854125,F,NAD83, 2720.00, 20,NGVD29,10150004
USGS,425410100344401, 34N 28W23DB  1,GW,42.90278366,-100.5793012,F,NAD83, 2700.00,0.1,NGVD29,10150004
USGS,425412100555501, 34N 31W23DBD 1,GW,42.9033391,-100.93237,F,NAD83, 2980.00, 20,NGVD29,10150004
USGS,425413100355901, 34N 28W22DBB 1,GW,42.903617,-100.6001353,F,NAD83, 2680.00, 20,NGVD29,10150004
USGS,425415100024601, 34N 23W20D   1,GW,42.904171,-100.0465102,F,NAD83, 2475.00, 20,NGVD29,10150006
USGS,425415101155301, 34N 34W24DAC 1,GW,42.90417326,-101.2651517,F,NAD83, 3140.00, 20,NGVD29,10150003
USGS,425416100130401, 34N 25W23ADDD1,GW,42.9044493,-100.2181817,T,NAD83, 2589,  5,NGVD29,10150004
USGS,425422100043901, 34N 23W19CB  1,GW,42.9061156,-100.0779,F,NAD83, 2500.00,.1,NGVD29,10150006
USGS,425425101014501, 34N 32W24ACD 1,GW,42.90695035,-101.029595,F,NAD83, 3080.00, 20,NGVD29,10150004
USGS,425426100343101, 34N 28W23ADB 1,GW,42.90722816,-100.57569,F,NAD83, 2720.00, 20,NGVD29,10150004
USGS,425426100344001, 34N 28W23ACA 1,GW,42.90722816,-100.57819,F,NAD83, 2725.00, 20,NGVD29,10150004
USGS,425426100354101, 34N 28W22ADB 1,GW,42.90722817,-100.5951351,F,NAD83, 2700.00, 20,NGVD29,10150004
USGS,425426100355901, 34N 28W22ACB 1,GW,42.90722817,-100.6001353,F,NAD83, 2700.00, 20,NGVD29,10150004
USGS,425429100362101, 34N 28W22B   1,GW,42.9080615,-100.6062466,F,NAD83, 2725.00, 20,NGVD29,10150004
USGS,425434100342101, 34N 28W24BB  1,GW,42.90944444,-100.5725,T,NAD83, 2800,2.5,NGVD29,10150004
USGS,425454101072701, 34N 32W18DD  1,GW,42.91500639,-101.1245956,F,NAD83, 3161.00,20,NGVD29,10150004
USGS,425455100132001, 34N 25W14DBD 1,GW,42.91528285,-100.2226263,F,NAD83, 2570.00, 20,NGVD29,10150006
USGS,425505100081901,34N 24W 10C   01,GW,42.9289,-100.1341,U,NAD83,2505,1.6,NAVD88,10150006
USGS,425509100132501, 34N 25W14ACD 1,GW,42.9191718,-100.2240152,F,NAD83, 2580.00, 20,NGVD29,10150006
USGS,425510100092201, 34N 24W16CB  1,GW,42.91944939,-100.1565133,F,NAD83, 2538.00,20,NGVD29,10150006
USGS,425513100351801, 34N 28W14BCCC1,GW,42.92027778,-100.5883333,S,NAD83, 2738,  5,NGVD29,10150004
USGS,425522100144401, 34N25W15DA  01,GW,42.917,-100.2413,U,NAD83,2586,1.6,NAVD88,10150004
USGS,425528100381501, 34N 28W17AB  1,GW,42.92445059,-100.6379145,F,NAD83, 2730.00,20,NGVD29,10150004
USGS,425558100554201, 34N 31W11DA  1,GW,42.9327838,-100.928759,F,NAD83, 2898.00, 10,NGVD29,10150004
USGS,425605100161001,34N 25W 9CD  01,GW,42.9286,-100.273,U,NAD83,2612,1.6,NAVD88,10150006
USGS,425613101145501, 34N 33W 7AC  1,GW,42.93695157,-101.2490406,F,NAD83, 3099.00, 10,NGVD29,10150004
USGS,425613101190301, 34N 34W10BC  1,GW,42.9369505,-101.3179284,F,NAD83, 3110.00,20,NGVD29,10150003
USGS,425617099592401, 34N 23W11AC  1,GW,42.93806029,-99.9903973,F,NAD83, 2396.00,20,NGVD29,10150006
USGS,425620100531801, 34N 30W 7BA  1,GW,42.938895,-100.8887575,F,NAD83, 2870.00, 20,NGVD29,10150004
USGS,425627101295601, 34N 36W12AAB 1,GW,42.9408367,-101.4993145,F,NAD83, 3200.00,20,NGVD29,10150003
USGS,425635100086801,34N 24W 9A   01,GW,42.9368,-100.1439,U,NAD83,2510,1.6,NAVD88,10150006
USGS,425635100251901,34N 26W 6A   01,GW,42.951,-100.4224,U,NAD83,2661,1.6,NAVD88,10150004
USGS,425647100061701, 34N 24W 2D   1,GW,42.9463941,-100.1051228,F,NAD83, 2525.00, 20,NGVD29,10150006
USGS,425649100350601, 34N 28W 2CAB 1,GW,42.94695088,-100.5854126,F,NAD83, 2760.00, 20,NGVD29,10150004
USGS,425656099513001, 34N 22W 1CA  1,GW,42.94889265,-99.8587283,F,NAD83, 2394.00,.1,NGVD29,10150006
USGS,425688100075001,35N 24W 34D   01,GW,42.9584,-100.1232,U,NAD83,2548,1.6,NAVD88,10150006
USGS,425702100565201, 34N 31W 3AD  1,GW,42.95056177,-100.9482045,F,NAD83, 2901,4.3,NAVD88,10150004
USGS,425703100424301, 34N 29W 3ADB 1,GW,42.95083968,-100.7123617,F,NAD83, 2775.00, 10,NGVD29,10150004
USGS,425705100321401, 34N 27W 6A   1,GW,42.9513954,-100.537633,F,NAD83, 2650.00, 10,NGVD29,10150004
USGS,425706100075401, 34N 24W 3BD  1,GW,42.95167205,-100.132068,F,NAD83, 2500.00,20,NGVD29,10150006
USGS,425707100214701, 34N 26W 3ABC 1,GW,42.9519505,-100.3634626,F,NAD83, 2620.00, 20,NGVD29,10150006
USGS,425709100212301, 34N 26W 3AA  1,GW,42.95250608,-100.3567958,T,NAD83, 2631,  5,NGVD29,10150004
USGS,425714100201901, 34N 26W 2AAB 1,GW,42.9538949,-100.3390177,F,NAD83, 2610.00, 10,NGVD29,10150006
USGS,425718100243501, 34N 26W 5BBAA1,GW,42.9550063,-100.41013,T,NAD83, 2629,1.6,NAVD88,10150004
USGS,425733100040401, 35N 23W31DC  1,GW,42.959172,-100.0681771,F,NAD83, 2497.00,20,NGVD29,10150006
USGS,425744100360001,35N 28W 34CA01,GW,42.9622861,-100.6001389,U,NAD83, 2810,1.6,NAVD88,10150004
USGS,425749100160701, 35N 25W33BD  1,GW,42.963617,-100.2690165,F,NAD83, 2587.00,20,NGVD29,10150006
USGS,425749100352901, 94N55W13B,GW,42.96361775,-100.5918017,F,NAD83,,,,10150004
USGS,425757100073601, 35N 24W34AC  1,GW-TH,42.9658389,-100.1270678,S,NAD83, 2555.00, 10,NGVD29,10150004
USGS,425757100103301, 35N 24W32BC  1,GW,42.96583905,-100.176236,F,NAD83, 2512.00,20,NGVD29,10150006
USGS,425803100270301, 35N 27W36BB  1,GW,42.96750665,-100.4512419,F,NAD83, 2690.00,20,NGVD29,10150004
USGS,425817100385101, 35N 28W29CC  1,GW,42.9713955,-100.647915,F,NAD83,,,,10150004
USGS,425820100384601, 35N 28W29CCA 1,GW,42.97222887,-100.646526,F,NAD83, 2820.00, 20,NGVD29,10150004
USGS,425846100113601, 35N 24W 30BC,GW,42.97944444,-100.1933333,S,NAD83, 2515,  5,NGVD29,10150006
USGS,425856099530201, 35N 22W 26BB,GW,42.9822222,-99.8838889,S,NAD83, 2424,  5,NGVD29,10150006
USGS,425919100092901, 35N 24W 21DA,GW,42.9886111,-100.1580556,S,NAD83, 2561,  5,NGVD29,10150006
USGS,425924099583801, 35N 23W 24CA,GW,42.99,-99.9772222,S,NAD83, 2471,  5,NGVD29,10150006
USGS,425932099580401,35N23W24AD,GW,42.9922222,-99.9677778,S,NAD83, 2474,  5,NGVD29,10150006
USGS,425937100095901, 35N 24W 20AC,GW,42.9936111,-100.1663889,S,NAD83, 2549,  5,NGVD29,10150006
USGS,425939099513501, 35N 22W 24BA,GW,42.99416667,-99.8597222,S,NAD83, 2370,  5,NGVD29,10150006
USGS,425944099521201, 35N 22W 23AA,GW,42.99555556,-99.87,S,NAD83, 2360,  5,NGVD29,10150006
USGS,425947101191901, 35N34W21ADBC,GW,43.0000068,-101.3223724,T,NAD83, 3182, 15,NGVD29,10140203
USGS,425949100444201, 35N 29W21BB  1,GW,42.9969511,-100.7454187,F,NAD83, 2895.00,20,NGVD29,10150004
USGS,425950099595501, 35N 23W23BB  1,GW,42.99722806,-99.9990079,F,NAD83,,,,10150006
USGS,425952101134601, 35N33W20ACBB,GW-TH,42.999452,-101.2298736,F,NAD83, 3050, 20,NGVD29,10140203
USGS,425953101060901, 35N32W20AADA,GW,42.9980626,-101.1029293,S,NAD83, 2943, 10,NGVD29,10150004
USGS,425956099520501, 95N76W32CCCC,GW,42.99889375,-99.8684502,T,NAD83, 2348, 25,NGVD29,10150006
USGS,425956101134501, 35N33W20ABCC,GW,42.99889646,-101.2295958,F,NAD83, 3050, 20,NGVD29,10140203
USGS,425956101134502, 35N33W20ABCC2,GW,42.99889646,-101.2295958,F,NAD83, 3050, 20,NGVD29,10140203
USGS,425956101134503, 35N33W20ABCC3,GW,42.99889646,-101.2295958,F,NAD83, 3050, 20,NGVD29,10140203
USGS,425957099520001,95N76W32CCCC2,GW,42.9991715,-99.8670613,T,NAD83,2341,1.6,NAVD88,10150006
USGS,425957100445302, 35N29W20AADD2,GW,42.9991733,-100.7484744,S,NAD83, 2890,  5,NGVD29,10150004
USGS,425957100445601, 35N29W20AADD,GW,42.9991733,-100.7484744,T,NAD83, 2890,  5,NGVD29,10150004
USGS,425958100445301, 35N29W20AADD3,GW,42.9994511,-100.7484744,F,NAD83, 2892, 15,NGVD29,10150004
USGS,430000100273901, 35N27W23BAAD,GW,43.0008405,-100.4623533,F,NAD83, 2703,  1,NGVD29,10150004
USGS,430000100285401, 35N27W22ABBC,GW,43.00084058,-100.4823536,S,NAD83, 2679,  1,NGVD29,10150004
USGS,430000101134401, 35N33W20ABC,GW,43.0,-101.2288889,R,NAD83, 3040, 20,NGVD29,10140203
USGS,430001101122901, 35N33W21ABCA,GW,43.00027778,-101.2080556,R,NAD83, 3070, 20,NGVD29,10140203
USGS,430001101132301, 35N33W20AACB,GW,42.99944444,-101.2263889,R,NAD83, 3057, 10,NGVD29,10140203
USGS,430002099501501, 95N 76W 33DC,GW,43.00055556,-99.8375,S,NAD83, 2262,  5,NGVD29,10150006
USGS,430002099544801, 95N77W33DA,GW,43.00056078,-99.9137287,F,NAD83, 2358.00,20,NGVD29,10150006
USGS,430002099570899, 34N 25W33DA  1,GW-TH,42.99778327,-99.9526182,F,NAD83, 2365.00, 10,NGVD29,10150006
USGS,430002100174801, 35N25W20BBBC,GW,43.0005621,-100.2970727,S,NAD83, 2493,  5,NGVD29,10150006
USGS,430002100483201, 35N30W23AAAB,GW,42.9994511,-100.8084769,T,NAD83, 2885,10,NGVD29,10150004
USGS,430002100591101, 35N31W20AABD,GW,43.0005622,-100.9868178,S,NAD83, 2899, 10,NGVD29,10150004
USGS,430003100014801, 95N 78W 35DD,GW,43.0008333,-100.03,S,NAD83, 2402,  5,NGVD29,10150006
USGS,430003100022401, 95N 78W 35CD,GW,43.0008333,-100.04,S,NAD83, 2451,  5,NGVD29,10150006
USGS,430003100174801, 35N25W20BBBC2,GW-TH,43.00083989,-100.2970727,S,NAD83, 2493,  5,NGVD29,10150006
USGS,430003100174802, 35N25W20BBBC3,GW,43.00083989,-100.2970727,S,NAD83, 2493,  5,NGVD29,10150006
USGS,430003100371501, 35N28W21BAAC,GW,42.9983333,-100.6152778,R,NAD83, 2787,  1,NGVD29,10150006
USGS,430003100481001, 35N30W24BBAC,GW,43.00083999,-100.8031989,S,NAD83, 2893,  5,NGVD29,10150004
USGS,430004099484501, 96N76W34DA,GW,43.00111555,-99.8128937,F,NAD83, 2300.00,25,NGVD29,10150006
USGS,430005099560401, 95N77W34D,GW,43.00139426,-99.9348402,M,NAD83, 2377, 25,NGVD29,10150006
USGS,430005099583001, 95N77W32D,GW,43.00139458,-99.9753964,T,NAD83, 2300.00,10,NGVD29,10150006
USGS,430005099590101, 95N77W32C,GW,43.00139465,-99.9840076,M,NAD83, 2348, 25,NGVD29,10150006
USGS,430005100220201, 35N26W22BABA,GW,43.0013957,-100.3676295,S,NAD83, 2580,  1,NGVD29,10150006
USGS,430006100124101, 35N25W24BABA,GW,43.00167297,-100.2117928,S,NAD83, 2484,  1,NGVD29,10150006
USGS,430006100254301, 35N26W19BBAC,GW,43.00111816,-100.4295749,S,NAD83, 2660,  1,NGVD29,10150006
USGS,430006100332601, 35N28W24BABA,GW,43.00166667,-100.5572222,R,NAD83, 2729,  1,NGVD29,10150004
USGS,430006100445001, 35N29W21BBBB,GW-TH,43.0016733,-100.747641,S,NAD83, 2875,  5,NGVD29,10150004
USGS,430006101005701, 35N31W18BCAB,GW,43.0125066,-101.0201515,F,NAD83, 2895,10,NGVD29,10150004
USGS,430007100131201, 35N25W14DDDC,GW,43.00195077,-100.2204043,S,NAD83, 2468,  1,NGVD29,10150006
USGS,430008100315401, 35N27W18ADCA,GW,43.011396,-100.5340219,F,NAD83, 2705,  5,NGVD29,10150004
USGS,430008100520401, 35N30W20AAAB,GW,43.00222887,-100.8682016,S,NAD83, 2850,  5,NGVD29,10150004
USGS,430008101092001, 35N33W13CCDD,GW,43.0022222,-101.1555556,R,NAD83, 2016, 10,NGVD29,10150004
USGS,430010099513401, 95N76W32,GW,43.00278256,-99.8598389,M,NAD83, 2312,111,NGVD29,10150006
USGS,430010099580601,95N77W32CAAD (TR-59B),GW,43.002778,-99.968333,T,NAD83,2380.0,10.0,NGVD29,101500060602
USGS,430011101125201, 35N33W16CDCB,GW,43.0033333,-101.2163889,R,NAD83, 3058,10,NGVD29,10140203
USGS,430012100484201, 35N30W14DCDA,GW,43.00333997,-100.8120882,S,NAD83, 2891,  5,NGVD29,10150004
USGS,430012101045701, 35N32W16DDAD,GW,43.00334028,-101.0829293,S,NAD83, 2932,  1,NGVD29,10150004
USGS,430012101050901, 35N32W16DDC,GW,43.00334029,-101.0862626,S,NAD83, 2929, 10,NGVD29,10150004
USGS,430012101100701, 35N33W14DC,GW,43.0033333,-101.1686111,R,NAD83, 3040, 10,NGVD29,10150004
USGS,430013100365601, 35N28W16DCDA,GW,43.0036111,-100.6155556,R,NAD83, 2780,  1,NGVD29,10150006
USGS,430013101290201, 35N35W18DC,GW,43.00361585,-101.4843141,T,NAD83, 3230, 40,NGVD29,10150004
USGS,430014100445401, 35N29W17DDDA,GW,43.0038955,-100.7487522,F,NAD83, 2878,5,NGVD29,10150004
USGS,430015100061601, 95N 78W 32DC,GW,43.00416667,-100.1044444,S,NAD83, 2421,  5,NGVD29,10150006
USGS,430015100292901, 35N27W15CCBC,GW,43.0041739,-100.4917982,S,NAD83, 2687,  1,NGVD29,10150004
USGS,430015100345901, 35N28W14CDBD,GW,43.00444444,-100.5833333,R,NAD83, 2782,  1,NGVD29,10150006
USGS,430015100432301, 37N29W27AACC,GW,43.15417209,-100.7234739,S,NAD83, 2839,  5,NGVD29,10150006
USGS,430015100443401, 35N29W16CCAD,GW,43.0041733,-100.7431964,S,NAD83, 2868,5,NGVD29,10150004
USGS,430017100595101, 35N31W17CCDA,GW,43.0038955,-100.9968181,S,NAD83, 2896, 10,NGVD29,10150004
USGS,430019100225801, 35N26W16DCBB,GW,43.0052846,-100.3831853,S,NAD83, 2563,  1,NGVD29,10150006
USGS,430020100185201, 35N26W13DDAA,GW,43.00556216,-100.3148508,S,NAD83, 2519,  1,NGVD29,10150006
USGS,430020101092001, 35N33W13CCAA,GW,43.00555556,-101.1561111,R,NAD83, 3015, 10,NGVD29,10150004
USGS,430020101290001, 35N35W18DCBB,GW,43.00333808,-101.4845919,S,NAD83, 3230, 15,NGVD29,10150004
USGS,430021100543301, 35N31W13D,GW,43.00583995,-100.9095922,T,NAD83, 2840,20,NGVD29,10150004
USGS,430021101132801, 35N33W17D,GW,43.0058407,-101.2248736,R,NAD83, 3110,30,NGVD29,10140203
USGS,430022100270901, 35N27W14DAA,GW,43.0061182,-100.4529087,T,NAD83, 2676,20,NGVD29,10150006
USGS,430022100310501, 35N27W17DBDC,GW,43.0061183,-100.5184657,S,NAD83, 2704,  1,NGVD29,10150004
USGS,430022100435701, 35N29W16A,GW-TH,43.0136177,-100.733196,M,NAD83, 2910, 25,NGVD29,10150004
USGS,430022100452601, 35N29W17DBCC,GW,43.0061177,-100.7576414,S,NAD83, 2901,  5,NGVD29,10150004
USGS,430022100504501, 35N30W16DADD,GW,43.0061177,-100.8462562,S,NAD83, 2856,  5,NGVD29,10150004
USGS,430022101123201, 35N33W16DBCD,GW,43.0061111,-101.2088889,R,NAD83, 3000, 10,NGVD29,10140203
USGS,430023100115501, 35N25W13DADD,GW-TH,43.00639514,-100.1990146,S,NAD83, 2443,  5,NGVD29,10150006
USGS,430023100115602, 35N25W13DADD2,GW,43.00639514,-100.1992924,F,NAD83, 2443, 10,NGVD29,10150006
USGS,430023100115603, 35N25W13DADD3,GW-TH,43.00639514,-100.1992924,S,NAD83, 2443,  5,NGVD29,10150006
USGS,430023100533401, 35N30W18DBCD,GW,43.0063955,-100.8932027,S,NAD83, 2848, 10,NGVD29,10150004
USGS,430025100322801, 35N27W18DBCB,GW,43.0069516,-100.5415222,S,NAD83, 2721,  1,NGVD29,10150004
USGS,430025101012601, 35N32W13DAAA,GW,43.0069511,-101.0243182,S,NAD83, 2916, 10,NGVD29,10150004
USGS,430026100104301, 95N79W27CD,GW,43.0072284,-100.1790139,M,NAD83, 2479,111,NGVD29,10150006
USGS,430026100535901, 35N30W18CACA,GW,43.0072288,-100.9001474,S,NAD83, 2837, 10,NGVD29,10150004
USGS,430026100550701, 35N31W13CACB,GW,43.0072288,-100.919037,S,NAD83, 2817, 10,NGVD29,10150004
USGS,430027101161701, 35N34W13CA,GW,43.00750719,-101.2718176,T,NAD83, 3132, 20,NGVD29,10140203
USGS,430028101111701, 35N33W15DB,GW,43.00777778,-101.1880556,R,NAD83, 3060, 10,NGVD29,10140203
USGS,430028101160601, 35N34W13,GW,43.00778499,-101.2687621,M,NAD83, 3180,100,NGVD29,10140203
USGS,430028101161501, 35N34W13AC,GW,43.00777778,-101.2708333,S,NAD83, 3146, 10,NAVD88,10140203
USGS,430030100204501, 35N26W14CAAC,GW,43.00834,-100.3462402,S,NAD83, 2534,  1,NGVD29,10150006
USGS,430030100424901, 35N29W15DBAD,GW,43.00834,-100.7140287,S,NAD83, 2806,  5,NGVD29,10150004
USGS,430031099534301, 95N77W36A,GW,43.0086161,-99.8956729,M,NAD83, 2325, 25,NGVD29,10150006
USGS,430031100265901, 35N27W13CBBD,GW,43.00861818,-100.4501309,S,NAD83, 2661,  1,NGVD29,10150006
USGS,430031100274101, 35N27W14DBBC,GW,43.0086182,-100.4617978,S,NAD83, 2694,  1,NGVD29,10150006
USGS,430031101104701, 35N33W14BCCC,GW,43.0086111,-101.1797222,R,NAD83, 3021,  1,NGVD29,10140203
USGS,430032100185801, 35N26W13DAAB,GW,43.00889548,-100.3165175,S,NAD83, 2532,  1,NGVD29,10150006
USGS,430032100383501, 35N28W17CABA,GW,43.00888889,-100.6433333,R,NAD83, 2789,  5,NGVD29,10150004
USGS,430033100203001, 35N26W14DB,GW,43.00778448,-100.3437402,T,NAD83, 2530.00, 10,NGVD29,10150006
USGS,430033100234902, 35N26W17DAB2,GW,43.00917355,-100.3973522,F,NAD83, 2583, 10,NGVD29,10150006
USGS,430033101004701, 35N31W18DBBB,GW,43.00917329,-101.0134849,S,NAD83, 2897,121,NGVD29,10150004
USGS,430034100181001, 35N25W18ACDD,GW,43.00945099,-100.3031839,S,NAD83, 2516,  1,NGVD29,10150006
USGS,430034100462601, 35N29W18DBAB,GW,43.009451,-100.7743088,S,NAD83, 2860,  5,NGVD29,10150004
USGS,430034101082201, 35N32W18CCCD,GW,43.00277778,-101.1391667,R,NAD83, 2997, 10,NGVD29,10150004
USGS,430035100040401, 95N 78W 33AAAA,GW-TH,43.0097222,-100.0677778,S,NAD83, 2426,  5,NGVD29,10150006
USGS,430035100111001, 95N 79W 33AAAA,GW-TH,43.0097222,-100.1861111,S,NAD83, 2500,  5,NGVD29,10150006
USGS,430035100154101, 35N25W16ADCC,GW,43.0097286,-100.2617943,S,NAD83, 2484,  1,NGVD29,10150006
USGS,430035100361201, 35N28W15CABA,GW,43.0097222,-100.6038889,R,NAD83, 2768,  1,NGVD29,10150006
USGS,430035100555701, 35N31W14ACCD,GW,43.0097288,-100.9329265,S,NAD83, 2810, 10,NGVD29,10150004
USGS,430035101111301, 35N33W15ACD,GW,43.00944444,-101.1875,R,NAD83, 3060,20,NGVD29,10140203
USGS,430037099535601,95N77W25DCCC (TR-78M),GW,43.010278,-99.898889,T,NAD83,2288.0,25.0,NGVD29,101500060603
USGS,430037100300301, 35N27W16ACCC,GW,43.010285,-100.5012429,S,NAD83, 2692,  1,NGVD29,10150004
USGS,430037100390901, 35N28W18ADCD,GW,43.01027778,-100.6525,R,NAD83, 2797,  5,NGVD29,10150004
USGS,430037100471601, 35N30W13ADD,GW,43.01028435,-100.7881983,T,NAD83, 2895,5,NGVD29,10150004
USGS,430037101093301, 35N33W13DCD,GW,43.0036111,-101.1480556,R,NAD83, 3100, 10,NGVD29,10140203
USGS,430038100495801, 35N30W15ACDC,GW,43.0105621,-100.8332001,S,NAD83, 2858,  5,NGVD29,10150004
USGS,430038100502401, 35N30W15BCD,GW,43.0105621,-100.8404227,T,NAD83, 2860, 20,NGVD29,10150004
USGS,430038100585801, 35N31W16BCCB,GW,43.0105621,-100.9832064,S,NAD83, 2874, 10,NGVD29,10150004
USGS,430039100301001, 35N27W16BD,GW,43.01084056,-100.5031874,T,NAD83, 2695,  5,NGVD29,10150004
USGS,430039100320801,35N27W18A,GW,43.01084047,-100.5359664,M,NAD83,2737,1.6,NAVD88,10150004
USGS,430040100233901, 35N26W17DAB,GW,43.00917355,-100.3973522,F,NAD83, 2583, 10,NGVD29,10150006
USGS,430040100291901, 35N27W15BC,GW,43.0111183,-100.4890205,T,NAD83, 2680,20,NGVD29,10150004
USGS,430040100293801, 35N27W16A,GW-TH,43.0111183,-100.4942983,M,NAD83, 2683,20,NGVD29,10150004
USGS,430042100510301, 35N30W16ACAD,GW,43.0116732,-100.8512564,S,NAD83, 2877,  5,NGVD29,10150004
USGS,430042100565801, 35N31W15ACA,GW,43.0116732,-100.9498716,T,NAD83, 2822, 25,NGVD29,10150004
USGS,430043099584601, 95N 77W 29CD,GW,43.01194444,-99.9794444,S,NAD83, 2289,  5,NGVD29,10150006
USGS,430045099523201, 95N76W30DCA,GW,43.01250479,-99.8759503,T,NAD83, 2300, 25,NGVD29,10150006
USGS,430045100171201, 35N25W17ADBB,GW,43.01250648,-100.2870725,S,NAD83, 2537,  1,NGVD29,10150006
USGS,430045100495701, 35N30W15ACA,GW,43.01250655,-100.8329223,T,NAD83, 2880, 20,NGVD29,10150004
USGS,430045101011102, 35N31W18BCAB2,GW,43.0125066,-101.0201515,F,NAD83, 2910, 10,NGVD29,10140203
USGS,430046099522301, 95N76W30DDB,GW,43.01278254,-99.8734503,T,NAD83, 2299, 25,NGVD29,10150006
USGS,430046099533501, 95N77W25DDB,GW,43.0127827,-99.8934506,T,NAD83, 2280, 25,NGVD29,10150006
USGS,430046099541901, 95N77W25CCA,GW,43.01278279,-99.905673,T,NAD83, 2270, 25,NGVD29,10150006
USGS,430047100405901, 35N29W13BDBB,GW,43.01306229,-100.683472,S,NAD83, 2845,  5,NGVD29,10150004
USGS,430047101025001, 35N32W14A,GW,43.0130622,-101.0476514,M,NAD83, 2982, 40,NGVD29,10140203
USGS,430048100450201, 35N29W17AACD,GW,43.01333989,-100.7509745,S,NAD83, 2913,5,NGVD29,10150004
USGS,430049099522901, 95N76W30D,GW,43.01361588,-99.875117,M,NAD83, 2295,111,NGVD29,10150006
USGS,430049100363401, 35N28W10CCC,GW,43.01888889,-100.6055556,R,NAD83, 2750,  5,NGVD29,10150006
USGS,430049100525001, 35N30W17BBDD,GW,43.01361765,-100.8809799,S,NAD83, 2873, 10,NGVD29,10150004
USGS,430050100243201, 35N26W17B,GW,43.01389578,-100.4092969,M,NAD83, 2578, 20,NGVD29,10150006
USGS,430050100375301, 35N28W17AADC,GW,43.01388889,-100.6313889,R,NAD83, 2769,  5,NGVD29,10150006
USGS,430051101035101, 35N32W15AACA,GW,43.01417338,-101.0645959,S,NAD83, 2937, 10,NGVD29,10140203
USGS,430052100324601, 35N27W18BACB,GW,43.0144515,-100.5465224,S,NAD83, 2709,  1,NGVD29,10150004
USGS,430052100334501, 35N28W13BADB,GW,43.01444444,-100.5625,R,NAD83, 2755,  1,NGVD29,10150004
USGS,430052100334502, 35N28W13BADB2,GW,43.01430556,-100.5625833,R,NAD83, 2755,  1,NGVD29,10150004
USGS,430053099505001, 95N 76W 28CC,GW,43.0147222,-99.8472222,S,NAD83, 2318,  5,NGVD29,10150006
USGS,430053099551601, 95N 77W 26CD,GW,43.0147222,-99.9211111,S,NAD83, 2289,  5,NGVD29,10150006
USGS,430053100121201, 95N 79W 28CC,GW,43.0147222,-100.2033333,S,NAD83, 2431,  5,NGVD29,10150006
USGS,430053101183701, 35N34W15AB,GW,43.0147222,-101.3102778,S,NAD83, 3330, 10,NAVD88,10140203
USGS,430054100351001, 35N28W14B,GW,43.015,-100.5861111,R,NAD83,,,,10150006
USGS,430055100362701, 35N28W15BBBD,GW-TH,43.01528469,-100.6079136,S,NAD83, 2754,  5,NGVD29,10150006
USGS,430055100362702, 35N28W15BBBD2,GW,43.01527778,-100.6075,R,NAD83, 2754,  5,NGVD29,10150006
USGS,430057099564001, 95N77W27C,GW,43.0158386,-99.9448404,M,NAD83, 2373, 25,NGVD29,10150006
USGS,430057099575101, 95N77W28C,GW,43.01583876,-99.9645629,M,NAD83, 2350, 25,NGVD29,10150006
USGS,430057099590101, 95N77W29C,GW,43.0158389,-99.9840077,M,NAD83, 2315, 25,NGVD29,10150006
USGS,430057100275401, 35N27W14BAAB,GW,43.0166737,-100.4645756,S,NAD83, 2690, 10,NGVD29,10150006
USGS,430057100474301, 35N30W13ABDA,GW,43.01445098,-100.7934763,F,NAD83, 2905,  5,NGVD29,10150004
USGS,430058100023501, 95N78W26C,GW,43.0161169,-100.0434538,M,NAD83, 2445, 25,NGVD29,10150006
USGS,430058100395101, 35N28W18BBAA,GW,43.0161111,-100.6641667,R,NAD83, 2807,  5,NGVD29,10150004
USGS,430100100001001, 95N 77W 30C,GW,43.01666667,-100.0027778,S,NAD83, 2340,  5,NGVD29,10150006
USGS,430100100460501, 35N29W18AAAA,GW,43.01667319,-100.7681974,S,NAD83, 2870, 10,NGVD29,10150004
USGS,430101100200801, 35N26W11DDDC,GW,43.01695107,-100.3359623,S,NAD83, 2569,  1,NGVD29,10150006
USGS,430101100241801, 35N26W 8CDDC,GW,43.0169513,-100.4054079,S,NAD83, 2578,  1,NGVD29,10150006
USGS,430102100190401, 35N26W12DDCD,GW,43.01722878,-100.3181842,S,NAD83, 2569,  1,NGVD29,10150006
USGS,430102101070001, 35N32W 8CCAA,GW,43.017229,-101.1170958,S,NAD83, 2987, 10,NGVD29,10140203
USGS,430103100280601, 35N27W11CCDC,GW,43.0172293,-100.4687424,S,NAD83, 2682,  1,NGVD29,10150006
USGS,430103100445501, 35N29W 8DDD,GW,43.0175065,-100.74903,F,NAD83, 2898.00,5,NGVD29,10150004
USGS,430104100543301, 35N31W12DDCB,GW,43.01778428,-100.9095921,S,NAD83, 2873,10,NGVD29,10150004
USGS,430104101155501, 35N34W12DCC,GW,43.0177847,-101.267651,T,NAD83, 3050, 15,NGVD29,10140203
USGS,430105099535201, 95N77W25ACC,GW,43.01806045,-99.8981729,T,NAD83, 2256, 25,NGVD29,10150006
USGS,430105100124501, 98N79W30BB,GW,43.01806179,-100.2129039,F,NAD83, 2500.00,50,NGVD29,10150006
USGS,430105100445601, 35N29W 8DDD2,GW,43.01806207,-100.7493078,F,NAD83, 2900,  5,NGVD29,10150004
USGS,430106099562801, 95N 77W 27CA,GW,43.0183333,-99.9411111,S,NAD83, 2353,  5,NGVD29,10150006
USGS,430106100271401, 35N27W11DDDD,GW,43.017507,-100.4534643,F,NAD83, 2651, 25,NGVD29,10150006
USGS,430106100271402, 35N27W11DD2,GW,43.01834035,-100.4542977,T,NAD83, 2637, 20,NGVD29,10150006
USGS,430106100271403, 35N27W11DD,GW,43.01834035,-100.4542977,T,NAD83, 2637, 20,NGVD29,10150006
USGS,430106100465301, 35N29W 7CDCB,GW,43.0183398,-100.7818091,S,NAD83, 2880,  5,NGVD29,10150004
USGS,430106100543301, 35N31W12DDCB2,GW,43.0183398,-100.9095921,F,NAD83, 2878,10,NGVD29,10150004
USGS,430108100352101, 35N28W11CCBC,GW,43.01888889,-100.5894444,R,NAD83, 2734,  1,NGVD29,10150006
USGS,430113099522701, 95N76W30A,GW,43.02028246,-99.8745614,T,NAD83, 2255, 25,NGVD29,10150006
USGS,430113100235001, 35N26W 8DDBC,GW,43.02028459,-100.39763,S,NAD83, 2581,  1,NGVD29,10150006
USGS,430113100491601, 35N30W11C,GW,43.02028426,-100.821533,M,NAD83, 2910, 10,NGVD29,10150004
USGS,430113101040101, 35N32W10D,GW,43.0202844,-101.0673736,T,NAD83, 2970,30,NGVD29,10140203
USGS,430113101062401, 35N32W 8D,GW,43.01972896,-101.1070958,T,NAD83, 2980, 50,NGVD29,10140203
USGS,430115100174201, 35N25W 8CBCD,GW,43.0208398,-100.295406,S,NAD83, 2527,  1,NGVD29,10150006
USGS,430115100322101, 35N27W 7DACC,GW,43.02084039,-100.5359665,S,NAD83, 2731,  1,NGVD29,10150004
USGS,430119100291801, 35N27W10CBBB,GW,43.0233404,-100.4862428,S,NAD83, 2717,  1,NGVD29,10150006
USGS,430120100061001, 35N32W 8DADA,GW,43.0222289,-101.1032069,S,NAD83, 2955,10,NGVD29,10140203
USGS,430120100574901, 35N31W10CBBC,GW,43.02222868,-100.9640388,S,NAD83, 2823, 10,NGVD29,10150004
USGS,430120100574902, 35N31W10CBBC2,GW-TH,43.02222868,-100.9640388,S,NAD83, 2823, 10,NGVD29,10150004
USGS,430120101021601, 35N32W12CBAD,GW,43.02222876,-101.0382069,S,NAD83, 2898, 10,NGVD29,10140203
USGS,430121100323001, 35N27W 7CACB,GW,43.02195147,-100.5462447,F,NAD83, 2724,  1,NGVD29,10150004
USGS,430122100344501,35N28W11DBBB RST GW WELL RB-20 NR SD-NE STATE LINE,GW,43.023889,-100.579444,R,NAD83,2725.22,0.55,NAVD88,101500060201
USGS,430122101032101, 35N32W11CABD,GW,43.02278434,-101.0562624,S,NAD83, 2915, 10,NGVD29,10140203
USGS,430123099552901, 95N77W26B,GW,43.02306059,-99.9251178,M,NAD83, 2283, 25,NGVD29,10150006
USGS,430123099590101, 95N77W29B,GW,43.023061,-99.9840077,M,NAD83, 2302, 25,NGVD29,10150006
USGS,430123100194201, 35N26W12CABC,GW,43.0230621,-100.3287399,S,NAD83, 2590,  1,NGVD29,10150006
USGS,430123100251801, 35N26W 7DBBC,GW,43.0230624,-100.4220749,S,NAD83, 2598,  1,NGVD29,10150006
USGS,430123100533301, 35N30W 7DBAB,GW,43.02305556,-100.8930556,R,NAD83, 2868, 10,NGVD29,10150004
USGS,430124100415701, 35N29W11CAA,GW,43.0233399,-100.6995837,T,NAD83, 2777,  5,NGVD29,10150004
USGS,430126100221801, 35N26W10CBBA,GW,43.0238956,-100.372074,S,NAD83, 2617,  5,NGVD29,10150006
USGS,430126100221901, 35N26W10CBBA3,GW,43.0238956,-100.3723518,S,NAD83, 2617,  5,NGVD29,10150006
USGS,430126100222001, 35N26W10CBBA2,GW,43.0238956,-100.3726296,S,NAD83, 2618,  5,NGVD29,10150006
USGS,430126101042901, 35N32W10CAB,GW,43.02389548,-101.0751513,S,NAD83, 2919, 10,NGVD29,10140203
USGS,430127100230601, 35N26W 9BDAD,GW,43.0263956,-100.3892966,F,NAD83, 2585, 10,NGVD29,10150006
USGS,430127100481701, 35N30W12BCCD,GW,43.0241731,-100.8051434,F,NAD83, 2915,5,NGVD29,10150004
USGS,430128099520001,95N76W29BBBB (TR-78F),GW,43.024444,-99.866667,T,NAD83,2253.0,10.0,NGVD29,101500060804
USGS,430128100180401, 35N25W 7ADCC,GW,43.0244509,-100.3015172,S,NAD83, 2550,  1,NGVD29,10150006
USGS,430128100183501, 35N25W 7BDCD,GW,43.02445095,-100.3101285,S,NAD83, 2588,  1,NGVD29,10150006
USGS,430128100332001, 35N28W 2ADCC,GW,43.02444444,-100.5555556,R,NAD83, 2127,  1,NGVD29,10150006
USGS,430128100511801, 35N30W 9ACCC,GW,43.02445089,-100.8554232,S,NAD83, 2850,  5,NGVD29,10150004
USGS,430129100403901, 35N29W12ACCC,GW,43.02472887,-100.6779163,S,NAD83, 2812,  5,NGVD29,10150006
USGS,430129100523101, 35N30W 8AADB,GW,43.0247222,-100.8752778,R,NAD83, 2820,  5,NGVD29,10150004
USGS,430129101075401, 35N32W 7BDD,GW,43.0247289,-101.1320957,F,NAD83, 2950,10,NGVD29,10140203
USGS,430130101190501, 36N34W30BABD,GW,43.07111515,-101.3704274,S,NAD83, 3087.00, 35,NGVD29,10140203
USGS,430131100063401, 95N 78W 30AA,GW,43.02527778,-100.1094444,S,NAD83, 2432,  5,NGVD29,10150006
USGS,430131100091401, 95N 79W 26AB,GW,43.02527778,-100.1538889,S,NAD83, 2480,  5,NGVD29,10150006
USGS,430131100140101, 35N25W11BCDA,GW,43.025284,-100.2340157,S,NAD83, 2457,  1,NGVD29,10150006
USGS,430131100164401, 35N25W 8ADDB,GW,43.02528418,-100.2792946,S,NAD83, 2506,  1,NGVD29,10150006
USGS,430131100564101, 35N31W10ADAD,GW,43.0252842,-100.945149,S,NAD83, 2875, 10,NGVD29,10150004
USGS,430132100435301, 35N29W 9ADCA,GW,43.02556205,-100.7318072,S,NAD83, 2837,  5,NGVD29,10150004
USGS,430133100061501,95N78W20CCCC (TR-78E),GW,43.025833,-100.104167,T,NAD83,2430.0,10.0,NGVD29,101500060502
USGS,430135100302401, 35N27W 9BADB,GW,43.02917374,-100.504021,S,NAD83, 2701,  1,NGVD29,10150006
USGS,430136100341101, 35N28W12BCB,GW,43.02666667,-100.5697222,R,NAD83,,,,10150006
USGS,430136100351001, 35N28W11BCAD,GW,43.02666667,-100.5866667,R,NAD83, 2720,  1,NGVD29,10150006
USGS,430137100190501, 35N26W12ADBB,GW,43.02695096,-100.318462,S,NAD83, 2599,  1,NGVD29,10150006
USGS,430137100560201, 35N31W11ACBB,GW,43.02695086,-100.9343153,S,NAD83, 2903, 10,NGVD29,10150004
USGS,430138100470601, 35N29W 7BCBA,GW,43.02722865,-100.7851426,S,NAD83, 2909,5,NGVD29,10150004
USGS,430138101021001, 35N32W12BDBA,GW,43.02722869,-101.0365402,S,NAD83, 2898, 10,NGVD29,10140203
USGS,430139100264401, 35N27W12B,GW,43.0275069,-100.4459643,M,NAD83, 2636, 20,NGVD29,10150006
USGS,430139100474801, 35N30W12ACBB,GW,43.0275064,-100.7970875,S,NAD83, 2935,5,NGVD29,10150004
USGS,430140100474201, 35N30W14AADC,GW,43.0277842,-100.7954208,S,NAD83, 2937,  5,NGVD29,10150004
USGS,430141100243201, 35N26W 8B,GW,43.0275068,-100.4087414,M,NAD83, 2627, 25,NGVD29,10150006
USGS,430141101011901, 35N31W 7BBCD,GW,43.02806199,-101.0223735,S,NAD83, 2885, 25,NGVD29,10140203
USGS,430141101295801, 35N36W12AAC,GW,43.0280593,-101.4998698,T,NAD83, 3215, 40,NGVD29,10150004
USGS,430142100052901, 95N78W20DDB,GW,43.02833915,-100.0917888,T,NAD83, 2410, 25,NGVD29,10150006
USGS,430142100580301, 35N31W 9AACD,GW,43.0283397,-100.9679277,F,NAD83, 2840., 10,NGVD29,10150004
USGS,430144099592601, 95N 77W 19DD 1,GW,43.02888889,-99.9905556,S,NAD83, 2326,  5,NGVD29,10150006
USGS,430144099592602, 95N 77W 19DD 2,GW,43.02888889,-99.9905556,S,NAD83, 2326,  5,NGVD29,10150006
USGS,430144100533901, 35N30W 7ABCB,GW,43.02888889,-100.8941667,R,NAD83, 2884, 10,NGVD29,10150004
USGS,430145099565401,95N77W22C,GW,43.02913566,-99.9432113,T,NAD83,2267,1.6,NAVD88,10150006
USGS,430145100354101, 35N28W10AACB,GW,43.02916667,-100.5947222,R,NAD83,,,,10150006
USGS,430145100524201, 35N30W 8BADB,GW,43.02916667,-100.8783333,R,NAD83, 2835,  5,NGVD29,10150004
USGS,430146100524101, 35N30W 8BA,GW,43.02944444,-100.8780556,R,NAD83, 2845,  5,NGVD29,10150004
USGS,430147100241801, 35N26W 8BAAC,GW,43.029729,-100.405408,S,NAD83, 2618,  1,NGVD29,10150006
USGS,430148099545401, 95N77W23D,GW,43.03000488,-99.9153954,M,NAD83, 2275, 25,NGVD29,10150006
USGS,430148099590101, 95N77W20C,GW,43.03000539,-99.9840077,M,NAD83, 2295, 25,NGVD29,10150006
USGS,430148100233401, 35N26W 9BBBC,GW,43.0300067,-100.3931855,S,NAD83, 2609,  1,NGVD29,10150006
USGS,430148100471001,35N29W07BBBB (TD-59A),GW,43.030833,-100.786389,F,NAD83,2903.0,5.0,NGVD29,101500040606
USGS,430149100344001, 35N28W11ABA,GW,43.03027778,-100.5777778,R,NAD83,,,,10150006
USGS,430149100501201, 35N30W10BAAD,GW,43.03028417,-100.8370891,S,NAD83, 2923,  5,NGVD29,10150004
USGS,430149100523301, 35N30W 8ABBC,GW,43.03027778,-100.8758333,R,NAD83, 2835,  5,NGVD29,10150004
USGS,430150100054601, 35N32W 9BABB,GW,43.03056207,-101.0970957,F,NAD83, 2935, 10,NGVD29,10140203
USGS,430150100523801, 35N30W 8BAAB,GW,43.03055556,-100.8772222,R,NAD83, 2840, 20,NGVD29,10150004
USGS,430151100145401, 35N25W10BAAA,GW,43.0308396,-100.2487384,S,NAD83, 2325,  1,NGVD29,10150006
USGS,430151100173901, 35N25W 8BB,GW,43.0275064,-100.2920726,M,NAD83, 2513,  5,NGVD29,10150006
USGS,430151100415401, 35N29W11ABBB,GW,43.03083987,-100.6987504,S,NAD83, 2800,5,NGVD29,10150004
USGS,430151100415402, 35N29W11ABBB2,GW,43.03083987,-100.6987504,S,NAD83, 2800,5,NGVD29,10150004
USGS,430151100461101, 35N30W 7AAAB,GW,43.0308333,-100.7697222,R,NAD83, 2890,  5,NGVD29,10150004
USGS,430152101034701, 35N32W10AAAA,GW,43.03111757,-101.0634846,S,NAD83, 2918, 10,NGVD29,10140203
USGS,430152101054802, 35N32W 9BABB2,GW-TH,43.0311176,-101.0970957,S,NAD83, 2935, 10,NGVD29,10140203
USGS,430152101054803, 35N32W 9BABB3,GW,43.0311176,-101.0970957,S,NAD83, 2935, 10,NGVD29,10140203
USGS,430153100521301, 35N30W 5DDCC,GW-TH,43.03139527,-100.8707016,S,NAD83, 2842,  5,NGVD29,10150004
USGS,430153100521302, 35N30W 5DDCC2,GW,43.03138889,-100.8702778,R,NAD83, 2842,  5,NGVD29,10150004
USGS,430153100521303, 35N30W 5DDCC3,GW,43.03138889,-100.8702778,R,NAD83, 2842,  5,NGVD29,10150004
USGS,430153100531001, 35N30W 6DDDD2,GW,43.03138889,-100.8861111,R,NAD83, 2951,  5,NGVD29,10150004
USGS,430153100531002,"35N30W 6DDD2 RST GW WELL M-5 NR ST. FRANCIS, SD",GW,43.031389,-100.886111,R,NAD83,2852.28,0.09,NAVD88,101500040602
USGS,430153101054901, 35N32W 9BABB4,GW-TH,43.03139539,-101.0973734,S,NAD83, 2937, 10,NGVD29,10140203
USGS,430153101054902, 35N32W 9BABB5,GW,43.03139539,-101.0973734,S,NAD83, 2938, 10,NGVD29,10140203
USGS,430154100332601, 35N28W 1DC,GW,43.03166667,-100.5572222,R,NAD83, 2683, 10,NGVD29,10150006
USGS,430154100411801,"35N29W 2DDDD RST GW WELL M-10 NR OLSONVILLE, SD",GW,43.032222,-100.688333,F,NAD83,2797.77,0.12,NAVD88,101500040502
USGS,430155100394201, 35N28W 6CDD,GW,43.03194444,-100.6616667,R,NAD83, 2795, 10,NGVD29,10150006
USGS,430155100521701, 35N30W 5DDCB,GW,43.03194444,-100.8713889,R,NAD83, 2860,  5,NGVD29,10150004
USGS,430156099555001, 95N77W24CB,GW,43.03222719,-99.9309513,T,NAD83, 2246, 25,NGVD29,10150006
USGS,430156100212601, 35N26W 3DDC,GW,43.0322288,-100.3576293,F,NAD83, 2636, 10,NGVD29,10150006
USGS,430156100215401, 35N26W 3CDD,GW,43.03222886,-100.3654073,F,NAD83, 2561,  5,NGVD29,10150006
USGS,430156100411901, 35N29W 2DDDD2,GW,43.03222878,-100.6890278,S,NAD83, 2800,  5,NGVD29,10150004
USGS,430156100411902, 35N29W 2DDDD3,GW-TH,43.03222878,-100.6890278,S,NAD83, 2800,  5,NGVD29,10150004
USGS,430156100412001,"RST GW WELL M-10 NR OLSONVILLE, SD",GW,43.03222222,-100.68888889,R,NAD83,2800.0,10.,NGVD29,101500040502
USGS,430156100445601, 35N30W 5DDDD3,GW,43.0322222,-100.7488889,R,NAD83, 2885,  3,NGVD29,10150004
USGS,430156100445701, 35N30W 5DDDD,GW,43.0322222,-100.7491667,R,NAD83, 2885,  5,NGVD29,10150004
USGS,430156100445702, 35N30W 5DDDD2,GW,43.0322222,-100.7491667,R,NAD83, 2885,  5,NGVD29,10150004
USGS,430157100464201, 35N29W 6CDDA,GW,43.03250638,-100.7787534,S,NAD83, 2869.00,5,NGVD29,10150004
USGS,430158100464301, 35N30W 6CDDA,GW,43.03277778,-100.7786111,R,NAD83, 2860, 20,NGVD29,10150004
USGS,430158101202201, 35N34W 5DD,GW,43.03278337,-101.3398721,T,NAD83, 3166, 60,NGVD29,10140203
USGS,430159100212101, 35N26W 3DD,GW,43.03306216,-100.3562404,T,NAD83, 2618, 25,NGVD29,10150006
USGS,430159100531001,35N30W06DDDD (TD-05),GW,43.031389,-100.886389,R,NAD83,2853.0,10.0,NGVD29,101500040602
USGS,430200100004501, 97N78W23DA,GW,43.03333885,-100.0128973,M,NAD83, 2300, 10,NGVD29,10150006
USGS,430200100164801, 35N25W 5DDD,GW,43.0333397,-100.2804057,T,NAD83, 2501,  5,NGVD29,10150006
USGS,430200100292001, 35N27W 3BCCB,GW,43.0397292,-100.4915208,S,NAD83, 2697,  1,NGVD29,10150006
USGS,430201100201201, 35N26W 2DDBD,GW,43.03361766,-100.3370734,S,NAD83, 2586,  1,NGVD29,10150006
USGS,430202101294501, 35N36W 1DD,GW,43.0338925,-101.4962588,T,NAD83, 3125, 50,NGVD29,10140203
USGS,430203100141201, 35N25W 3DCAA,GW,43.0341729,-100.2370714,S,NAD83, 2508,  1,NGVD29,10150006
USGS,430203100454301, 35N29W 5C,GW,43.034173,-100.7623639,M,NAD83, 2897, 20,NGVD29,10150004
USGS,430203100455601, 35N30W 5CCBA,GW,43.03416667,-100.7655556,R,NAD83, 2900, 10,NGVD29,10150004
USGS,430203100563201, 35N30W 2CCBA,GW,43.034173,-100.824033,S,NAD83, 2918, 10,NGVD29,10150004
USGS,430204100212001, 35N26W 3DDAB,GW,43.03445104,-100.3559626,T,NAD83, 2617,  5,NGVD29,10150006
USGS,430204101023301, 35N32W 2DDAA,GW,43.0344508,-101.042929,S,NAD83, 2895, 10,NGVD29,10140203
USGS,430205100154401, 35N25W 4D,GW,43.0347285,-100.2626276,M,NAD83, 2506, 36,NGVD29,10150006
USGS,430205100321201, 35N27W 6DACC,GW,43.03584027,-100.5359667,S,NAD83, 2676,  1,NGVD29,10150006
USGS,430205100471601, 35N30W 1DDAA,GW,43.03472858,-100.7881983,F,NAD83, 2903,5,NGVD29,10150004
USGS,430205100471602, 35N30W 1DDAA2,GW,43.03472858,-100.7881983,F,NAD83, 2903,5,NGVD29,10150004
USGS,430205101011501, 35N31W 6CABD,GW,43.03695077,-101.01654,S,NAD83, 2860,10,NGVD29,10140203
USGS,430206100161801, 35N25W 4CCC,GW,43.0350063,-100.2720722,S,NAD83, 2545,  1,NGVD29,10150006
USGS,430206100190301, 35N26W 1DACD,GW,43.03500648,-100.3179064,S,NAD83, 2579,  1,NGVD29,10150006
USGS,430207101004201, 35N31W 6DBCD,GW,43.0352841,-101.0120956,F,NAD83, 2890,10,NGVD29,10140203
USGS,430209101124901, 35N33W 4CACB,GW,43.03500658,-101.21404,R,NAD83, 3020, 10,NGVD29,10140203
USGS,430211100364601, 35N28W 4DACA,GW,43.03638889,-100.6130556,R,NAD83, 2760,  1,NGVD29,10150006
USGS,430212100282501, 35N27W 3DAAA,GW,43.0355625,-100.4723537,T,NAD83, 2687,  1,NGVD29,10150006
USGS,430212100524001, 35N30W 5CA,GW,43.036673,-100.8782018,T,NAD83, 2828,10,NGVD29,10150004
USGS,430212101041201, 35N32W 3DAB,GW-CR,43.03750637,-101.0670956,F,NAD83, 2910, 10,NGVD29,10140203
USGS,430213101221101, 35N34W 6BA,GW,43.0369495,-101.3701495,T,NAD83, 3170, 20,NGVD29,10140203
USGS,430215099522801, 95N 76W 19A,GW,43.0375,-99.8744444,S,NAD83, 2203,  5,NGVD29,10150006
USGS,430215100004801, 95N78W24A,GW,43.03750547,-100.0137307,M,NAD83, 2350, 25,NGVD29,10150006
USGS,430215100023501, 95N78W23B,GW,43.03750557,-100.0434539,M,NAD83, 2365, 25,NGVD29,10150006
USGS,430215100072201, 95N78W19B,GW,43.0375058,-100.1231787,M,NAD83, 2449, 25,NGVD29,10150006
USGS,430215100273301, 35N27W 2DBCC,GW,43.0352847,-100.4620757,S,NAD83, 2695,  1,NGVD29,10150006
USGS,430215100320901, 35N27W 6ADC,GW,43.03917358,-100.5351333,F,NAD83, 2697, 10,NGVD29,10150006
USGS,430216100252101, 35N26W 6DBBA,GW,43.03778456,-100.4217972,S,NAD83, 2620,  1,NGVD29,10150006
USGS,430216100300301, 35N27W 4BAAA,GW,43.0455625,-100.5023544,F,NAD83, 2713, 10,NGVD29,10150006
USGS,430216100344801, 35N28W 2DBBB,GW,43.03805556,-100.58,R,NAD83, 2698,  1,NGVD29,10150006
USGS,430217100134501, 35N26W 2CAAB,GW,43.0380621,-100.3459625,S,NAD83, 2469,  1,NGVD29,10150006
USGS,430217100370801, 35N28W 4ACCB,GW,43.03805556,-100.6188889,R,NAD83, 2753,20,NGVD29,10150006
USGS,430217100400601, 35N28W 6CBBB,GW,43.03805556,-100.6686111,R,NAD83, 2795,  5,NGVD29,10150006
USGS,430217100535201, 35N30W 6CABA,GW,43.03806187,-100.8982026,S,NAD83, 2873,10,NGVD29,10150004
USGS,430217100573201, 35N31W 3CBAA,GW,43.03806186,-100.9593162,S,NAD83, 2905,10,NGVD29,10150004
USGS,430218100305601, 35N27W 5ADCC,GW,43.0383403,-100.5159659,S,NAD83, 2712,  1,NGVD29,10150006
USGS,430218100371201, 35N28W 4BDD,GW,43.03917335,-100.6209698,F,NAD83, 2780,20,NGVD29,10150006
USGS,430218100552301, 35N31W 1CBBA,GW,43.0383396,-100.9234814,S,NAD83, 2874, 10,NGVD29,10150004
USGS,430219100374401, 35N28W 4BCCC,GW,43.0386111,-100.6297222,R,NAD83, 2704,  5,NGVD29,10150006
USGS,430219100485701, 35N30W 2DBBB,GW,43.0386174,-100.8162549,S,NAD83, 2928,  5,NGVD29,10150004
USGS,430219100561601, 35N30W 4ACCC,GW,43.0386174,-100.8548676,S,NAD83, 2917,  5,NGVD29,10150004
USGS,430219101103201, 35N33W 2BCDD,GW,43.03861756,-101.1759845,T,NAD83, 2985,20,NGVD29,10140203
USGS,430219101253401, 35N35W 3,GW,43.03861545,-101.4265376,M,NAD83, 3160, 20,NGVD29,10140203
USGS,430220100530701, 35N30W 5BCCC,GW,43.03888889,-100.8852778,R,NAD83, 2860,  5,NGVD29,10150004
USGS,430222100145501, 35N25W 3BDDC,GW,43.0394507,-100.2490162,S,NAD83, 2506,  1,NGVD29,10150006
USGS,430222100155201, 35N25W 4ACDB,GW,43.03945075,-100.2648498,S,NAD83, 2519,  1,NGVD29,10150006
USGS,430222100383501, 35N28W 5BDC,GW,43.03944444,-100.6436111,R,NAD83, 2806,  5,NGVD29,10150006
USGS,430224100445701, 35N29W 5ADDB,GW,43.0400063,-100.7495856,F,NAD83, 2843,  5,NGVD29,10150004
USGS,430224101090501, 35N33W 1CADA,GW,43.0400064,-101.1518178,S,NAD83, 3060,10,NGVD29,10140203
USGS,430225100445002, 35N29W 4BCCB2,GW,43.0402841,-100.7476411,F,NAD83, 2845,  5,NGVD29,10150004
USGS,430225100445401, 35N29W 5DDDA,GW,43.03250639,-100.7487522,F,NAD83, 2880,  5,NGVD29,10150004
USGS,430225101035701, 35N32W 3ADCA,GW,43.0402841,-101.0662622,S,NAD83, 2915, 10,NGVD29,10140203
USGS,430225101090101, 35N33W 1ACCB,GW,43.04028417,-101.1507067,S,NAD83, 2970, 10,NGVD29,10140203
USGS,430226100445201,35N29W04BCCB (TD-90B),GW,43.040556,-100.747778,M,NAD83,2845.0,111.0,NGVD29,101500040502
USGS,430226100445203, 35N29W 4BCCB3,GW,43.0402841,-100.7476411,F,NAD83, 2845,  5,NGVD29,10150004
USGS,430226100445501, 35N29W 5ADDA,GW,43.04056188,-100.74903,F,NAD83, 2844,  5,NGVD29,10150004
USGS,430226100460401, 35N29W 6ADAD,GW,43.04083965,-100.7679197,T,NAD83, 2895, 10,NGVD29,10150004
USGS,430228100140701, 35N25W 2BCBD,GW,43.0411173,-100.2356824,S,NAD83, 2483,  1,NGVD29,10150006
USGS,430228100342101, 35N28W 2ADAC,GW,43.0411111,-100.5727778,R,NAD83, 2681,  1,NGVD29,10150006
USGS,430229100204801, 35N26W 2BDBA,GW,43.0413954,-100.3470736,S,NAD83, 2610,  1,NGVD29,10150006
USGS,430230100212101, 35N26W 3ADAB,GW,43.0416732,-100.3562404,S,NAD83, 2603,  1,NGVD29,10150006
USGS,430230100320301, 35N27W 6AAC,GW,43.0430624,-100.5351334,T,NAD83, 2710, 10,NGVD29,10150006
USGS,430230100335201, 35N28W 1BDBB,GW,43.04194444,-100.5644444,R,NAD83, 2674,  1,NGVD29,10150006
USGS,430230100362001, 35N28W 3BCAA,GW,43.04166667,-100.6055556,R,NAD83, 2724,  1,NGVD29,10150006
USGS,430230100393201, 35N28W 6ACBB,GW,43.04166667,-100.6588889,R,NAD83, 2807,  5,NGVD29,10150006
USGS,430230100545201, 35N31W 1ACBB,GW,43.04167294,-100.9148699,S,NAD83, 2878,10,NGVD29,10150004
USGS,430231100591401, 35N31W 5AACC2,GW,43.0419507,-100.9876506,S,NAD83, 2865, 10,NGVD29,10150004
USGS,430231100591501, 35N31W 5AACC,GW,43.0419507,-100.9879284,S,NAD83, 2865,10,NGVD29,10150004
USGS,430232100312701, 35N27W 5BACD,GW,43.0422291,-100.5245774,S,NAD83, 2711,  1,NGVD29,10150006
USGS,430232100455401, 35N30W 5BCAB,GW,43.0422222,-100.765,R,NAD83, 2875,  5,NGVD29,10150004
USGS,430232100464701, 35N29W 6BACD,GW,43.0422285,-100.7801424,S,NAD83, 2904,  5,NGVD29,10150004
USGS,430232100522201, 35N30W 5ABDC,GW,43.0425,-100.8733333,R,NAD83, 2800,  5,NGVD29,10150004
USGS,430232100530701, 35N30W 5BBCC,GW,43.0422285,-100.8859799,S,NAD83, 2850, 10,NGVD29,10150004
USGS,430232100584301, 35N31W 4B,GW,43.04222848,-100.9790391,M,NAD83, 2853, 10,NGVD29,10150004
USGS,430232100593401, 35N31W 5ABC,GW,43.04222848,-100.9932064,F,NAD83, 2850,10,NGVD29,10150004
USGS,430234100053001, 95N78W19D,GW,43.04278346,-100.0920666,T,NAD83, 2430, 25,NGVD29,10150006
USGS,430234100053002, 95N78W19D2,GW,43.04278346,-100.0920666,T,NAD83, 2430, 25,NGVD29,10150006
USGS,430234100053003, 95N78W19D3,GW,43.04278346,-100.0920666,T,NAD83, 2430, 25,NGVD29,10150006
USGS,430234100524901, 35N30W 5BBDA,GW,43.04277778,-100.8802778,R,NAD83, 2845.,  5,NGVD29,10150004
USGS,430234101215201, 35N34W 6AB,GW,43.04277778,-101.3644444,S,NAD83, 3186, 10,NAVD88,10140203
USGS,430235099592601, 95N 77W 18DD,GW,43.04305556,-99.9905556,S,NAD83, 2311,  5,NGVD29,10150006
USGS,430235100584301, 35N31W 4BBDA,GW,43.0430618,-100.9790391,S,NAD83, 2855, 10,NGVD29,10150004
USGS,430236100274201, 35N27W 2ABCC,GW,43.04222909,-100.4615202,F,NAD83, 2700,  5,NGVD29,10150006
USGS,430236100331801, 35N28W 1ABDC,GW,43.0436111,-100.5552778,R,NAD83, 2685, 10,NGVD29,10150006
USGS,430236100453101, 35N29W 5BDDA,GW,43.0402841,-100.7579193,T,NAD83, 2855, 10,NGVD29,10150004
USGS,430237100241201, 35N26W 5BA,GW,43.0436178,-100.4056858,T,NAD83, 2635,20,NGVD29,10150006
USGS,430237100445001, 35N29W 4BBCB,GW,43.0402841,-100.7476411,F,NAD83, 2845,  5,NGVD29,10150004
USGS,430237100503801, 35N30W 3BBCA,GW,43.04361738,-100.8443116,S,NAD83, 2928,  5,NGVD29,10150004
USGS,430238100434801, 35N29W 4AA,GW,43.0438952,-100.7304183,T,NAD83, 2830,10,NGVD29,10150004
USGS,430238101293101, 35N35W 6BB,GW,43.04389225,-101.49237,T,NAD83, 3210, 20,NGVD29,10140203
USGS,430239100164801, 35N25W 5AA,GW,43.044173,-100.2804057,T,NAD83, 2513, 15,NGVD29,10150006
USGS,430239100174301, 35N25W 5BBAA,GW,43.04500636,-100.2923503,F,NAD83, 2518,  5,NGVD29,10150006
USGS,430239100462701, 35N29W 6ABAC,GW,43.04417295,-100.7745866,S,NAD83, 2903,  5,NGVD29,10150004
USGS,430240099520001, 95N76W19AA,GW,43.04444879,-99.8670613,T,NAD83, 2206, 25,NGVD29,10150006
USGS,430240100163701, 36N25W32DDDD,GW,43.04445076,-100.27735,S,NAD83, 2529,  1,NGVD29,10150006
USGS,430241100023501, 95N78W14C,GW,43.0447277,-100.0434539,M,NAD83, 2400, 25,NGVD29,10150006
USGS,430242100184801, 35N25W 6BBA,GW,43.0450064,-100.3120729,T,NAD83, 2525.00,25,NGVD29,10150006
USGS,430242101040401, 35N32W 3ABAA,GW,43.04500626,-101.0682066,S,NAD83, 2939, 25,NGVD29,10140203
USGS,430243099565001, 95N77W15CB,GW,43.0452827,-99.9476183,T,NAD83, 2225, 25,NGVD29,10150006
USGS,430243100333301, 35N28W 1ABB,GW,43.04527778,-100.5591667,R,NAD83, 2695, 20,NGVD29,10150006
USGS,430243100371701, 36N28W33BDDD,GW,43.0530621,-100.6204143,S,NAD83, 2753, 10,NGVD29,10150006
USGS,430244101062801, 35N32W 5ABA,GW,43.0455618,-101.1082066,S,NAD83, 2919,  1,NGVD29,10140203
USGS,430244101284101, 36N35W31D,GW,43.0488922,-101.4804259,M,NAD83, 3182.00, 40,NGVD29,10140203
USGS,430245100223101, 36N26W34CCC,GW,43.0461177,-100.3756853,F,NAD83, 2634,  5,NGVD29,10150006
USGS,430245100272401, 36N27W35DCD,GW,43.0461179,-100.4587424,F,NAD83, 2673,  5,NGVD29,10150006
USGS,430245100292601, 35N27W 3BBBB3,GW-TH,43.04584026,-100.4909653,S,NAD83, 2672,  5,NGVD29,10150006
USGS,430245100292701, 35N27W 3BBBB4,GW,43.04584026,-100.491243,S,NAD83, 2671,  5,NGVD29,10150006
USGS,430245100292801, 35N27W 3BBBB,GW,43.04584026,-100.4915208,S,NAD83, 2671,  5,NGVD29,10150006
USGS,430245100292802, 35N27W 3BBBB2,GW-TH,43.04584026,-100.4915208,S,NAD83, 2671,  5,NGVD29,10150006
USGS,430246100222302, 36N26W34CCC2,GW,43.0461177,-100.373463,F,NAD83, 2634,  5,NGVD29,10150006
USGS,430247100433801, 36N29W34CCCC,GW,43.0463952,-100.7276404,F,NAD83, 2831,  5,NGVD29,10150004
USGS,430248100014801, 95N 78W 14DB,GW,43.04666667,-100.03,S,NAD83, 2342,  5,NGVD29,10150006
USGS,430248100122801, 98N 78W 15CA,GW,43.04666667,-100.2077778,S,NAD83, 2353,  5,NGVD29,10150006
USGS,430249100345601, 36N28W35CDDB,GW,43.04694444,-100.5827778,R,NAD83, 2690,  1,NGVD29,10150006
USGS,430250100174401, 36N25W32CCCB,GW,43.04722858,-100.2959615,S,NAD83, 2525,  1,NGVD29,10150006
USGS,430250100204501, 36N26W35CDDA,GW,43.0472287,-100.3462403,S,NAD83, 2606,  1,NGVD29,10150006
USGS,430250100365601, 36N28W33DCDA,GW,43.0472222,-100.6155556,R,NAD83, 2753,  1,NGVD29,10150006
USGS,430250100532701, 36N30W31DCDA,GW,43.04722845,-100.8912579,M,NAD83, 2868, 10,NGVD29,10150004
USGS,430250100584701, 36N31W33CCDA,GW,43.0472284,-100.9801502,R,NAD83, 2877, 10,NGVD29,10150004
USGS,430252100431301, 36N29W34CD,GW,43.0477841,-100.7206957,T,NAD83, 2804,  5,NGVD29,10150004
USGS,430252100531701, 36N30W31DDBD,GW,43.047784,-100.88848,U,NAD83, 2851,4.3,NAVD88,10150004
USGS,430253100032901, 95N78W15,GW,43.04806106,-100.0584544,M,NAD83, 2361, 25,NGVD29,10150006
USGS,430254100453001, 36N29W32CDAD,GW,43.04833958,-100.7587527,F,NAD83, 2851,  5,NGVD29,10150004
USGS,430254100515001, 36N30W33CCBD,GW,43.0483333,-100.8641667,R,NAD83, 2879,  5,NGVD29,10150004
USGS,430255100195201, 36N26W36CCAB,GW,43.04861757,-100.3315177,S,NAD83, 2555,  1,NGVD29,10150006
USGS,430255100390101, 36N28W31DDA,GW,43.0486111,-100.6502778,R,NAD83, 2830, 10,NGVD29,10150006
USGS,430255101032301, 36N32W35CDBB,GW,43.0486173,-101.0568177,M,NAD83, 2897, 10,NGVD29,10140203
USGS,430255101291801,36N35W31CDBD (BT-83C),GW,43.046944,-101.485278,F,NAD83,3200.0,40.0,NGVD29,101402030206
USGS,430256101160001,36N34W36DBCB (BT-80F),GW,43.050833,-101.268056,S,NAD83,3050.0,10.0,NGVD29,101402030311
USGS,430257100152201, 36N25W34CC,GW,43.04750624,-100.2554052,T,NAD83, 2560, 40,NGVD29,10150006
USGS,430257101003001, 36N31W31D,GW,43.04916667,-101.0083333,R,NAD83, 2843, 10,NGVD29,10140203
USGS,430258100294701, 36N27W33DAAC,GW,43.05167355,-100.4937431,S,NAD83, 2673,  1,NGVD29,10150006
USGS,430258100371201, 36N28W33CDAA,GW,43.04944444,-100.62,R,NAD83, 2772,  1,NGVD29,10150006
USGS,430258100445701, 36N29W32DDAB,GW,43.04945069,-100.7495857,T,NAD83, 2837,  5,NGVD29,10150004
USGS,430258100465101, 36N29W31CACD,GW,43.04945068,-100.7812536,S,NAD83, 2894,  5,NGVD29,10150004
USGS,430258100471401,"36N30W36DDDA (RST GW WELL RB-8 NR ST.FRANCIS, SD)",GW,43.047222,-100.786667,S,NAD83,2892.44,0.9,NAVD88,101500040501
USGS,430258100491601, 36N30W35CCAA,GW,43.04945067,-100.8215329,S,NAD83, 2903,  5,NGVD29,10150004
USGS,430259100241101, 36N26W32CADD,GW,43.04972887,-100.4034636,S,NAD83, 2618,  1,NGVD29,10150006
USGS,430259100333001, 36N28W36DBCD,GW,43.05305556,-100.5611111,R,NAD83, 2692,  1,NGVD29,10150006
USGS,430259100383901, 36N28W32CACC,GW,43.0497222,-100.6441667,R,NAD83, 2818,  5,NGVD29,10150006
USGS,430259100521001, 36N30W32DACC,GW,43.0497222,-100.87,R,NAD83, 2974,  5,NGVD29,10150004
USGS,430259101092501, 36N33W36CBDC,GW,43.0497284,-101.1573733,S,NAD83, 2955, 10,NGVD29,10140203
USGS,430300100120701, 36N25W36DACD,GW,43.050006,-100.2023479,S,NAD83, 2383,  1,NGVD29,10150006
USGS,430300101012701, 36N32W36DADC,GW,43.05,-101.0241667,R,NAD83, 2858, 10,NGVD29,10140203
USGS,430300101191301, 36N34W33DA,GW,43.05,-101.3202778,S,NAD83, 3159, 10,NAVD88,10140203
USGS,430301100365801, 36N28W33DBD,GW,43.05027778,-100.6161111,R,NAD83, 2750, 25,NGVD29,10150006
USGS,430301100492101, 36N30W35CBCC,GW,43.0500062,-100.8254219,S,NAD83, 2917,  5,NGVD29,10150004
USGS,430301100555201, 36N31W35DBDC,GW,43.05027778,-100.9311111,R,NAD83, 2904, 10,NGVD29,10140203
USGS,430302100255101, 36N26W33DBDB,GW,43.05056228,-100.4312419,F,NAD83, 2630,  5,NGVD29,10150006
USGS,430302100410501, 36N29W36CBDB,GW,43.05056197,-100.6851389,S,NAD83, 2539,  5,NGVD29,10150004
USGS,430302100412001, 36N29W35DAD,GW,43.05056196,-100.6893057,T,NAD83, 2834, 10,NGVD29,10150004
USGS,430305100455401, 36N29W32CB,GW,43.0513951,-100.7654196,M,NAD83, 2835,  5,NGVD29,10150004
USGS,430305100531601, 36N30W31DA,GW,43.05139508,-100.8882021,M,NAD83, 2841, 10,NGVD29,10150004
USGS,430306100031101, 95N78W15A,GW,43.0516721,-100.0534542,M,NAD83, 2350, 25,NGVD29,10150006
USGS,430306101065601, 36N32W32D,GW,43.04889509,-101.1070955,M,NAD83, 2930, 10,NGVD29,10140203
USGS,430307100312001, 36N27W32CAAD,GW,43.05195129,-100.522633,S,NAD83, 2702,  1,NGVD29,10150006
USGS,430307100344401, 36N28W35DBBD,GW,43.05194444,-100.5788889,R,NAD83,,,,10150006
USGS,430307100462101, 36N29W31DBAD,GW,43.05195066,-100.7729199,S,NAD83, 2854,  5,NGVD29,10150004
USGS,430308100222801, 36N26W33DAA,GW,43.05222878,-100.3748519,T,NAD83, 2637, 10,NGVD29,10150006
USGS,430309100255001, 36N26W31CBBA,GW,43.0525067,-100.4309641,S,NAD83, 2642,  1,NGVD29,10150006
USGS,430309100290001, 36N27W34CAA,GW,43.05250685,-100.483743,T,NAD83, 2673,  5,NGVD29,10150006
USGS,430309100570901, 36N31W34DBBC,GW,43.0511111,-100.9541667,R,NAD83, 2920, 10,NGVD29,10150004
USGS,430310100215201, 36N26W34CAAA,GW,43.0527843,-100.3648517,S,NAD83, 2589,  1,NGVD29,10150006
USGS,430310100245501,36N26W31ADDD (TD-80E),GW,43.053333,-100.415278,F,NAD83,2620.0,5.0,NGVD29,101500060404
USGS,430310101004201, 36N31W31DBBA,GW,43.05277778,-101.0116667,R,NAD83, 2660, 20,NGVD29,10140203
USGS,430310101125201, 36N33W33CABB,GW,43.05278388,-101.2148733,S,NAD83, 3015, 10,NGVD29,10140203
USGS,430311100122001, 36N25W36ACDC,GW,43.05306159,-100.2059592,S,NAD83, 2396,  1,NGVD29,10150006
USGS,430312099554501, 95N 77W 14BBBB,GW,43.0533333,-99.9291667,S,NAD83, 2214,  5,NGVD29,10150006
USGS,430312100324301, 36N27W31CABB,GW,43.0533401,-100.5456894,S,NAD83, 2689,  1,NGVD29,10150006
USGS,430312100401701, 36N29W36ADCD,GW,43.05333976,-100.671805,S,NAD83, 2848,  5,NGVD29,10150006
USGS,430313100115301, 95N79W16BAAB,GW-TH,43.0536171,-100.1984589,S,NAD83, 2405,  5,NGVD29,10150006
USGS,430313100491501, 36N30W35BDCC,GW,43.0536173,-100.8212551,S,NAD83, 2913,  5,NGVD29,10150004
USGS,430314100372001,36N28W33BDDB (RST well R-19 near Olsonville SD),GW,43.05388889,-100.62222222,R,NAD83,2772.0,1.0,NGVD29,101500060201
USGS,430314100392301, 36N28W31ACDC,GW,43.05388889,-100.6563889,R,NAD83, 2839,  5,NGVD29,10150006
USGS,430314100493101, 36N30W35BCCB,GW,43.05389507,-100.8256997,M,NAD83, 2920, 25,NGVD29,10150004
USGS,430315100184301, 36N25W31BDCB,GW,43.054173,-100.3123507,S,NAD83, 2552,  1,NGVD29,10150006
USGS,430315100282501, 36N27W34ADDB,GW,43.05445126,-100.473465,F,NAD83, 2670,  5,NGVD29,10150006
USGS,430315100303001, 36N27W33BCCC,GW,43.05361797,-100.5109659,F,NAD83, 2708,  5,NGVD29,10150006
USGS,430316100334401, 36N28W36BDDB,GW,43.05444444,-100.5586111,R,NAD83, 2673,  1,NGVD29,10150006
USGS,430316100473101, 36N30W36ACDA,GW,43.0544506,-100.792365,S,NAD83, 2862,  5,NGVD29,10150004
USGS,430316100555201, 39N31W35ACD,GW,43.05444444,-100.9311111,R,NAD83, 2925, 30,NGVD29,10150004
USGS,430316101000301, 36N31W32BCDB,GW,43.05445058,-101.001262,R,NAD83, 2855, 10,NGVD29,10140203
USGS,430317100360501, 36N28W34BDDB,GW,43.0547222,-100.6013889,R,NAD83, 2703,  1,NGVD29,10150006
USGS,430317101280201, 36N35W32BDC,GW,43.0547255,-101.4707038,F,NAD83, 3170.00, 20,NGVD29,10140203
USGS,430318101074201, 36N32W31ACBD,GW,43.05500608,-101.128762,S,NAD83, 2939, 10,NGVD29,10140203
USGS,430320100165201, 36N25W32ADBC,GW,43.0555618,-100.2815168,S,NAD83, 2595,  1,NGVD29,10150006
USGS,430320100543401, 36N31W36A,GW,43.05555556,-100.9094444,F,NAD83,,,,10150004
USGS,430320101105801, 36N33W34ADAC,GW,43.0555616,-101.1832066,S,NAD83, 2954, 10,NGVD29,10140203
USGS,430321100313401, 36N27W32BAAA,GW,43.06000678,-100.5217997,M,NAD83, 2706,  1,NGVD29,10150006
USGS,430321100320601, 36N27W31ACBA,GW,43.05611787,-100.539578,S,NAD83, 2684,  1,NGVD29,10150006
USGS,430322100251501, 36N26W31ACBA,GW,43.05611777,-100.4212417,S,NAD83, 2612,  1,NGVD29,10150006
USGS,430322100280301, 36N27W35BBCD,GW,43.057229,-100.470965,S,NAD83, 2654,  1,NGVD29,10150006
USGS,430323100430001, 36N29W34ACBB,GW,43.05639516,-100.7170845,S,NAD83, 2827,  5,NGVD29,10150004
USGS,430324100161901, 36N25W33B,GW,43.0566729,-100.2723499,M,NAD83, 2605, 20,NGVD29,10150006
USGS,430324100180601, 36N25W31ADBB,GW-TH,43.056673,-100.3020727,S,NAD83, 2575,  1,NGVD29,10150006
USGS,430324100383901, 36N28W32B,GW,43.05666667,-100.6441667,R,NAD83, 2810, 40,NGVD29,10150006
USGS,430324100491501, 36N30W35B,GW-TH,43.0566728,-100.821255,M,NAD83, 2890, 20,NGVD29,10150004
USGS,430324100571301, 36N31W34,GW,43.05667279,-100.954038,R,NAD83, 2945, 20,NGVD29,10140203
USGS,430324101144001, 36N33W31A,GW,43.05667265,-101.2448733,M,NAD83, 3011, 20,NGVD29,10140203
USGS,430325100180701, 36N25W31A,GW,43.05695078,-100.3023505,M,NAD83, 2577, 20,NGVD29,10150006
USGS,430325100540001, 36N30W31BACC,GW,43.05694444,-100.9,R,NAD83, 2885, 10,NGVD29,10150004
USGS,430326100185001, 36N25W31ABC,GW,43.05722857,-100.3056839,F,NAD83, 2597,10,NGVD29,10150006
USGS,430326100431101, 36N29W35B,GW,43.05722848,-100.7201402,M,NAD83, 2835, 40,NGVD29,10150004
USGS,430326100520801, 36N30W32AACC,GW,43.05722837,-100.8693125,S,NAD83, 2940,  5,NGVD29,10150004
USGS,430326100520901, 36N30W29ACBD,GW,43.0572222,-100.8691667,R,NAD83, 2860,  5,NGVD29,10150004
USGS,430326100521101, 36N30W32AACC2,GW,43.0572222,-100.8697222,R,NAD83,,,,10150004
USGS,430327100170801, 36N25W32ABC,GW,43.05750629,-100.2856835,F,NAD83, 2605, 20,NGVD29,10150006
USGS,430327100494201, 36N30W34AACD,GW,43.05750615,-100.8287554,S,NAD83, 2899, 25,NGVD29,10150004
USGS,430327100512301, 36N30W33BADD,GW,43.05750615,-100.856812,F,NAD83, 2945.00,5,NGVD29,10150004
USGS,430329100515701, 36N30W33BBCB,GW,43.05805556,-100.8658333,R,NAD83,,,,10150004
USGS,430329101031401, 36N32W35BADB,GW,43.0580616,-101.0543176,S,NAD83, 2878, 10,NGVD29,10140203
USGS,430329101123101, 36N33W33ABCB,GW,43.0580615,-101.2090399,F,NAD83, 2959, 10,NGVD29,10140203
USGS,430331100153301, 36N25W33AA,GW,43.0586173,-100.2595719,M,NAD83, 2585,20,NGVD29,10150006
USGS,430331100455101, 36N29W32BB,GW,43.05861727,-100.7645862,M,NAD83, 2850,  5,NGVD29,10150004
USGS,430331100512901, 36N30W33BAA,GW,43.05861725,-100.8584787,M,NAD83, 2935, 10,NGVD29,10150004
USGS,430331100530201, 36N30W32BBBD,GW,43.0586111,-100.8838889,R,NAD83,,,,10150004
USGS,430331101010001, 36N31W13B,GW,43.0586172,-101.0170953,F,NAD83, 2862, 10,NGVD29,10140203
USGS,430331101063701, 36N32W32ABBD,GW,43.0586171,-101.1107065,S,NAD83, 2938, 10,NGVD29,10140203
USGS,430331101141201, 36N33W32BB,GW,43.058617,-101.2370955,F,NAD83, 2999, 10,NGVD29,10140203
USGS,430332100012201, 95N 78W 12C,GW,43.05888889,-100.0227778,S,NAD83, 2332,  5,NGVD29,10150006
USGS,430332100031101, 95N78W10D,GW,43.05889426,-100.0534543,M,NAD83, 2340, 25,NGVD29,10150006
USGS,430332100141901, 36N25W34AAAD,GW,43.058895,-100.2390158,S,NAD83, 2489,  1,NGVD29,10150006
USGS,430332100192801, 36N26W36BAAD,GW,43.05889528,-100.3248509,S,NAD83, 2568,  1,NGVD29,10150006
USGS,430332101090901, 36N33W36BAAC,GW,43.05889487,-101.1529287,S,NAD83, 3021, 10,NGVD29,10140203
USGS,430332101122401, 36N33W33ABAC,GW,43.0588948,-101.2070954,S,NAD83, 2954, 10,NGVD29,10140203
USGS,430333100563701, 36N31W35BBBC,GW,43.05916667,-100.9436111,R,NAD83, 2930,  1,NGVD29,10140203
USGS,430333101010201, 36N31W31BAB,GW,43.05916667,-101.0172222,R,NAD83, 2860, 10,NGVD29,10140203
USGS,430333101010202, 36N31W31BAB2,GW,43.05916667,-101.0172222,R,NAD83, 2860, 10,NGVD29,10140203
USGS,430333101010203, 36N31W31BAB3,GW,43.05916667,-101.0172222,R,NAD83, 2860, 20,NGVD29,10140203
USGS,430333101010204, 36N31W31BAB4,GW-TH,43.05917275,-101.0176509,F,NAD83, 2860, 20,NGVD29,10140203
USGS,430333101010205, 36N31W31BAB5,GW-TH,43.05917275,-101.0176509,F,NAD83, 2860, 20,NGVD29,10140203
USGS,430333101010206, 36N31W31BAB6,GW-TH,43.05917275,-101.0176509,F,NAD83, 2860, 20,NGVD29,10140203
USGS,430334100515201, 36N30W33BBB,GW,43.05945057,-100.8648679,R,NAD83, 2896, 10,NGVD29,10150004
USGS,430334100563801, 36N31W35BBBC2,GW,43.05944444,-100.9438889,R,NAD83, 2930, 10,NGVD29,10150004
USGS,430335100241401, 36N26W32BBAA,GW,43.06028438,-100.4090193,S,NAD83, 2619, 10,NGVD29,10150006
USGS,430336100214301, 36N26W34ABBB,GW,43.06000648,-100.3623517,S,NAD83, 2575,  1,NGVD29,10150006
USGS,430336100530001, 36N30W32BBAB,GW,43.06,-100.8833333,R,NAD83,,,,10150004
USGS,430336101023901, 36N32W35AAAB,GW,43.06000605,-101.0445953,S,NAD83, 2865, 10,NGVD29,10140203
USGS,430336101101401, 36N33W35BAAA,GW,43.06000594,-101.1709843,S,NAD83, 3020,  1,NGVD29,10140203
USGS,430336101121701, 36N33W33ABAA,GW,43.0600059,-101.205151,F,NAD83, 2864, 10,NGVD29,10140203
USGS,430337100243201,"36N26W32BAA RST GW WELL M-22 NR LITTLEBURG, SD",GW,43.060278,-100.408889,R,NAD83,2623.1,0.09,NAVD88,101500060404
USGS,430337100530101, 36N30W32BBBA,GW,43.06027778,-100.8836111,R,NAD83,,,,10150004
USGS,430337100591401, 36N31W29DDCD,GW,43.06055556,-101.0033333,R,NAD83, 2898, 10,NGVD29,10140203
USGS,430337101283401, 36N35W30DDDD,GW,43.0602808,-101.4765372,F,NAD83, 3146, 10,NGVD29,10140203
USGS,430338100353201, 36N28W27DDDC,GW,43.06055556,-100.5927778,R,NAD83, 2709,  1,NGVD29,10150006
USGS,430338101011601,36N32W30CCCD,GW,43.06055556,-101.0211111,R,NAD83, 2847,5.4,NAVD88,10140203
USGS,430339100464401, 36N29W30CDDC,GW,43.06083947,-100.779309,S,NAD83, 2849,  5,NGVD29,10150004
USGS,430339100525901, 36N30W29CCCD,GW,43.0608333,-100.8830556,R,NAD83, 2870, 10,NGVD29,10150004
USGS,430339100534901, 36N30W30CDDC,GW,43.0608394,-100.8973691,R,NAD83, 2867, 10,NGVD29,10150004
USGS,430340100420501, 36N29W26CDC,GW,43.06111739,-100.7018062,F,NAD83, 2880,  5,NGVD29,10150004
USGS,430340101012301, 36N32W25DDDD,GW,43.0611111,-101.0230556,R,NAD83, 2841,5,NGVD29,10140203
USGS,430341100180701, 36N25W30DCDA,GW,43.0613952,-100.3023505,S,NAD83, 2593,  1,NGVD29,10150006
USGS,430341100364801, 36N28W28DCDA,GW,43.06138889,-100.6133333,R,NAD83, 2738, 15,NGVD29,10150006
USGS,430342100293901, 36N27W28DDBC,GW,43.06306236,-100.4956877,S,NAD83, 2692,  1,NGVD29,10150006
USGS,430342100391001, 36N28W30DDCA,GW,43.06166667,-100.6527778,R,NAD83, 2812,  5,NGVD29,10150006
USGS,430342100482901, 36N30W26DDDB,GW,43.06167279,-100.8084768,S,NAD83, 2851,  5,NGVD29,10150004
USGS,430343100442601, 36N29W28CDCA,GW,43.0619506,-100.7409743,S,NAD83, 2844,  5,NGVD29,10150004
USGS,430344100265801, 36N27W25CC,GW,43.0622289,-100.4498535,T,NAD83, 2668,  5,NGVD29,10150006
USGS,430346100131301, 36N25W26DDBD,GW,43.0627838,-100.2206818,S,NAD83, 2427,  1,NGVD29,10150006
USGS,430346100322401, 36N27W30DCBD,GW,43.06278448,-100.5404115,S,NAD83, 2674,  1,NGVD29,10150006
USGS,430346100504701, 36N30W28DDAD,GW,43.06278388,-100.8468116,F,NAD83, 2880,  5,NGVD29,10150004
USGS,430346101112801, 36N33W27CDAA,GW,43.0627836,-101.1915398,S,NAD83, 2974, 10,NGVD29,10140203
USGS,430347099533801, 95N77W12ADC,GW,43.06305988,-99.894284,F,NAD83, 2140, 25,NGVD29,10150006
USGS,430347100250901, 36N26W30DCAC,GW,43.06306216,-100.419575,S,NAD83, 2637,  1,NGVD29,10150006
USGS,430348100172001, 36N25W29CDAC,GW,43.0622285,-100.2892947,T,NAD83, 2573,  1,NGVD29,10150006
USGS,430348100390401, 36N28W30DDAB,GW,43.0633333,-100.6511111,R,NAD83, 2792, 10,NGVD29,10150006
USGS,430349101014601, 36N32W25DCAB,GW,43.0636111,-101.0294444,R,NAD83, 2837, 10,NGVD29,10140203
USGS,430350099563101, 95N77W10BD,GW,43.06389355,-99.9423404,F,NAD83, 2180, 25,NGVD29,10150006
USGS,430350101021601, 36N32W25C,GW,43.06389489,-101.0382064,R,NAD83, 2848, 10,NGVD29,10140203
USGS,430350101051501, 36N32W28DCAA,GW,43.0638948,-101.0879286,S,NAD83, 2895,  1,NGVD29,10140203
USGS,430351100461601, 36N29W30D,GW-TH,43.063895,-100.7729199,M,NAD83, 2874, 25,NGVD29,10150004
USGS,430352101013701, 36N32W25DACC,GW,43.06444444,-101.0269444,R,NAD83, 2842, 10,NGVD29,10140203
USGS,430353100361301, 36N28W27CACD,GW,43.0647222,-100.6036111,R,NAD83, 2735,  1,NGVD29,10150006
USGS,430353101005301, 36N31W30CADC,GW,43.0647222,-101.0147222,R,NAD83, 2855, 10,NGVD29,10140203
USGS,430356100463401, 36N29W30DBCA,GW,43.06556165,-100.7765312,S,NAD83, 2867,  5,NGVD29,10150004
USGS,430357100433501, 36N29W27CBCA,GW,43.0658395,-100.726807,M,NAD83, 2882.00,  5,NGVD29,10150004
USGS,430358100380301, 36N28W29DABC,GW,43.0661111,-100.6341667,R,NAD83, 2749, 10,NGVD29,10150006
USGS,430359101013501, 36N32W25DABD,GW,43.06639488,-101.0268174,R,NAD83, 2843, 10,NGVD29,10140203
USGS,430400099531501, 95N76W 7B,GW,43.0666709,-99.887895,T,NAD83, 2123.70, 10,NGVD29,10150006
USGS,430400100572701, 36N31W27CABA,GW,43.06666667,-100.9580556,R,NAD83, 2919, 10,NGVD29,10140203
USGS,430402100152301, 36N25W27CBBB,GW,43.0672284,-100.256794,S,NAD83, 2519,  1,NGVD29,10150006
USGS,430402100504801, 36N30W28DAAA,GW,43.06722828,-100.8470894,S,NAD83, 2870,  5,NGVD29,10150004
USGS,430403099540901, 95N77W12BA,GW,43.0675043,-99.9028953,T,NAD83, 2145, 25,NGVD29,10150006
USGS,430403100360101, 36N28W27BDDD,GW,43.0675,-100.6002778,R,NAD83, 2710,  1,NGVD29,10150006
USGS,430403100380401, 36N28W29ACDD,GW,43.0675,-100.6344444,R,NAD83, 2755,5,NGVD29,10150006
USGS,430403100395001, 36N28W30BCDD,GW,43.0675,-100.6638889,R,NAD83, 2820,  5,NGVD29,10150006
USGS,430404100241901, 36N26W29BDDC,GW,43.0677843,-100.4056859,S,NAD83, 2587,  1,NGVD29,10150006
USGS,430405100224901, 36N26W28ACDC,GW,43.068062,-100.3806854,S,NAD83, 2578, 25,NGVD29,10150006
USGS,430405100350401, 36N28W26BDCC,GW,43.06805556,-100.585,R,NAD83, 2694,  1,NGVD29,10150006
USGS,430405100434201, 36N29W28ADA,GW,43.0700061,-100.7287516,F,NAD83, 2895,  5,NGVD29,10150004
USGS,430406100214401, 36N26W27ACC,GW,43.06833977,-100.3626295,T,NAD83, 2633, 10,NGVD29,10150006
USGS,430406100380701, 36N28W29ACDC,GW,43.06805556,-100.6361111,R,NAD83, 2771,5,NGVD29,10150006
USGS,430407099532001, 95N77W 1DDDD,GW,43.0686153,-99.8892839,F,NAD83, 2123.00,50,NGVD29,10150006
USGS,430407100563701, 36N31W26BCCB,GW,43.0686171,-100.9440375,R,NAD83, 2993, 10,NGVD29,10150004
USGS,430407100563801, 36N31W26BCC,GW,43.0686111,-100.9438889,R,NAD83, 2995, 10,NGVD29,10150004
USGS,430409100291301, 36N27W27BDB,GW,43.06667339,-100.4756874,F,NAD83, 2683,  5,NGVD29,10150006
USGS,430409101125301, 36N33W28BCAD,GW,43.0691723,-101.2151509,S,NAD83, 3038,10,NGVD29,10140203
USGS,430410100161201, 36N25W28BDCA,GW,43.06833954,-100.2706832,S,NAD83, 2595,  1,NGVD29,10150006
USGS,430410100261701, 36N27W25ADBB,GW,43.0708399,-100.4367977,F,NAD83, 2658,  5,NGVD29,10150006
USGS,430411100291001, 36N27W28ADBD,GW,43.06972895,-100.4865209,S,NAD83, 2684,  1,NGVD29,10150006
USGS,430411100380301, 36N28W29ADBC,GW,43.0697222,-100.6341667,R,NAD83, 2765,  5,NGVD29,10150006
USGS,430411100544201, 36N31W25ACAC,GW,43.0697222,-100.9116667,R,NAD83, 2898, 25,NGVD29,10150004
USGS,430411101010701, 36N31W30BCAD,GW,43.0697222,-101.0186111,R,NAD83, 2885, 20,NGVD29,10140203
USGS,430412100323001, 36N27W30BDA,GW,43.0702844,-100.5429116,T,NAD83, 2693,20,NGVD29,10150006
USGS,430413101214101, 36N34W30AAC,GW,43.07028195,-101.3618164,T,NAD83,,,,10140203
USGS,430414100365501, 36N28W28ACAA,GW,43.07055556,-100.6152778,R,NAD83, 2742,  1,NGVD29,10150006
USGS,430415100151101, 36N25W27BCA,GW,43.07083949,-100.2534606,T,NAD83, 2498, 20,NGVD29,10150006
USGS,430415100165901, 36N25W29ACAA,GW,43.07083957,-100.2834612,S,NAD83, 2534,  1,NGVD29,10150006
USGS,430415100191001, 36N26W25ACAA,GW,43.07083965,-100.3198508,S,NAD83, 2553,  1,NGVD29,10150006
USGS,430415100451401, 36N29W29ACAA,GW,43.07083939,-100.7537525,S,NAD83, 2870, 10,NGVD29,10150004
USGS,430415100451501,"36N29W29ABDD RST GW WELL R-7 NR ST.FRANCIS, SD",GW,43.070833,-100.754167,R,NAD83,2860.48,0.1,NAVD88,101500040502
USGS,430415100473301, 36N30W25ACAA,GW,43.07083938,-100.7929207,S,NAD83, 2890,  5,NGVD29,10150004
USGS,430415100493801, 36N30W27ADAA,GW,43.07056159,-100.8273664,S,NAD83, 2767,  5,NGVD29,10150004
USGS,430415101025301, 36N32W26ACAA,GW,43.0708392,-101.048484,S,NAD83, 2855, 10,NGVD29,10140203
USGS,430415101112801, 36N33W27BDAA,GW,43.07083899,-101.1915398,S,NAD83, 2990, 10,NGVD29,10140203
USGS,430416100565601, 36N31W27A,GW,43.0711111,-100.9488889,R,NAD83, 2976, 20,NGVD29,10140203
USGS,430418100480801, 36N30W24CCDB,GW,43.07639488,-100.7987542,T,NAD83, 2934,  5,NGVD29,10150004
USGS,430418100563301, 36N31W26BB,GW,43.07166667,-100.9425,R,NAD83, 2998,  5,NGVD29,10140203
USGS,430419101033101, 36N32W26BBDD,GW,43.0719503,-101.0590396,S,NAD83, 2858, 10,NGVD29,10140203
USGS,430420100252401, 36N26W30BADD,GW,43.07222878,-100.4237419,S,NAD83, 2616,  1,NGVD29,10150006
USGS,430422100381201, 36N28W29AB,GW,43.07277778,-100.6366667,R,NAD83, 2793, 10,NGVD29,10150006
USGS,430422101072201, 36N32W30AADB,GW,43.0727835,-101.1232064,S,NAD83, 2935, 10,NGVD29,10140203
USGS,430423101181101, 36N34W27A,GW,43.07306037,-101.3034837,T,NAD83, 3075, 50,NGVD29,10140203
USGS,430424100214301, 36N26W27ABBB,GW,43.07417307,-100.3634629,S,NAD83, 2588,  1,NGVD29,10150006
USGS,430425100181101, 36N25W30ABAD,GW,43.07361738,-100.3034616,S,NAD83, 2542,  1,NGVD29,10150006
USGS,430425100474001, 36N30W24CCDA,GW,43.07639488,-100.7973653,F,NAD83, 2934,  5,NGVD29,10150004
USGS,430426100131301, 36N25W26AAAB,GW,43.07389489,-100.2206818,S,NAD83, 2462,  1,NGVD29,10150006
USGS,430426101020201, 36N32W25BAA,GW,43.07389477,-101.0343173,R,NAD83, 2845, 10,NGVD29,10140203
USGS,430427101015801, 36N32W25BAAA,GW,43.07416667,-101.0327778,R,NAD83, 2845, 10,NGVD29,10140203
USGS,430427101303201, 36N35W19C,GW,43.07805785,-101.4907039,F,NAD83, 3068, 30,NGVD29,10140203
USGS,430428100512101, 36N30W28BAAA,GW,43.07444444,-100.8563889,R,NAD83, 2904,  1,NGVD29,10150004
USGS,430428100534201, 36N30W30ABBB,GW,43.07444444,-100.8955556,R,NAD83, 2864, 10,NGVD29,10150004
USGS,430429099522801, 95N 77W  4CB,GW,43.0747222,-99.8744444,S,NAD83, 2204,  5,NGVD29,10150006
USGS,430429099575701, 95N 77W  4CB 1,GW,43.0747222,-99.9658333,S,NAD83, 2204,  5,NGVD29,10150006
USGS,430429100143001, 36N25W27AABB,GW,43.0747283,-100.2420713,S,NAD83, 2479,  1,NGVD29,10150006
USGS,430429100363401, 36N28W22CCCC,GW,43.0747222,-100.6094444,R,NAD83, 2753,  1,NGVD29,10150006
USGS,430430101000901, 36N31W20CCCC,GW,43.075,-101.0030556,R,NAD83, 2845,  1,NGVD29,10140203
USGS,430430101001301, 36N31W20CCCC2,GW,43.075,-101.0036111,R,NAD83, 2845,  5,NGVD29,10140203
USGS,430430101054101, 36N32W21CDCD,GW,43.07500575,-101.0951507,S,NAD83, 2899, 10,NGVD29,10140203
USGS,430431100523301, 36N30W20DCCC,GW,43.07527778,-100.8758333,R,NAD83,,,,10150004
USGS,430431101212901, 36N34W19DDD,GW,43.0752818,-101.358483,F,NAD83, 3105, 35,NGVD29,10140203
USGS,430432100392901, 36N28W19DCCC,GW,43.07555556,-100.6580556,R,NAD83, 2807,  5,NGVD29,10150006
USGS,430433100330701, 36N28W24ADD,GW,43.08138889,-100.5519444,R,NAD83, 2675, 10,NGVD29,10150006
USGS,430433100533701, 36N30W19DCCC,GW,43.0758333,-100.8936111,R,NAD83,,,,10150004
USGS,430435100221301, 36N26W22CCDB,GW,43.0763953,-100.3706852,S,NAD83, 2592,  1,NGVD29,10150006
USGS,430435100431201, 36N29W22CDBB,GW,43.07639498,-100.720418,M,NAD83, 2887,111,NGVD29,10150004
USGS,430436100583101, 36N31W21CDAC,GW,43.0766726,-100.9757052,R,NAD83, 2897, 10,NGVD29,10140203
USGS,430437101292601, 36N35W19C2,GW,43.07694677,-101.4909816,T,NAD83, 3075, 50,NGVD29,10140203
USGS,430438100370201, 36N28W21DCAD,GW,43.0772222,-100.6172222,R,NAD83, 2749,  1,NGVD29,10150006
USGS,430438100483601, 36N30W23DDB,GW,43.0772282,-100.8104213,T,NAD83, 2919, 10,NGVD29,10150004
USGS,430439100313001, 36N27W20CDCC,GW,43.0755622,-100.5265222,S,NAD83, 2709,  1,NGVD29,10150006
USGS,430439100432801, 36N29W22DAC,GW,43.0794505,-100.7120844,F,NAD83, 2878,5,NGVD29,10150004
USGS,430439100435801, 36N29W22CCA,GW,43.07750605,-100.7331963,S,NAD83, 2880.00,5,NGVD29,10150004
USGS,430439100494701, 36N30W22DDBB,GW,43.07750597,-100.8301443,S,NAD83, 2903,  5,NGVD29,10150004
USGS,430440100364801, 36N28W21DDBA,GW,43.07777778,-100.6133333,R,NAD83, 2752,  1,NGVD29,10150006
USGS,430440100425201, 36N29W22DCA,GW,43.07778388,-100.7148623,F,NAD83, 2895,5,NGVD29,10150004
USGS,430440101124301, 36N33W21CDAB,GW,43.0777832,-101.212373,S,NAD83, 2978, 10,NGVD29,10140203
USGS,430441101244101, 36N35W23DCBC,GW,43.0761145,-101.4062603,S,NAD83, 3090, 20,NGVD29,10140203
USGS,430442099494601, 95N76W 3BCC,GW,43.078337,-99.8298384,F,NAD83, 2320, 25,NGVD29,10150006
USGS,430442100175501, 36N25W19DDAB,GW,43.07833957,-100.299017,S,NAD83, 2529,  1,NGVD29,10150006
USGS,430442100405901, 36N29W24CDBC,GW,43.0783395,-100.6834723,S,NAD83, 2866,  5,NGVD29,10150006
USGS,430442100451401, 36N29W20DCAB,GW,43.0783393,-100.7543081,F,NAD83, 2885, 10,NGVD29,10150004
USGS,430442101003001, 36N31W19D,GW,43.0783392,-101.0087617,R,NAD83, 2837, 20,NGVD29,10140203
USGS,430443100424301, 36N29W22DDBB,GW,43.0786172,-100.7123622,F,NAD83, 2890,  5,NGVD29,10150004
USGS,430443100424601, 36N29W22DACC,GW,43.0786172,-100.7131955,T,NAD83, 2883, 10,NGVD29,10150004
USGS,430443100432201, 36N29W22CCAA,GW,43.07861718,-100.7231959,S,NAD83, 2896, 10,NGVD29,10150004
USGS,430444100261401, 36N27W24DAC,GW,43.0788954,-100.437631,F,NAD83, 2640, 30,NGVD29,10150006
USGS,430444101115301, 36N33W22CBCD,GW,43.0788943,-101.1984842,S,NAD83, 2976, 10,NGVD29,10140203
USGS,430446100161901, 36N25W21CACB,GW,43.0794506,-100.2723498,S,NAD83, 2509,  1,NGVD29,10150006
USGS,430446100441901, 36N29W21CADA,GW,43.07945046,-100.7390298,S,NAD83, 2902,  5,NGVD29,10150004
USGS,430446100591501, 36N31W20DACA,GW,43.07944444,-100.9875,R,NAD83, 2878, 10,NGVD29,10140203
USGS,430446100591601, 36N31W20DCDA2,GW,43.07944444,-100.9877778,R,NAD83, 2870, 20,NGVD29,10140203
USGS,430448100330701, 36N28W24ACDD,GW,43.0772222,-100.5544444,R,NAD83, 2673, 10,NGVD29,10150006
USGS,430448100332401, 36N28W24ACA,GW,43.08694444,-100.5566667,R,NAD83, 2655.00, 20,NGVD29,10150006
USGS,430448100545501, 36N31W24CADA,GW,43.08,-100.9152778,R,NAD83, 2922, 10,NGVD29,10150004
USGS,430448101131601, 36N33W20DADB,GW,43.08000535,-101.2215398,S,NAD83, 3050, 25,NGVD29,10140203
USGS,430449100424201, 36N29W22DACB,GW,43.08028386,-100.7120844,F,NAD83, 2874, 10,NGVD29,10150004
USGS,430449100573001, 36N31W22CABC,GW,43.08027778,-100.9583333,R,NAD83, 2912, 10,NGVD29,10140203
USGS,430450100453701, 36N29W20CA,GW,43.0805615,-100.7606973,M,NAD83, 2868,  5,NGVD29,10150004
USGS,430450100575601, 36N31W21DAAC,GW,43.08055556,-100.9655556,R,NAD83, 2937, 10,NGVD29,10140203
USGS,430450101074601, 36N32W30ABC,GW,43.07195018,-101.129873,F,NAD83, 3000,10,NGVD29,10140203
USGS,430451100290001, 36N27W22CDBA,GW,43.08083997,-100.4854099,T,NAD83, 2638,  5,NGVD29,10150006
USGS,430451100361901, 36N28W22CBAD,GW,43.0808333,-100.6052778,R,NAD83, 2798,  1,NGVD29,10150006
USGS,430451101041601, 36N32W22DBB,GW,43.080839,-101.0715395,F,NAD83, 2855,  1,NGVD29,10140203
USGS,430452100431801, 36N29W22CABA,GW,43.0816727,-100.7209736,S,NAD83, 2903,5,NGVD29,10150004
USGS,430452100484001, 36N30W23AACA,GW,43.08111706,-100.8115325,S,NAD83, 2929,  5,NGVD29,10150004
USGS,430452100484101, 36N30W23D,GW-TH,43.0783393,-100.8118103,M,NAD83, 2919,4.3,NAVD88,
USGS,430453100431001, 36N29W22CADA,GW,43.08000607,-100.7187513,S,NAD83, 2891,5,NGVD29,10150004
USGS,430453100451401, 36N29W20DBAB,GW,43.08139486,-100.7543081,F,NAD83, 2903, 10,NGVD29,10150004
USGS,430454099482801, 95N 76W  2BB,GW,43.08166667,-99.8077778,S,NAD83, 2304,  5,NGVD29,10150006
USGS,430454099495701, 95N 76W  4AA,GW,43.08166667,-99.8325,S,NAD83, 2297,  5,NGVD29,10150006
USGS,430454100255101, 36N26W19BBC,GW,43.08167318,-100.431242,T,NAD83, 2650,20,NGVD29,10150006
USGS,430454100261601, 36N26W24DBAA,GW,43.08167319,-100.4381867,S,NAD83, 2616,  1,NGVD29,10150006
USGS,430454100341801, 36N28W23DAAC,GW,43.08027778,-100.5711111,R,NAD83, 2730,  5,NGVD29,10150006
USGS,430454100502601, 36N30W22CABB,GW,43.0816726,-100.840978,S,NAD83, 2893,  5,NGVD29,10150004
USGS,430454100512101, 36N30W21DBBB,GW,43.08166667,-100.8558333,R,NAD83,,,,10150004
USGS,430455100241301, 36N26W20CAD,GW,43.0819509,-100.4040193,F,NAD83, 2537,  5,NGVD29,10150006
USGS,430455100375401, 36N28W20DAAB,GW,43.08194444,-100.6316667,S,NAD83, 2810,  5,NGVD29,10150006
USGS,430455100425701, 36N29W22DBAA,GW,43.0819505,-100.7162512,S,NAD83, 2897,  5,NGVD29,10150004
USGS,430455100520001, 36N30W20DAAA,GW,43.08195036,-100.86709,S,NAD83, 2882,  5,NGVD29,10150004
USGS,430456100210601, 36N26W23BCCD,GW,43.08222856,-100.3520737,S,NAD83, 2554,  1,NGVD29,10150006
USGS,430456100432401, 36N29W22CBAA,GW,43.08222826,-100.7237515,S,NAD83, 2913,  5,NGVD29,10150004
USGS,430456100525801, 36N30W20BCDC,GW,43.0822222,-100.8827778,R,NAD83,,,,10150004
USGS,430457100413701, 36N29W23ACDD,GW,43.0825061,-100.6940282,S,NAD83, 2892,  5,NGVD29,10150006
USGS,430458100300901, 36N27W21BDDB,GW,43.08333997,-100.5040215,S,NAD83, 2664,  1,NGVD29,10150006
USGS,430458100381901, 38N28W20ACC,GW,43.2527825,-100.6615279,F,NAD83, 2755, 10,NGVD29,10150006
USGS,430458101042001, 36N32W22CADA,GW,43.08278345,-101.0726506,S,NAD83, 2850, 10,NGVD29,10140203
USGS,430501100504901, 36N30W22CBBB,GW,43.0811111,-100.8461111,R,NAD83, 2888,  5,NGVD29,10150004
USGS,430501100560501, 36N31W23BDDA,GW,43.08361699,-100.9351481,S,NAD83, 2970, 10,NGVD29,10140203
USGS,430502100232101, 36N26W21BCAD,GW,43.0838953,-100.3895745,S,NAD83, 2621,  1,NGVD29,10150006
USGS,430503100251601, 36N26W19ACBD,GW,43.0841731,-100.4215197,S,NAD83, 2614,  1,NGVD29,10150006
USGS,430504099520101, 96N 76W 32CC,GW,43.08444444,-99.8669444,S,NAD83, 2168,  5,NGVD29,10150006
USGS,430504100235701, 36N26W20ADBB,GW-TH,43.08556197,-100.3984636,S,NAD83, 2575,1,NGVD29,10150006
USGS,430504100471201, 36N29W19BCBA,GW,43.0850059,-100.785976,F,NAD83, 2912,  5,NGVD29,10150004
USGS,430505100425401, 36N29W22ACA,GW,43.08472826,-100.7154179,F,NAD83, 2902.00,5,NGVD29,10150004
USGS,430505100431901, 36N29W22BDB,GW,43.0847282,-100.7223626,F,NAD83, 2910,5,NGVD29,10150004
USGS,430506100351801, 36N28W23BCBA,GW,43.085,-100.5888889,R,NAD83, 2732,  1,NGVD29,10150006
USGS,430506101071201, 36N32W20BCBA,GW,43.0850055,-101.1204285,S,NAD83, 2876, 10,NGVD29,10140203
USGS,430507100402401, 36N29W26ADBB,GW-TH,43.0852839,-100.6737497,S,NAD83, 2869,  5,NGVD29,10150006
USGS,430507100402402, 36N29W26A2,GW-TH,43.0852839,-100.6737497,T,NAD83, 2880, 25,NGVD29,10150006
USGS,430507100483701, 36N30W23ADBB,GW,43.08528369,-100.810699,S,NAD83, 2934,  5,NGVD29,10150004
USGS,430508100124301, 36N25W24BDBB,GW,43.08556146,-100.2123482,S,NAD83, 2446,  1,NGVD29,10150006
USGS,430508100424601, 36N29W22ADBB,GW,43.08556159,-100.7131956,T,NAD83, 2912, 10,NGVD29,10150004
USGS,430508100431901, 36N29W22BBDD,GW,43.08556157,-100.7223626,T,NAD83, 2911, 25,NGVD29,10150004
USGS,430509100425501, 36N29W22ABDC,GW,43.08583936,-100.7156957,F,NAD83, 2905, 10,NGVD29,10150004
USGS,430511100173601, 36N25W20BBDC,GW,43.08639508,-100.2937392,S,NAD83, 2512,  1,NGVD29,10150006
USGS,430511100401901, 36N29W24AACA,GW,43.086395,-100.6723608,S,NAD83, 2818,  5,NGVD29,10150006
USGS,430511100542801, 36N31W24AACD,GW,43.08638889,-100.9077778,R,NAD83, 2920, 10,NGVD29,10140202
USGS,430512100071701, 96N 78W 31C,GW,43.08666667,-100.1213889,S,NAD83, 2401,  5,NGVD29,10150006
USGS,430512100291801, 36N27W15CC,GW,43.0908399,-100.489299,T,NAD83, 2698,20,NGVD29,10150006
USGS,430512100425201, 36N29W22ABD,GW,43.0861171,-100.7148623,S,NAD83, 2913,5,NGVD29,10150004
USGS,430512100431801, 36N29W22BACB2,GW,43.08667267,-100.7220848,F,NAD83, 2913.00,5,NGVD29,10150004
USGS,430514100432101, 36N29W22BACB,GW,43.0872282,-100.7229181,S,NAD83, 2918, 10,NGVD29,10150004
USGS,430515100225001, 36N26W21AAB,GW,43.0880619,-100.3776299,T,NAD83, 2585,20,NGVD29,10150006
USGS,430515100331201, 36N28W24AAA,GW,43.0825,-100.5522222,R,NAD83, 2685, 35,NGVD29,10150006
USGS,430515100331801, 36N28W24AAB,GW,43.0869509,-100.554301,R,NAD83, 2700, 10,NGVD29,10150006
USGS,430515100331802, 36N28W24AAB2,GW,43.08694444,-100.5541667,R,NAD83, 2700, 10,NGVD29,10150006
USGS,430515100425401, 36N29W22AACC,GW,43.08583937,-100.7134734,F,NAD83, 2912,  5,NGVD29,10150004
USGS,430516100433101, 36N29W22BBDD2,GW,43.08778376,-100.725696,M,NAD83, 2918,111,NGVD29,10150004
USGS,430517100360801, 36N28W22BAAC,GW,43.08805556,-100.6022222,R,NAD83, 2745,  1,NGVD29,10150006
USGS,430518100441501, 36N29W21ABBC,GW,43.08833928,-100.7379187,S,NAD83, 2933,  5,NGVD29,10150004
USGS,430518100522801, 36N30W20ABBC,GW,43.08833919,-100.874868,S,NAD83, 2950,  5,NGVD29,10150004
USGS,430518100533701, 36N30W19ABB,GW,43.08833918,-100.8940355,F,NAD83, 2902,10,NGVD29,10150004
USGS,430518101255001, 36N35W15CCCC2,GW,43.0891693,-101.4362601,S,NAD83, 3100.00, 10,NGVD29,10140203
USGS,430519100212501, 36N26W22AABA,GW,43.0886174,-100.3573516,S,NAD83, 2502,  1,NGVD29,10150006
USGS,430519100391701, 36N28W19ABAD,GW,43.0886111,-100.6547222,R,NAD83, 2830, 10,NGVD29,10150006
USGS,430520101013201,36N32W24AABA,GW,43.08888889,-101.0255556,R,NAD83, 2898,5.4,NAVD88,10140203
USGS,430520101260401,36N35W15CCCC (BT-80D),GW,43.088889,-101.434444,T,NAD83,3090.0,8.0,NGVD29,101402030302
USGS,430521100080701, 96N79W36DBDC,GW,43.0869499,-100.1342902,S,NAD83, 2382, 25,NGVD29,10150006
USGS,430521100291001, 36N27W22BABB,GW,43.0891732,-100.4865211,S,NAD83, 2681,  1,NGVD29,10150006
USGS,430521101223401, 36N34W18CCC (BT-78I),GW,43.0894073,-101.3782593,T,NAD83, 3071, 15,NGVD29,10140203
USGS,430522100411901, 36N29W14DDDD,GW-TH,43.0894505,-100.689028,S,NAD83, 2884,  2,NGVD29,10150006
USGS,430522100411902, 36N29W14DDDD2,GW,43.0894505,-100.689028,S,NAD83, 2884.,  5,NGVD29,10150006
USGS,430522101224001, 36N34W18CCCC2,GW,43.0894478,-101.3782051,S,NAD83, 3071, 45,NGVD29,10140203
USGS,430523100152901, 36N25W16DDDD,GW,43.0897283,-100.2584606,S,NAD83, 2493,  1,NGVD29,10150006
USGS,430523100404101, 36N29W13DCCC,GW,43.0897222,-100.6780556,R,NAD83, 2840,  1,NGVD29,10150006
USGS,430524100394701, 36N28W18CDCC,GW,43.09,-100.6630556,R,NAD83, 2845,5,NGVD29,10150006
USGS,430524100455501, 36N29W17ACBC,GW,43.09000589,-100.7656975,T,NAD83, 2925, 10,NGVD29,10150004
USGS,430525100441101, 36N29W16DCCD,GW,43.0902837,-100.7368075,S,NAD83, 2935,  5,NGVD29,10150004
USGS,430527099573301, 96N77W33,GW,43.09083778,-99.959563,M,NAD83, 2250, 25,NGVD29,10150006
USGS,430528100242001, 36N26W17CDD,GW,43.0897286,-100.4048527,F,NAD83, 2554,  5,NGVD29,10150006
USGS,430528100364201, 36N28W16DDAC,GW,43.0911111,-100.6116667,R,NAD83, 2820,  1,NGVD29,10150006
USGS,430528101223401, 36N34W18CCCC,GW,43.08917006,-101.3773718,S,NAD83, 3070, 30,NGVD29,10140203
USGS,430529100352701, 36N28W15DDAD,GW,43.09138889,-100.5908333,R,NAD83, 2755, 20,NGVD29,10150006
USGS,430530099525501, 96N 76W 31BD,GW,43.09166667,-99.8819444,S,NAD83, 2198,  5,NGVD29,10150006
USGS,430530100422501, 36N29W14CDAB,GW,43.0911171,-100.6998618,S,NAD83, 2893, 10,NGVD29,10150006
USGS,430531100333501, 36N28W13DCBB,GW,43.1,-100.5622222,R,NAD83, 2736,  1,NGVD29,10150006
USGS,430531100473401, 36N30W13DCAD,GW,43.09194444,-100.7927778,R,NAD83,,,,10150004
USGS,430531100575701, 36N31W16DDAA,GW,43.0919502,-100.9662603,R,NAD83, 2912, 10,NGVD29,10140203
USGS,430532101163301, 36N33W13BCC,GW,43.0922222,-101.2758333,S,NAD83, 3035, 10,NAVD88,10140203
USGS,430534100445101, 36N29W17DA/D,GW,43.09278366,-100.747919,S,NAD83,,,,10150004
USGS,430535100450601, 36N29W17DDBA,GW-TH,43.0930614,-100.7520859,F,NAD83, 2916, 10,NGVD29,10150004
USGS,430536100231501, 36N26W16CCAD,GW,43.091673,-100.3895746,S,NAD83, 2555,  1,NGVD29,10150006
USGS,430537100410201, 36N29W13CBDD,GW,43.0936111,-100.6838889,R,NAD83, 2838,121,NGVD29,10150006
USGS,430537101062801, 36N32W17DBD,GW,43.09361649,-101.1082061,F,NAD83, 2860,10,NGVD29,10140203
USGS,430538100555201, 36N31W14DBD,GW,43.09389467,-100.9315368,M,NAD83, 2957, 20,NGVD29,10140203
USGS,430540100140401, 36N25W14CBA,GW,43.09556149,-100.2259597,F,NAD83, 2445, 10,NGVD29,10150006
USGS,430540100290401, 36N27W15CA,GW,43.09445098,-100.4848544,T,NAD83, 2648,20,NGVD29,10150006
USGS,430540100504001, 36N30W15CBCA,GW,43.09445026,-100.844867,S,NAD83, 2938,  5,NGVD29,10150004
USGS,430541100555501, 36N31W14DB,GW,43.094728,-100.9323701,M,NAD83, 2970, 20,NGVD29,10140203
USGS,430541100574101, 36N31W15CB,GW,43.09472798,-100.9618156,R,NAD83, 2938, 10,NGVD29,10140203
USGS,430541101005601, 36N31W18CA,GW,43.0947279,-101.0159837,T,NAD83, 2860, 10,NGVD29,10140203
USGS,430543099484601,96N 76W 34AA,GW,43.09527778,-99.8127778,S,NAD83, 2290,  5,NGVD29,10150006
USGS,430543100483501, 36N30W14DABD,GW,43.09555556,-100.81,R,NAD83, 2900,  5,NGVD29,10150004
USGS,430543101000201, 36N31W17CBA,GW,43.09583907,-101.0004281,R,NAD83, 2869,10,NGVD29,10140203
USGS,430545100153301, 36N25W16AADA,GW,43.1016727,-100.2584606,T,NAD83, 2472,  5,NGVD29,10150006
USGS,430545100153302, 36N25W16AADA2,GW,43.1016727,-100.2584606,F,NAD83, 2480, 10,NGVD29,10150006
USGS,430545101193001, 37N34W 4AACC,GW,43.21194456,-101.3398723,S,NAD83, 3001.00, 15,NGVD29,10140203
USGS,430546100133301, 36N25W14DBBB,GW,43.09583928,-100.2281819,F,NAD83, 2452,20,NGVD29,10150006
USGS,430546100133302, 36N25W14DBBB2,GW,43.0955615,-100.2279042,F,NAD83, 2450,  5,NGVD29,10150006
USGS,430547100181805, 36N25W18CADA,GW,43.09417285,-100.3081839,S,NAD83, 2457,  1,NGVD29,10150006
USGS,430547100571101, 36N31W15DBBB,GW,43.09638889,-100.9536111,R,NAD83, 2948, 10,NGVD29,10140203
USGS,430548100222401, 36N26W15BCCC,GW,43.09667297,-100.3737409,S,NAD83, 2539,  1,NGVD29,10150006
USGS,430548100391601, 36N28W18ACDD,GW,43.09694444,-100.6547222,R,NAD83, 2857,5,NGVD29,10150006
USGS,430548100442901, 36N29W16BDCC,GW,43.0966725,-100.7418077,S,NAD83, 2904,  5,NGVD29,10150006
USGS,430548100464001, 36N29W18BDDD,GW,43.09667249,-100.7781979,S,NAD83, 2899,  5,NGVD29,10150004
USGS,430548101205201, 36N34W17,GW,43.0966702,-101.3482055,M,NAD83, 3045, 80,NGVD29,10140203
USGS,430549100413501, 36N29W14ACCD,GW,43.09805556,-100.6916667,R,NAD83, 2896,  5,NGVD29,10150006
USGS,430550100480401, 36N30W13BDCC,GW,43.09416667,-100.7969444,R,NAD83, 2912,  5,NGVD29,10150004
USGS,430550100571001, 36N31W15ACC,GW,43.0972222,-100.9527778,R,NAD83, 2885, 10,NGVD29,10140203
USGS,430550100585801, 36N31W16BCCA,GW,43.0975,-100.9830556,R,NAD83, 2883, 10,NGVD29,10140203
USGS,430550101274501, 36N35W17ACC,GW,43.09722427,-101.4629266,T,NAD83,,,,10140203
USGS,430552100592701, 36N31W17ACDB,GW,43.09777778,-100.9913889,R,NAD83, 2875, 10,NGVD29,10140203
USGS,430552101014101, 36N32W13ACDA,GW,43.09777778,-101.0280556,R,NAD83, 2850, 10,NGVD29,10140203
USGS,430553100205801, 36N26W14BDBB,GW,43.100284,-100.3487404,S,NAD83, 2500,  1,NGVD29,10150006
USGS,430553100562201, 36N31W14BDCC,GW,43.0972222,-100.9377778,R,NAD83, 2940, 10,NGVD29,10140203
USGS,430554100132701, 36N25W14ACAC,GW,43.09833925,-100.2245707,S,NAD83, 2389,  1,NGVD29,10150006
USGS,430554100282301, 36N27W15ADDB,GW,43.0983398,-100.4734653,S,NAD83, 2639,  1,NGVD29,10150006
USGS,430554100562201, 36N31W14B,GW-TH,43.09833907,-100.9398704,M,NAD83, 2940, 15,NGVD29,10150004
USGS,430554101102801, 36N33W14BDBC,GW,43.09833836,-101.1748729,S,NAD83, 2897, 10,NGVD29,10140203
USGS,430555100433601, 36N29W15BBB,GW,43.10222808,-100.727085,T,NAD83, 2868,  5,NGVD29,10150006
USGS,430555100493901, 36N30W15ADAC,GW,43.0986169,-100.8279219,S,NAD83, 2913,  5,NGVD29,10150004
USGS,430555100570301, 36N31W15ACAC,GW,43.0986111,-100.9511111,R,NAD83, 3005,10,NGVD29,10150004
USGS,430556100452501, 36N29W17ACBC2,GW,43.0988947,-100.7573638,M,NAD83, 2920,  5,NGVD29,10150004
USGS,430556100561801, 36N31W14BDB,GW,43.09888889,-100.9383333,R,NAD83, 2938,10,NGVD29,10150004
USGS,430556101114401, 36N33W15BCAD,GW,43.0988938,-101.195984,S,NAD83, 2915, 10,NGVD29,10140203
USGS,430558100430301, 36N29W15ACBB,GW,43.09945035,-100.717918,S,NAD83, 2884,  5,NGVD29,10150006
USGS,430559100121301, 36N25W13ACAA,GW,43.099728,-100.2040145,M,NAD83, 2360,  1,NGVD29,10150006
USGS,430559100383701, 36N28W17BDBB,GW-TH,43.1000061,-100.6445821,F,NAD83, 2815,  5,NGVD29,10150006
USGS,430559100424601, 36N29W15A,GW-TH,43.0997281,-100.7131956,M,NAD83, 2890, 25,NGVD29,10150006
USGS,430600100115401, 36N25W12ADDD,GW-TH,43.10000576,-100.1987366,S,NAD83, 2364,  5,NGVD29,10150006
USGS,430600100220601, 36N26W15B,GW,43.10000627,-100.3687408,M,NAD83, 2535, 25,NGVD29,10150006
USGS,430600100450801, 36N29W17ACAA,GW,43.1000058,-100.7526414,F,NAD83, 2930,  5,NGVD29,10150004
USGS,430600100450901, 36N29W17ADBB,GW,43.1000058,-100.7523637,S,NAD83, 2933,  5,NGVD29,10150006
USGS,430600100454101, 36N29W17BCAA,GW-TH,43.1000058,-100.7618084,S,NAD83, 2931, 10,NGVD29,10150004
USGS,430601100364501, 36N28W16ABCA,GW,43.10194444,-100.6180556,R,NAD83, 2805.00,20,NGVD29,10150006
USGS,430601100562101, 36N31W14BBDD,GW-TH,43.1002835,-100.9395926,F,NAD83, 2940, 10,NGVD29,10150004
USGS,430601101021501, 36N32W13B,GW-TH,43.1002833,-101.0379281,M,NAD83, 2856, 30,NGVD29,10140203
USGS,430601101021502, 36N32W13B2,GW,43.1002833,-101.0379281,R,NAD83, 2850, 30,NGVD29,10140203
USGS,430601101021503, 36N32W13BABD2,GW,43.1025,-101.0358333,R,NAD83, 2857, 10,NGVD29,10140203
USGS,430602100315701, 36N27W18AADD,GW,43.10056198,-100.5329115,S,NAD83, 2645,  1,NGVD29,10150006
USGS,430602100472501, 36N30W13AADC,GW,43.1005613,-100.7906984,S,NAD83, 2927,  5,NGVD29,10150004
USGS,430602101135601, 36N33W17BACD,GW,43.1005603,-101.2326507,F,NAD83, 2790, 20,NGVD29,10140203
USGS,430602101135602, 36N33W17BACD2,GW-TH,43.1005603,-101.2326507,F,NAD83, 2795, 20,NGVD29,10140203
USGS,430602101270201, 36N35W16BAC,GW,43.10055765,-101.4509823,S,NAD83, 3050.00, 30,NGVD29,10140203
USGS,430603100171502, 36N25W 8CDDD2,GW,43.10417277,-100.2876279,F,NAD83, 2455, 10,NGVD29,10150006
USGS,430603100171503, 36N25W 8CDDD1,GW,43.10417277,-100.2876279,F,NAD83, 2455, 10,NGVD29,10150006
USGS,430603100193603, 36N26W13BAC,GW,43.1008395,-100.3229064,T,NAD83, 2460, 15,NGVD29,10150006
USGS,430603100313401, 36N27W17B,GW,43.10083977,-100.5265224,M,NAD83, 2638, 20,NGVD29,10150006
USGS,430603100460501, 36N29W18AADD,GW,43.1008391,-100.7684753,T,NAD83, 2940, 10,NGVD29,10150004
USGS,430603101003401, 36N31W18ABDD,GW,43.1008333,-101.01,R,NAD83, 2877, 10,NGVD29,10140203
USGS,430604100390801, 36N28W 7DDB,GW-TH,43.10667269,-100.6534713,T,NAD83, 2829, 25,NGVD29,10150006
USGS,430604100390802, 36N28W 7DD,GW,43.10444444,-100.6533333,R,NAD83, 2830,  5,NGVD29,10150006
USGS,430604100445201, 36N29W17AADD R,GW,43.1011169,-100.7484746,F,NAD83, 2905,  5,NGVD29,10150006
USGS,430604100445302, 36N29W17AADD2,GW,43.1011169,-100.7484746,M,NAD83, 2905,  5,NGVD29,10150006
USGS,430604100445401,36N29W17AADD (TD-90A),GW,43.101111,-100.748333,M,NAD83,2890.0,111.0,NGVD29,101500060101
USGS,430604100445403, 36N29W17AADD3,GW,43.1011169,-100.7484746,F,NAD83, 2905,  5,NGVD29,10150006
USGS,430604100491801, 36N30W14BBDA,GW,43.10111688,-100.8220884,S,NAD83, 2901,  5,NGVD29,10150004
USGS,430605100555301, 36N31W14ABDB,GW,43.1013946,-100.9318145,R,NAD83, 2968, 10,NGVD29,10150004
USGS,430605101023401,36N32W13BBCB,GW,43.10138889,-101.0427778,R,NAD83, 2843,5.4,NAVD88,10140203
USGS,430605101135701, 36N33W17BADB,GW,43.1013936,-101.2329285,S,NAD83, 2820, 20,NGVD29,10140203
USGS,430605101135702, 36N33W17BADB2,GW,43.1013936,-101.2329285,S,NAD83, 2820, 20,NGVD29,10140203
USGS,430607100212101, 36N26W15AAAB,GW,43.10306179,-100.355685,F,NAD83, 2505,  5,NGVD29,10150006
USGS,430607100385201, 36N28W17BBCA,GW,43.10194444,-100.6477778,R,NAD83, 2821,5,NGVD29,10150006
USGS,430608100243901, 36N26W17BBC,GW,43.09750637,-100.4123529,F,NAD83, 2550,  5,NGVD29,10150006
USGS,430608100535501, 36N30W18BABD,GW,43.10166667,-100.9008333,R,NAD83, 2961, 10,NGVD29,10150004
USGS,430608100582401, 36N31W16ABBC,GW,43.10277778,-100.9736111,R,NAD83, 2937, 10,NGVD29,10140203
USGS,430609099590801, 96N 77W 29CB,GW,43.1025,-99.9855556,S,NAD83, 2227,  5,NGVD29,10150006
USGS,430609100141204, 36N25W23BBCB,GW,43.08695048,-100.2376267,S,NAD83, 2468,  1,NGVD29,10150006
USGS,430609100175004, 36N25W18AAAD,GW,43.10000614,-100.2981837,S,NAD83, 2468,  1,NGVD29,10150006
USGS,430609100434201,36N29W16AAAA (TD-76F),GW,43.103611,-100.729444,S,NAD83,2863.0,25.0,NGVD29,101500060101
USGS,430609101020901, 36N32W13BABD,GW,43.1025055,-101.0362614,R,NAD83, 2844, 10,NGVD29,10140203
USGS,430610100385401, 36N28W17BBBC,GW,43.10277778,-100.6483333,R,NAD83, 2825.00,5,NGVD29,10150006
USGS,430610100471701, 36N30W13AAAB,GW,43.10278354,-100.788476,M,NAD83, 2968, 10,NGVD29,10140203
USGS,430610100481701,36N30W13BBBB (TD-76E),GW,43.103611,-100.806389,R,NAD83,2916.0,5.0,NGVD29,101500040501
USGS,430610100550101, 36N31W13BB,GW,43.10278348,-100.9173695,R,NAD83, 2915, 20,NGVD29,10150004
USGS,430611100375001, 36N28W17AAAA,GW,43.10305556,-100.6305556,R,NAD83, 2819,  5,NGVD29,10150006
USGS,430611100454901, 36N29W17BBAA,GW,43.1030613,-100.7629196,S,NAD83, 2945,5,NGVD29,10140203
USGS,430611100454902, 36N29W17BBA2,GW,43.1030613,-100.7640307,F,NAD83, 2940,  5,NGVD29,10140203
USGS,430612101014401, 36N32W12DD,GW,43.10555556,-101.025,R,NAD83, 2842,10,NGVD29,10140203
USGS,430613100352901, 35N28W14AAAA,GW,43.01805556,-100.5747222,R,NAD83, 2735, 10,NGVD29,10150006
USGS,430613100445901, 36N29W17AAAB,GW-TH,43.10361689,-100.7501414,F,NAD83, 2885., 10,NGVD29,10150006
USGS,430613100461101, 36N29W18AAAB,GW,43.10361688,-100.770142,F,NAD83, 2960,  5,NGVD29,10150004
USGS,430613100544901, 36N31W12DCCD,GW,43.10638889,-100.9138889,R,NAD83, 2899,  5,NGVD29,10150004
USGS,430613100544902, 36N31W12DCCD2,GW-TH,43.1036168,-100.914036,S,NAD83, 2899,  5,NGVD29,10150004
USGS,430613101561701, 36N31W14BAAA,GW,43.1036168,-100.9354257,S,NAD83, 2955,10,NGVD29,10150004
USGS,430614100244801, 36N26W18AAAA,GW-TH,43.1038952,-100.4137418,S,NAD83, 2547,  5,NGVD29,10150006
USGS,430614100244802, 36N26W18AAAA2,GW,43.1038952,-100.4137418,S,NAD83, 2549,  5,NGVD29,10150006
USGS,430614100362501, 36N28W15BABB,GW-TH,43.10389507,-100.6073586,S,NAD83, 2778,  5,NGVD29,10150006
USGS,430614100362502, 36N28W15BABB2,GW,43.10388889,-100.6066667,R,NAD83, 2778,  5,NGVD29,10150006
USGS,430614100362503, 36N28W15BABB3,GW,43.10388889,-100.6066667,R,NAD83, 2778,  5,NGVD29,10150006
USGS,430615100203301, 36N26W11DCDB,GW,43.1047284,-100.3406846,S,NAD83, 2459,  1,NGVD29,10150006
USGS,430615100341901, 36N28W11DD,GW,43.10527778,-100.5755556,R,NAD83, 2765,20,NGVD29,10150006
USGS,430615100472701, 36N30W12DDCD,GW,43.1041724,-100.7901428,F,NAD83, 2960,  5,NGVD29,10150004
USGS,430615100562801, 36N31W11CCD,GW,43.10417235,-100.941537,R,NAD83, 2960, 20,NGVD29,10150004
USGS,430616100325601, 36N27W 7CCCD,GW,43.10445079,-100.549301,S,NAD83, 2656,  1,NGVD29,10150006
USGS,430616101094901, 36N33W11DDCA,GW,43.10444938,-101.1640395,S,NAD83, 2857, 10,NGVD29,10140203
USGS,430617100550401, 36N31W13BAB,GW,43.1047222,-100.9177778,R,NAD83, 2890, 10,NGVD29,10150004
USGS,430617101263501, 36N35W 9ABDA,GW,43.11666837,-101.4420937,S,NAD83, 3054, 20,NGVD29,10140203
USGS,430618100330301, 36N28W12DD,GW,43.11,-100.56,R,NAD83, 2675.00,20,NGVD29,10150006
USGS,430618100503801, 36N30W10CCCCA,GW,43.1050057,-100.8443114,S,NAD83, 2948,  5,NGVD29,10150004
USGS,430619100225301, 36N26W 9DB,GW,43.1091729,-100.3823522,T,NAD83, 2495.00,20,NGVD29,10150006
USGS,430619100245401, 36N26W 7DD,GW,43.1052841,-100.4154085,T,NAD83, 2550,20,NGVD29,10150006
USGS,430619100580001, 36N31W 9DDBD,GW,43.10527778,-100.9647222,R,NAD83, 2945, 10,NGVD29,10140203
USGS,430619101020501, 36N32W12CD2,GW,43.10527778,-101.0347222,R,NAD83, 2895, 10,NGVD29,10140203
USGS,430619101020601, 36N32W12CD,GW,43.10527778,-101.035,R,NAD83, 2895, 20,NGVD29,10140203
USGS,430620100462301, 36N29W 7DCC,GW,43.1055613,-100.7734755,T,NAD83, 2960, 10,NGVD29,10150006
USGS,430620100493001, 36N30W11CCCA,GW,43.10556128,-100.8254218,S,NAD83, 2922,  5,NGVD29,10150004
USGS,430620101234501,36N35W12CCCC (BT-83E),GW,43.103889,-101.396667,S,NAD83,3060.0,10.0,NGVD29,101402030302
USGS,430621100383101, 36N28W 8CBBC,GW,43.1075,-100.6447222,R,NAD83, 2816,  5,NGVD29,10150006
USGS,430621100451001, 36N29W20ACBB,GW,43.10583909,-100.753197,S,NAD83, 2897,  5,NGVD29,10150006
USGS,430623100390801, 36N28W 7DDB2,GW,43.1063949,-100.6534713,F,NAD83, 2832,5,NGVD29,10150006
USGS,430624100420801, 36N29W11CDB,GW-TH,43.10667255,-100.7026397,F,NAD83, 2855, 10,NGVD29,10150006
USGS,430624100420802, 36N29W11CDBB2,GW,43.10805556,-100.7011111,R,NAD83, 2855, 10,NGVD29,10150006
USGS,430624100461601, 36N29W 7DDB,GW,43.1066724,-100.771531,M,NAD83, 2925, 25,NGVD29,10150006
USGS,430625100133601, 36N25W11DCBB,GW,43.1069503,-100.2270708,S,NAD83, 2402,  1,NGVD29,10150006
USGS,430625100140201, 36N25W11CCAA,GW,43.10695038,-100.2342932,S,NAD83, 2387,  1,NGVD29,10150006
USGS,430625101264101, 36N35W 9CADD,GW,43.10694639,-101.4468157,S,NAD83, 3050, 15,NGVD29,10140203
USGS,430626100421301, 36N29W11C,GW,43.1072281,-100.7040287,F,NAD83,,,,10150006
USGS,430626100470201, 36N29W 7C,GW,43.10722795,-100.7843092,M,NAD83, 2945,111,NGVD29,10150006
USGS,430626100565101, 36N31W10DACD,GW,43.1075,-100.9483333,R,NAD83, 2957, 10,NGVD29,10150004
USGS,430626100591401, 36N31W 8DDBA,GW,43.1072222,-100.9872222,R,NAD83, 2900, 20,NGVD29,10140203
USGS,430626101032501, 36N32W11CDBB,GW,43.10722758,-101.0573725,S,NAD83, 2799, 10,NGVD29,10140203
USGS,430627100383701, 36N28W 8CDBC,GW,43.0097222,-100.6488889,R,NAD83, 2820, 10,NGVD29,10150004
USGS,430627100532601, 36N30W 7D,GW,43.10750568,-100.8909797,M,NAD83, 2960, 10,NGVD29,10150004
USGS,430627100565101, 36N31W10DACD2,GW,43.10750565,-100.9479261,R,NAD83, 2957, 10,NGVD29,10150004
USGS,430628100413601, 36N29W11DBDD,GW,43.1075,-100.6933333,R,NAD83, 2837,  5,NGVD29,10150006
USGS,430628100485301, 36N30W11D,GW-TH,43.1072279,-100.8115324,M,NAD83, 2950,  5,NGVD29,10150004
USGS,430628100561601, 36N31W11CACD,GW,43.10666667,-100.9394444,R,NAD83, 2995, 10,NGVD29,10150004
USGS,430628101193501, 36N34W 9DB,GW,43.10778125,-101.3268168,T,NAD83, 2995, 15,NGVD29,10140202
USGS,430629100415401, 36N29W11CADD,GW,43.10805556,-100.6983333,R,NAD83, 2838,  5,NGVD29,10150006
USGS,430629100434401, 36N29W 9DAD,GW,43.10888889,-100.7280556,R,NAD83, 2885,5,NGVD29,10150006
USGS,430629100565001, 36N31W10DAC,GW,43.1080612,-100.9476483,R,NAD83, 2952, 20,NGVD29,10150004
USGS,430630100160305, 36N25W 9CAD,GW,43.10833939,-100.2690163,T,NAD83, 2478, 10,NGVD29,10150006
USGS,430630100565401, 36N31W10DACD3,GW,43.1077834,-100.9476483,R,NAD83, 2958, 10,NGVD29,10150004
USGS,430630100590301, 36N31W 9CBCB,GW,43.1083333,-100.9841667,R,NAD83, 2900, 20,NGVD29,10140203
USGS,430632100594601, 36N31W 8CA,GW,43.1088945,-100.9965389,M,NAD83, 2965, 10,NGVD29,10140203
USGS,430633100115301, 96N79W28BADB,GW-TH,43.10917238,-100.1984588,S,NAD83, 2345,  5,NGVD29,10150006
USGS,430633100290201, 36N27W10DBBB,GW,43.11056196,-100.4809656,S,NAD83, 2688,  1,NGVD29,10150006
USGS,430633100382101, 36N28W 8DB,GW,43.10916667,-100.6391667,R,NAD83, 2820, 10,NAVD88,10150006
USGS,430634100553501, 36N31W11DAA,GW,43.10944444,-100.9263889,R,NAD83, 2920, 20,NGVD29,10150004
USGS,430635100473001, 36N30W12DBAD,GW,43.1097279,-100.7920873,S,NAD83, 2950,  5,NGVD29,10150006
USGS,430635100510501, 36N30W 9DBAD,GW,43.1097279,-100.8518116,S,NAD83, 2957,  5,NGVD29,10150004
USGS,430635100553501, 36N31W11DAAC,GW,43.10944444,-100.9433333,R,NAD83, 2978, 10,NGVD29,10150004
USGS,430636100280201, 36N27W11CBAD,GW,43.11000638,-100.467632,S,NAD83, 2692,  1,NGVD29,10150006
USGS,430636100314201, 36N27W 8CBAC,GW,43.11000636,-100.5287448,S,NAD83, 2643, 25,NGVD29,10150006
USGS,430637099533401, 96N77W25AA,GW,43.1102815,-99.8931729,T,NAD83, 2260, 25,NGVD29,10150006
USGS,430638099520801,96N76W29BBBB (TR-78L),GW,43.110556,-99.868889,T,NAD83,2246.0,25.0,NGVD29,101500060803
USGS,430639100232601, 36N26W 9CBAB,GW,43.11083958,-100.3909636,S,NAD83, 2522,  1,NGVD29,10150006
USGS,430639100383001, 36N28W 8CAAB,GW,43.1108333,-100.6416667,R,NAD83, 2820,5,NGVD29,10150006
USGS,430639100384901, 36N28W29BC,GW,43.1108333,-100.6469444,R,NAD83, 2807, 10,NGVD29,10150006
USGS,430640100222401, 36N26W10BCC,GW,43.11167288,-100.3726298,T,NAD83, 2528, 25,NGVD29,10150006
USGS,430640101112001, 36N33W10ABCA,GW,43.11583788,-101.1879283,T,NAD83, 2881, 10,NGVD29,10140203
USGS,430641100373601, 36N28W 9BCDC,GW,43.1111111,-100.6277778,R,NAD83, 2833,  5,NGVD29,10150006
USGS,430641100522901, 36N30W 8ACCC,GW,43.1113945,-100.8751457,S,NAD83, 2960,  5,NGVD29,10150004
USGS,430643100430801, 36N29W10BDDD,GW,43.11305556,-100.72,R,NAD83, 2838,  5,NGVD29,10150006
USGS,430643101242701, 36N35W11BDAA,GW,43.1119467,-101.4079272,S,NAD83, 3054, 10,NGVD29,10140203
USGS,430644100491501, 36N30W11BX,GW,43.11222789,-100.821255,S,NAD83,,,,10150004
USGS,430644101033201,36N32W11BCDC,GW,43.1122222,-101.0588889,R,NAD83, 2801,5.4,NAVD88,10140203
USGS,430645100534401, 36N30W 7BDDA,GW,43.1125056,-100.8959798,S,NAD83, 2932, 10,NGVD29,10150004
USGS,430646100202501, 36N26W11ACAC,GW,43.1127839,-100.3406846,S,NAD83, 2451,  1,NGVD29,10150006
USGS,430646100425601, 36N29W10AC,GW,43.11278358,-100.7159735,S,NAD83, 2845,  5,NGVD29,10150006
USGS,430646101243301, 36N35W11BD,GW,43.11278,-101.4095939,T,NAD83, 3050, 15,NGVD29,10140203
USGS,430647100414501, 36N29W11AC,GW,43.1130614,-100.6962506,S,NAD83, 2849,  5,NGVD29,10150006
USGS,430647101000801, 36N31W 8BCBC,GW,43.1130611,-101.0026501,R,NAD83, 2917, 10,NGVD29,10140203
USGS,430648100022401,0096N 78W 23CD,GW,43.1133333,-100.04,S,NAD83, 2244,  5,NGVD29,10150006
USGS,430648100405301, 36N29W12BDBD,GW,43.1133333,-100.6813889,R,NAD83, 2838,  5,NGVD29,10150006
USGS,430649100364801, 36N28W 9ADDA,GW,43.11195055,-100.6109699,S,NAD83, 2805, 16,NGVD29,10150006
USGS,430650100365301, 36N28W 9ACAA,GW-TH,43.11389497,-100.6151367,F,NAD83, 2815, 10,NGVD29,10150006
USGS,430650100375101, 36N28W 8ADAA,GW,43.11388889,-100.6308333,R,NAD83, 2838,5,NGVD29,10150006
USGS,430650100450501, 36N29W 8ADBB,GW,43.11389458,-100.7518081,F,NAD83, 2878,  5,NGVD29,10150006
USGS,430650101021001, 36N32W 1DCDC,GW,43.11888889,-101.0297222,R,NAD83, 2623, 10,NGVD29,10140203
USGS,430651100570304, 36N31W10A4,GW,43.11417225,-100.9512595,R,NAD83, 3005, 25,NGVD29,10150004
USGS,430651100570601, 36N31W10ABD,GW,43.11416667,-100.9533333,R,NAD83, 3000, 20,NGVD29,10140203
USGS,430651101095501, 36N33W11A,GW,43.11417137,-101.165706,M,NAD83, 2878, 10,NGVD29,10140203
USGS,430651101241001, 36N35W11ACA,GW,43.11416895,-101.403205,T,NAD83, 3053, 15,NGVD29,10140203
USGS,430652100123201, 36N25W12BDAA,GW,43.11445019,-100.2092924,S,NAD83, 2378,  1,NGVD29,10150006
USGS,430652100135001, 36N25W11BDBA,GW,43.1144503,-100.2309597,S,NAD83, 2438,  1,NGVD29,10150006
USGS,430652100450601, 36N29W 8A,GW,43.1144501,-100.7520859,T,NAD83, 2880, 25,NGVD29,10150006
USGS,430652100450602, 36N29W 8ABAB2,GW,43.11750566,-100.7554194,F,NAD83, 2874,  5,NGVD29,10150006
USGS,430652100484001, 36N30W11ADBB,GW,43.1144501,-100.8115324,R,NAD83, 2949,  5,NGVD29,10150004
USGS,430652100491701, 36N30W11BDBB,GW,43.11444444,-100.8213889,R,NAD83,,,,10150004
USGS,430652100495101, 36N30W10A,GW-TH,43.11445009,-100.8312553,M,NAD83, 2960,  5,NGVD29,10150004
USGS,430653100421201, 36N29W11BBDD,GW,43.114728,-100.7037509,F,NAD83, 2844,  5,NGVD29,10150006
USGS,430653100462201, 36N29W 7A,GW,43.11472789,-100.7731978,F,NAD83,,,,10150006
USGS,430653100491201, 36N30W11B,GW-TH,43.11472787,-100.8215328,M,NAD83, 2960,  5,NGVD29,10150004
USGS,430653100513701, 36N30W 9B,GW-TH,43.11472785,-100.8612564,M,NAD83, 2973,  5,NGVD29,10150004
USGS,430653100562101, 36N31W11B,GW,43.10916667,-100.9372222,R,NAD83, 2938, 20,NGVD29,10150004
USGS,430653100565705, 36N31W10A5,GW,43.1147278,-100.9495928,R,NAD83, 2990, 30,NGVD29,10150004
USGS,430653100565706, 36N31W10A6,GW,43.1147278,-100.9495928,R,NAD83, 2990, 10,NGVD29,10150004
USGS,430653100571001, 36N31W10A,GW-TH,43.1147278,-100.953204,M,NAD83, 2990, 30,NGVD29,10140203
USGS,430653100571002, 36N31W10A2,GW-TH,43.1147278,-100.953204,M,NAD83, 2990, 30,NGVD29,10140203
USGS,430653100571003, 36N31W10BDDA,GW,43.1125,-100.9552778,R,NAD83, 2926, 10,NGVD29,10140203
USGS,430653101383401,36N35W11BDAD (BT-83I),GW,43.113333,-101.407222,S,NAD83,3060.0,10.0,NGVD29,101402030302
USGS,430654100595301, 36N31W 8BACC,GW,43.11500555,-100.9984833,R,NAD83, 2987,  1,NGVD29,10140203
USGS,430656100181806, 36N25W 7ADCA,GW,43.1122283,-100.3012393,F,NAD83, 2522, 10,NGVD29,10150006
USGS,430659100160001, 36N25W 9ABCB,GW,43.1163949,-100.2670718,S,NAD83, 2457,  1,NGVD29,10150006
USGS,430659100412701, 36N29W11AACA,GW,43.1163947,-100.6912505,S,NAD83, 2853,  5,NGVD29,10150006
USGS,430659100434901, 36N29W 9AA,GW,43.1163946,-100.7306963,M,NAD83, 2845, 10,NGVD29,10150006
USGS,430659100434902, 36N29W 9AA2,GW,43.1163946,-100.7306963,M,NAD83, 2845, 10,NGVD29,10150006
USGS,430659100570401,36N31W10ABA,GW,43.11638889,-100.9511111,R,NAD83, 2999,4.3,NAVD88,10150004
USGS,430700100225701, 36N26W 9AB,GW,43.11667287,-100.3829078,T,NAD83, 2505,20,NGVD29,10150006
USGS,430700100344501, 36N28W11ABB,GW,43.11805556,-100.58,R,NAD83, 2807, 10,NGVD29,10150006
USGS,430700100563701, 36N31W11BBB,GW,43.1166722,-100.944037,R,NAD83, 2940, 20,NGVD29,10150004
USGS,430700100570301, 36N31W10ABAC,GW,43.11666667,-100.9511111,R,NAD83, 2993, 10,NGVD29,10150004
USGS,430701100212401, 36N26W10AABD,GW,43.1169506,-100.3570739,S,NAD83, 2473,  1,NGVD29,10150006
USGS,430701100363001,36N28W10BBBB (TD-76J),GW,43.118056,-100.61,R,NAD83,2823.0,10.0,NGVD29,101500060202
USGS,430701100494301, 36N30W10AAAC,GW,43.1183333,-100.8266667,R,NAD83, 2962,  5,NGVD29,10150004
USGS,430701101045801, 36N32W 9AAA,GW,43.1169495,-101.0832058,F,NAD83, 2660, 20,NGVD29,10140203
USGS,430702100251101, 36N26W 7ABAC,GW,43.11722848,-100.4201309,S,NAD83, 2608,  1,NGVD29,10150006
USGS,430702100330501, 36N28W12AABA,GW,43.1183333,-100.5538889,R,NAD83, 2806, 10,NGVD29,10150006
USGS,430702100451701, 36N29W 8ABAC,GW,43.11722788,-100.7551416,F,NAD83, 2874,  5,NGVD29,10150006
USGS,430702100554301, 36N31W11AABC,GW,43.1172222,-100.9291667,R,NAD83, 2919, 10,NGVD29,10150004
USGS,430703100393601, 36N28W 7BAAA,GW,43.1175,-100.66,R,NAD83, 2832,  5,NGVD29,10150006
USGS,430703100451801, 36N29W 8ABAB,GW,43.11750566,-100.7554194,F,NAD83, 2874,  5,NGVD29,10150006
USGS,430704100145901, 36N25W10BABB,GW,43.11778377,-100.250127,F,NAD83, 2442, 25,NGVD29,10150006
USGS,430704101122401, 36N33W 9ABAB,GW,43.11778217,-101.207095,S,NAD83, 2919, 10,NGVD29,10140203
USGS,430705100304701, 36N27W 5DDD,GW,43.11917299,-100.512911,T,NAD83, 2600,20,NGVD29,10150006
USGS,430705100450201, 36N29W 8AABA,GW,43.1180612,-100.7509748,F,NAD83, 2865., 10,NGVD29,10150006
USGS,430705101013601, 36N32W12AAB,GW-TH,43.1180609,-101.0270945,T,NAD83, 2633, 10,NGVD29,10140203
USGS,430706100574301, 36N31W10B,GW,43.1183333,-100.9619444,R,NAD83,,,,10140203
USGS,430707100242401, 36N26W 5CDCD,GW,43.1186173,-100.407075,S,NAD83, 2547,  1,NGVD29,10150006
USGS,430707100561201, 36N31W 2CDDC,GW,43.11888889,-100.9366667,R,NAD83, 2923, 10,NGVD29,10150004
USGS,430707100561401, 36N31W 2CDD,GW,43.11805556,-100.9441667,R,NAD83, 2920, 20,NGVD29,10150004
USGS,430707101115901, 36N33W 3CCCC,GW,43.1186155,-101.2001505,M,NAD83, 2899, 10,NGVD29,10140203
USGS,430708101011501, 36N31W 6CCD,GW,43.11889428,-101.0212612,R,NAD83, 2640, 20,NGVD29,10140203
USGS,430709100204601, 36N26W 2CDDB,GW,43.1191728,-100.346518,S,NAD83, 2520,  1,NGVD29,10150006
USGS,430709100530401, 36N30W 5C,GW,43.1191722,-100.8848683,M,NAD83, 2985, 20,NGVD29,10150004
USGS,430709100574701, 36N31W 3CCC,GW,43.1186111,-100.9055556,R,NAD83, 3008, 10,NGVD29,10150004
USGS,430710100392601, 36N28W 6DCC,GW,43.11944444,-100.6572222,R,NAD83,,,,10150006
USGS,430710100405901, 36N29W 1CDCB,GW,43.11944444,-100.6830556,R,NAD83, 2820,  5,NGVD29,10150006
USGS,430710101015501, 36N32W12ABBB,GW-TH,43.11944977,-101.0323723,F,NAD83, 2630, 10,NGVD29,10140203
USGS,430712100230601, 36N26W 4DC,GW,43.12000618,-100.38263,F,NAD83, 2524, 10,NGVD29,10150006
USGS,430712100371901, 36N28W 4CD,GW,43.12,-100.6219444,R,NAD83, 2812, 10,NGVD29,10150006
USGS,430712100421301,"36N29W 2CDCC RST GW WELL M-12 NR LAKEVIEW, SD",GW,43.118333,-100.702222,S,NAD83,2844.53,0.11,NAVD88,101500060101
USGS,430712101012001, 36N31W 6CCCA,GW-TH,43.12000537,-101.02265,S,NAD83, 2612, 10,NGVD29,10140203
USGS,430712101023301, 36N32W 1CCBC,GW-TH,43.12000526,-101.0429279,F,NAD83, 2640, 10,NGVD29,10140203
USGS,430712101042801, 36N32W 3CD,GW,43.12000508,-101.0748724,M,NAD83, 2686.00,10,NGVD29,10140203
USGS,430713100431701, 36N29W 3CDBB,GW,43.12027778,-100.7213889,R,NAD83, 2848,  5,NGVD29,10150006
USGS,430714100445001, 36N29W 4CCBC,GW,43.12083897,-100.7470858,F,NAD83, 2853,  5,NGVD29,10150006
USGS,430714100563401, 36N31W 2CCB,GW,43.11944444,-100.9433333,R,NAD83, 2948,10,NGVD29,10150004
USGS,430715100342901, 36N28W 2DDBC,GW-TH,43.12083947,-100.5751354,F,NAD83, 2795, 10,NGVD29,10150006
USGS,430715101031901, 36N32W 2CDBD,GW,43.1208385,-101.0557057,S,NAD83, 2655,  3,NGVD29,10140203
USGS,430716101214801, 36N34W 6DBDC,GW,43.12250237,-101.3768164,F,NAD83, 3020, 10,NGVD29,10140203
USGS,430717100112401, 96N79W21AD,GW,43.12139448,-100.1904029,F,NAD83, 2247, 25,NGVD29,10150006
USGS,430717100361501, 36N28W 3CDBB,GW-TH,43.1213949,-100.6045808,F,NAD83, 2812, 10,NGVD29,10150006
USGS,430718100102501, 96N79W22AC,GW,43.12167215,-100.1740136,F,NAD83, 2316.00,50,NGVD29,10150006
USGS,430718100124701, 36N25W 1C,GW,43.1216724,-100.2134592,M,NAD83, 2428, 20,NGVD29,10150006
USGS,430718100354801, 36N28W 3DBB,GW,43.1247222,-100.5986111,R,NAD83, 2787, 20,NGVD29,10150006
USGS,430718100393501, 38N28W 8ABBA,GW,43.28833725,-100.6629168,F,NAD83, 2620, 10,NGVD29,10150006
USGS,430718100413601, 36N29W 2D2,GW-TH,43.12167245,-100.6937506,M,NAD83, 2845, 20,NGVD29,10150006
USGS,430718100450201, 36N29W 5DDBA,GW,43.12167229,-100.7509748,S,NAD83, 2858,  5,NGVD29,10150006
USGS,430718101005501, 36N31W 6CDB,GW,43.1225,-101.0127778,R,NAD83, 2680, 20,NGVD29,10140203
USGS,430718101010401, 36N31W 6C,GW,43.12138889,-101.015,R,NAD83, 2650, 25,NGVD29,10140203
USGS,430718101010402, 36N31W 6C2,GW,43.12166667,-101.0141667,R,NAD83, 2650, 25,NGVD29,10140203
USGS,430719100413601, 36N29W 2DCAA,GW,43.12194444,-100.6933333,R,NAD83, 2863,  5,NGVD29,10150006
USGS,430719100435801, 36N29W 4DACC,GW,43.1219501,-100.7331964,S,NAD83, 2854,  5,NGVD29,10150006
USGS,430719100484201, 36N30W 2DBDD,GW,43.12195,-100.812088,R,NAD83, 2928,  5,NGVD29,10150006
USGS,430719100495201, 36N30W 3D,GW,43.12194444,-100.8311111,R,NAD83, 2968,  5,NGVD29,10150004
USGS,430719100502801, 36N30W 3CBDD,GW,43.12194444,-100.8413889,R,NAD83, 2981,  5,NGVD29,10150004
USGS,430719100540101, 36N30W 6C,GW,43.12194998,-100.9007021,R,NAD83, 2994, 10,NGVD29,10150004
USGS,430719100551001, 36N31W 1CDDC,GW,43.12194444,-100.9194444,R,NAD83, 2938, 10,NGVD29,10150004
USGS,430719100554501, 36N31W 2D,GW,43.12194444,-100.9291667,R,NAD83, 2957, 10,NGVD29,10150004
USGS,430719100562201, 36N31W 2C,GW,43.12194996,-100.9398701,R,NAD83, 2934, 10,NGVD29,10150004
USGS,430719101010601, 36N31W 6C3,GW,43.1219498,-101.0187611,R,NAD83, 2600, 60,NGVD29,10140203
USGS,430719101380501, 36N28W 5DACC,GW,43.1222222,-100.635,R,NAD83, 2818,5,NGVD29,10150006
USGS,430720100431901, 36N29W 3C,GW,43.1222279,-100.7223627,T,NAD83,,,,10150006
USGS,430721100290001, 36N27W 3CA,GW,43.1225063,-100.4837436,M,NAD83, 2663, 50,NGVD29,10150006
USGS,430721100563001, 36N31W 2CBCD,GW,43.1233333,-100.9430556,R,NAD83, 2934, 10,NGVD29,10150004
USGS,430721101032801, 36N32W 2C,GW,43.1225,-101.0577778,R,NAD83, 2660, 40,NGVD29,10140203
USGS,430722100272001, 36N27W 2DAC,GW,43.12278405,-100.4559651,T,NAD83, 2724, 10,NGVD29,10150006
USGS,430723100512101, 36N30W 4DBCB,GW,43.12305556,-100.8561111,R,NAD83, 2978,  5,NGVD29,10150004
USGS,430724100511901, 36N30W 4,GW-TH,43.1241722,-100.8565339,M,NAD83, 2985, 10,NGVD29,10150004
USGS,430725100462701, 36N29W 6DBB,GW,43.1236167,-100.7745867,S,NAD83, 2951,  5,NGVD29,10150006
USGS,430726099542401, 96N 77W 24BB,GW,43.12388889,-99.9066667,S,NAD83, 2301,  5,NGVD29,10150006
USGS,430726100522301, 36N30W 5DB,GW,43.12416667,-100.8741667,R,NAD83, 3002, 10,NGVD29,10150004
USGS,430726101033501,"36N32W2BAA RST GW WELL S-2 NR SPRING CREEK, SD",GW,43.123889,-101.059722,R,NAD83,2677.76,0.13,NAVD88,101402030401
USGS,430727100170303, 36N25W 5DAAC,GW,43.12417268,-100.2798499,S,NAD83, 2427,  1,NGVD29,10150006
USGS,430727100170304, 36N25W 5DBD,GW,43.122506,-100.2837389,T,NAD83, 2440,20,NGVD29,10150006
USGS,430727100262801, 36N27W 1,GW,43.1241729,-100.4415203,T,NAD83, 2650,50,NGVD29,10150006
USGS,430727100563501, 36N31W 2CBC,GW,43.12416667,-100.9430556,R,NAD83, 2935,  3,NGVD29,10150004
USGS,430728100135801, 36N27W 1BDDD,GW,43.1263951,-100.4426315,S,NAD83, 2627, 10,NGVD29,10150006
USGS,430728101031201, 36N32W 2CAA,GW,43.12444958,-101.0537612,M,NAD83, 2740, 40,NGVD29,10140203
USGS,430730100182601, 36N25W 6CAAA,GW,43.12500605,-100.3076283,S,NAD83, 2429,  1,NGVD29,10150006
USGS,430731100365501, 36N28W 4DBAA,GW,43.12555556,-100.6158333,R,NAD83, 2798,  1,NGVD29,10150006
USGS,430732101295801, 36N36W 1A,GW,43.1255562,-101.4998711,T,NAD83, 3018, 15,NGVD29,10140203
USGS,430733100394901, 36N28W 6BDCC,GW,43.12527778,-100.6636111,R,NAD83, 2825,  5,NGVD29,10150006
USGS,430734100282001, 36N27W 3ADDD,GW,43.12611738,-100.4726322,S,NAD83, 2714,  1,NGVD29,10150006
USGS,430734100443601, 36N29W 4B,GW,43.1261167,-100.7437523,F,NAD83,,,,10150006
USGS,430734100524201, 36N30W 5BDCA,GW,43.1261166,-100.8787569,R,NAD83, 3010., 10,NGVD29,10150004
USGS,430734101104901, 36N33W 3ADDD,GW,43.12611545,-101.180706,S,NAD83, 2901, 10,NGVD29,10140203
USGS,430735100150801, 36N25W 3BCCA,GW,43.12639486,-100.252627,S,NAD83, 2400,  1,NGVD29,10150006
USGS,430735100150901, 36N25W 3BACB,GW,43.12639486,-100.2529048,S,NAD83, 2402,  1,NGVD29,10150006
USGS,430736100364201, 36N28W 4ADA,GW,43.12666667,-100.6116667,R,NAD83, 2795.00, 10,NGVD29,10150006
USGS,430737100130201, 36N25W 1BBBC,GW,43.12695019,-100.217626,S,NAD83, 2427,  1,NGVD29,10150006
USGS,430737100191801, 36N26W 1ACCA,GW,43.1269505,-100.322073,S,NAD83, 2496,  1,NGVD29,10150006
USGS,430737100350601, 36N28W 2BDAC,GW,43.1283333,-100.7505556,R,NAD83, 2773,  5,NGVD29,10150006
USGS,430737100350602, 36N28W 2BDAC2,GW,43.12805556,-100.5813889,R,NAD83, 2773,  5,NGVD29,10150006
USGS,430737100393901, 36N28W 6BDDB,GW,43.12694444,-100.6608333,R,NAD83, 2819,  1,NGVD29,10150006
USGS,430737100535101, 36N30W 6BDCA,GW,43.1269499,-100.8979242,R,NAD83, 3018, 10,NGVD29,10150004
USGS,430738100340601, 36N28W 1BCB,GW,43.1261111,-100.5677778,R,NAD83, 2780,20,NGVD29,10150006
USGS,430738100381501, 36N28W 5ACCA,GW,43.1272281,-100.6379154,R,NAD83, 2822,  2,NGVD29,10150006
USGS,430738100535601, 36N30W 6BAB,GW,43.1272277,-100.8993131,R,NAD83, 2980, 20,NGVD29,10150004
USGS,430739101210001, 38N34W33C,GW,43.12750256,-101.3504277,M,NAD83, 3005,111,NGVD29,10140203
USGS,430741100423201, 36N29W 3ADAD,GW,43.12805556,-100.7088889,R,NAD83, 2798,  5,NGVD29,10150006
USGS,430742101125901, 37N33W34CCCC,GW,43.12833739,-101.2168172,S,NAD83, 2902,  1,NGVD29,10140203
USGS,430743100203301, 36N26W 2ACB,GW,43.1283394,-100.3429069,T,NAD83, 2515, 20,NGVD29,10150006
USGS,430743100372001, 36N28W 4BDBA,GW,43.12805556,-100.6186111,R,NAD83, 2817,  5,NGVD29,10150006
USGS,430744101220401, 37N34W32CD,GW,43.12889117,-101.3682054,M,NAD83, 3004,111,NGVD29,10140203
USGS,430745100474201, 36N30W 1DACA,GW,43.1291722,-100.7954207,S,NAD83, 2933,  5,NGVD29,10140203
USGS,430746100494901, 37N30W35DDBD,GW,43.12944444,-100.8302778,R,NAD83, 2950, 10,NGVD29,10150006
USGS,430747100193601, 37N25W31CDCC,GW,43.12972828,-100.3270732,S,NAD83, 2491,  1,NGVD29,10150006
USGS,430748100355701, 37N28W35DCCB,GW,43.13000599,-100.5995807,S,NAD83, 2805,  1,NGVD29,10150006
USGS,430748100455601,37N29W33CCCC (TD-76C),GW,43.129167,-100.7675,R,NAD83,2909.0,3.0,NGVD29,101500060101
USGS,430749100394201, 37N28W32CDD,GW,43.13028359,-100.6604161,T,NAD83, 2821,  5,NGVD29,10150006
USGS,430749100484501, 37N30W36DDCB,GW,43.1286111,-100.8130556,R,NAD83, 2958, 10,NGVD29,10150006
USGS,430751100264401, 37N26W31CDCB,GW,43.1308395,-100.4459649,S,NAD83, 2639,  1,NGVD29,10150006
USGS,430751101142801, 37N33W32DCAA,GW,43.13083716,-101.2415395,T,NAD83, 2940, 25,NGVD29,10140203
USGS,430751101280601, 37N35W33CCA,GW,43.1308342,-101.4687603,T,NAD83, 3018, 25,NGVD29,10140203
USGS,430753100535201, 37N30W 6BADB,GW,43.12777778,-100.8972222,R,NAD83, 3000, 10,NGVD29,10140203
USGS,430753101061301, 37N32W33D,GW,43.1313936,-101.104039,M,NAD83, 2900, 20,NGVD29,10140203
USGS,430753101224901, 37N34W31D,GW,43.1313909,-101.3807053,S,NAD83, 3028, 25,NGVD29,10140203
USGS,430754100444001, 37N29W34CADD,GW,43.13250556,-100.7398633,F,NAD83, 2841,  5,NGVD29,10150006
USGS,430754100444002, 37N29W34CCAA,GW,43.13250555,-100.7434745,S,NAD83, 2843,  5,NGVD29,10150006
USGS,430754100463201, 37N29W32DBCC,GW,43.13166667,-100.7755556,R,NAD83, 2920, 10,NGVD29,10140203
USGS,430754101100401, 37N33W36CADD,GW,43.13167095,-101.1682059,S,NAD83, 2888, 10,NGVD29,10140203
USGS,430755099535201, 96N77W13DB,GW,43.13194797,-99.898173,T,NAD83, 2285, 25,NGVD29,10150006
USGS,430755100392001, 37N28W32DCAA,GW,43.13278358,-100.6548604,S,NAD83, 2819,  5,NGVD29,10150006
USGS,430755100582301, 37N29W31DACC,GW,43.1325,-100.7919444,R,NAD83, 2921, 10,NGVD29,10140203
USGS,430756100134201, 37N25W36C,GW,43.132228,-100.2287374,M,NAD83, 2380, 50,NGVD29,10150006
USGS,430756100231601, 37N26W34CCAA,GW,43.1322283,-100.3881858,F,NAD83, 2540,  5,NGVD29,10150006
USGS,430756100372801, 37N28W34CCAA,GW,43.1322281,-100.6248594,S,NAD83, 2816,  1,NGVD29,10150006
USGS,430756100453501, 36N29W 5CA,GW,43.13222775,-100.7601418,M,NAD83, 2931, 10,NGVD29,10150006
USGS,430756100454501, 37N29W33CBDD,GW,43.13916667,-100.7630556,R,NAD83, 2890, 10,NGVD29,10140203
USGS,430756100473502, 37N29W31DACC2,GW,43.1322222,-100.7930556,R,NAD83, 2920, 10,NGVD29,10140203
USGS,430756100484602, 37N30W36DCAA,GW,43.13194444,-100.8130556,R,NAD83, 2977, 10,NGVD29,10150006
USGS,430756100511401, 37N30W34DCAB,GW,43.1322222,-100.8538889,R,NAD83, 2993, 10,NGVD29,10140203
USGS,430757100183301, 37N25W32CCAB,GW,43.132506,-100.3095728,S,NAD83, 2423,  1,NGVD29,10150006
USGS,430757100391301, 37N28W31D,GW-TH,43.1325058,-100.654027,T,NAD83, 2821, 25,NGVD29,10150006
USGS,430757100440001, 37N29W34DDBB,GW,43.13250558,-100.733752,S,NAD83, 2844,  5,NGVD29,10150006
USGS,430757100451001, 37N29W33DACC,GW,43.1325,-100.7538889,R,NAD83, 2868, 10,NGVD29,10150006
USGS,430757100454601, 37N29W33C,GW-TH,43.1325055,-100.7631974,M,NAD83, 2889, 10,NGVD29,10150006
USGS,430757100484001, 37N30W36DBBA,GW,43.1325,-100.8133333,R,NAD83, 2980, 25,NGVD29,10150006
USGS,430757100484002, 37N30W36D2,GW-TH,43.13250549,-100.8115324,M,NAD83, 2980, 10,NGVD29,10150006
USGS,430757101213301, 37N34W32DACB,GW,43.13250229,-101.3595943,T,NAD83, 3001, 25,NGVD29,10140203
USGS,430757101223801,36N35W01AAAA (BT-83G),GW,43.1275,-101.377222,S,NAD83,3038.0,10.0,NGVD29,101402030303
USGS,430757101264701,36N35W09BAAA (BT-83D),GW,43.1175,-101.446389,S,NAD83,3080.0,10.0,NGVD29,101402030302
USGS,430758100153101, 37N25W34DBDD,GW,43.1327837,-100.259016,S,NAD83, 2460, 25,NGVD29,10150006
USGS,430758100240901, 37N26W33CDAB,GW,43.1327839,-100.4029084,S,NAD83, 2595, 25,NGVD29,10150006
USGS,430758100383701, 37N28W33CCAA,GW-TH,43.1327836,-100.6445823,T,NAD83, 2810, 10,NGVD29,10150006
USGS,430758100394701, 37N28W32DDBB,GW,43.13278356,-100.6634718,M,NAD83, 2820,  5,NGVD29,10150006
USGS,430758100395001, 37N28W32CBDD,GW-TH,43.13278355,-100.664583,S,NAD83, 2827,  5,NGVD29,10150006
USGS,430758100413701, 37N29W36D,GW-TH,43.13278347,-100.6940284,T,NAD83, 2828, 10,NGVD29,10150006
USGS,430758100480601, 37N29W31CACC,GW,43.13167217,-100.8020876,R,NAD83, 2939, 10,NGVD29,10140203
USGS,430758100480801, 37N29W31BCBC,GW,43.13277778,-100.8022222,R,NAD83, 2900, 10,NGVD29,10140203
USGS,430758100480802, 37N29W31BCBC2,GW,43.13277778,-100.8022222,R,NAD83, 2900, 10,NGVD29,10140203
USGS,430758100503401, 37N30W35CADD,GW,43.1325,-100.8427778,R,NAD83, 2978, 10,NGVD29,10140203
USGS,430759100402601, 37N28W31DBDD,GW,43.1330613,-100.6743055,S,NAD83, 2828,  5,NGVD29,10150006
USGS,430800100355601, 37N28W35D,GW-TH,43.13278376,-100.5945806,M,NAD83, 2800,  5,NGVD29,10150006
USGS,430800100440601, 37N29W34DBDC,GW,43.1333389,-100.7354187,S,NAD83, 2845,  5,NGVD29,10150006
USGS,430800100491801, 37N30W36ADCA,GW,43.13666667,-100.8130556,R,NAD83, 2935, 20,NGVD29,10140203
USGS,430800100555301, 37N31W36DACB,GW,43.13333875,-100.9318142,S,NAD83, 3058, 10,NGVD29,10150004
USGS,430800101225701, 37N34W31DBCD,GW,43.1313909,-101.3829275,S,NAD83, 3034, 20,NGVD29,10140203
USGS,430802100405801, 37N28W31CA,GW,43.1338946,-100.6831947,M,NAD83, 2775, 30,NGVD29,10150006
USGS,430802101085101, 37N32W31DBBC,GW,43.13389326,-101.147928,S,NAD83, 2860, 10,NGVD29,10140203
USGS,430803100180401, 37N25W32DBCA,GW,43.13417267,-100.301517,S,NAD83, 2403,  1,NGVD29,10150006
USGS,430803100212801, 37N26W35DBDA,GW,43.1341727,-100.358185,S,NAD83, 2554,  5,NGVD29,10150006
USGS,430803100455501, 37N29W33CDCB,GW,43.13277778,-100.7627778,R,NAD83, 2880, 10,NGVD29,10150006
USGS,430803100534001, 37N30W32DABD,GW,43.13416667,-100.8944444,R,NAD83, 2980, 10,NGVD29,10140203
USGS,430805100520001, 37N30W28DACB,GW,43.1347222,-100.8666667,R,NAD83, 2860, 10,NGVD29,10140203
USGS,430805101292701, 37N35W32CBA,GW,43.1347227,-101.4912602,T,NAD83, 3002, 15,NGVD29,10140203
USGS,430806100282901, 37N27W35DABC,GW,43.1350062,-100.4751323,S,NAD83, 2731,  1,NGVD29,10150006
USGS,430806100385001, 37N28W33CBBD,GW,43.1350058,-100.647638,S,NAD83, 2774,  5,NGVD29,10150006
USGS,430806100401001, 37N28W31DAAD,GW,43.1350057,-100.6698609,F,NAD83, 2805, 10,NGVD29,10150006
USGS,430806101215401, 37N34W32,GW,43.1350021,-101.3654276,M,NAD83, 2986,111,NGVD29,10140203
USGS,430806101281001, 37N35W33CA,GW,43.13500076,-101.4698714,F,NAD83,,,,10140203
USGS,430807100165401, 37N27W32AAAC,GW,43.1419505,-100.5323563,S,NAD83, 2635, 25,NGVD29,10150006
USGS,430807100321501, 37N27W32DBBD,GW,43.1352839,-100.537912,S,NAD83, 2636,  1,NGVD29,10150006
USGS,430807100450501, 37N29W33DAB,GW,43.1358333,-100.7583333,R,NAD83, 2858, 10,NGVD29,10150006
USGS,430807100534401, 37N30W32ACCD,GW,43.13527778,-100.8955556,R,NAD83, 3000, 10,NGVD29,10140203
USGS,430807100550201, 37N30W32BBDC,GW,43.14,-100.9052778,R,NAD83, 2980, 20,NGVD29,10140203
USGS,430807100554801, 37N31W36BAAC,GW,43.141672,-100.9320919,M,NAD83, 2997,10,NGVD29,10140203
USGS,430807100591001, 37N31W33DAA,GW,43.13472759,-100.981538,F,NAD83, 3037, 10,NGVD29,10140203
USGS,430807101233001, 37N34W31B,GW,43.1394461,-101.3907053,M,NAD83, 3000.00, 45,NGVD29,10140203
USGS,430808100253101, 37N26W32CABC,GW,43.1355617,-100.4256867,S,NAD83, 2596,  1,NGVD29,10150006
USGS,430808100514401, 37N30W34CDBB,GW,43.13555556,-100.8813889,R,NAD83, 2975, 10,NGVD29,10140203
USGS,430809100372401, 37N28W34BDA2,GW,43.12361709,-100.6212481,F,NAD83, 2800, 10,NGVD29,10150006
USGS,430809100372402, 37N28W34BBDC,GW,43.1358392,-100.6237483,F,NAD83, 2812,  5,NGVD29,10150006
USGS,430809100525101, 37N30W33CABA,GW,43.13555556,-100.8630556,R,NAD83, 2967, 10,NGVD29,10140203
USGS,430809100525301, 37N30W33BDCA,GW,43.1358333,-100.8813889,R,NAD83, 2880, 10,NGVD29,10140203
USGS,430810100490801, 37N30W36,GW,43.13611657,-100.8193104,F,NAD83,,,,10140203
USGS,430811099563701, 96N 77W 15B,GW,43.13638889,-99.9436111,S,NAD83, 2307,  5,NGVD29,10150006
USGS,430811100001001, 96N 77W 18B,GW,43.13638889,-100.0027778,S,NAD83, 2290,  5,NGVD29,10150006
USGS,430811100334601, 37N27W31CABA,GW,43.1363949,-100.5631907,S,NAD83, 2761,  1,NGVD29,10150006
USGS,430811100372601, 37N28W34CABB,GW,43.13639475,-100.6243038,S,NAD83, 2811,  1,NGVD29,10150006
USGS,430812100095901, 96N 79W 14BBCC 2,GW,43.13666667,-100.1663889,S,NAD83, 2240,  5,NGVD29,10150006
USGS,430812101045501, 37N32W34ADCA,GW,43.1366714,-101.0823723,S,NAD83, 2850, 10,NGVD29,10140203
USGS,430812101151201, 37N33W32BCD,GW,43.1366702,-101.2537617,F,NAD83, 2953.00, 15,NGVD29,10140203
USGS,430813100100001, 96N79W15AADD,GW,43.13694978,-100.1670689,F,NAD83, 2240, 20,NGVD29,10150006
USGS,430814100490301, 37N30W36ACCC,GW,43.1372222,-100.8175,R,NAD83, 2940.00,  1,NGVD29,10140203
USGS,430814100594101, 37N31W33BDCB,GW,43.13722756,-100.9951496,F,NAD83, 3020, 10,NGVD29,10140203
USGS,430814101222101, 37N34W32BD,GW,43.13722419,-101.3729276,S,NAD83, 2995, 25,NGVD29,10140203
USGS,430815100143401, 37N25W35ACCB,GW,43.13750588,-100.2431822,S,NAD83, 2383,  1,NGVD29,10150006
USGS,430815100404001, 37N28W31ACA,GW,43.13917236,-100.6756945,F,NAD83, 2795, 30,NGVD29,10150006
USGS,430815100460801, 37N29W32ADDC,GW,43.1375,-100.7688889,R,NAD83, 2910, 10,NGVD29,10140203
USGS,430815100474901, 37N29W31ACCB,GW,43.1375,-100.7972222,R,NAD83, 2909,  1,NGVD29,10140203
USGS,430816100095701, 96N79W14BBCC,GW,43.13777778,-100.1658333,U,NAD83, 2240, 10,NGVD29,10150006
USGS,430816100095702, 96N 79W 14BBCC,GW-TH,43.13777778,-100.1658333,S,NAD83, 2240,  5,NGVD29,10150006
USGS,430817100153601, 37N25W34ACAC,GW,43.1380615,-100.2604049,S,NAD83, 2402,  1,NGVD29,10150006
USGS,430817100263501, 37N26W31BDD,GW,43.13750615,-100.4426316,T,NAD83, 2722,  5,NGVD29,10150006
USGS,430817100312001, 37N27W33BD,GW,43.1380617,-100.5226337,M,NAD83, 2620, 10,NGVD29,10150006
USGS,430818101291701, 37N35W32B,GW,43.13833375,-101.4884825,T,NAD83, 2998, 25,NGVD29,10140203
USGS,430819101064801, 37N32W33B,GW,43.1386156,-101.1137612,M,NAD83, 2870, 60,NGVD29,10140203
USGS,430819101223701, 37N34W31AADC,GW,43.13861298,-101.377372,T,NAD83, 2988, 25,NGVD29,10140203
USGS,430820100371401,37N28W34ABDA RST GW WELL RB-16 NR OLSONVILLE SD,GW,43.14107679,-100.61573446,S,NAD83,2783.0,1.6,NAVD88,101500060102
USGS,430820101023101, 37N32W36ADAA,GW,43.1388939,-101.042372,S,NAD83, 2847, 10,NGVD29,10140203
USGS,430820101210401, 37N34W33B,GW,43.13889109,-101.3515388,F,NAD83,,,,10140203
USGS,430821100140701, 37N25W35ADAB,GW,43.13917249,-100.235682,S,NAD83, 2415,  1,NGVD29,10150006
USGS,430821100373401, 37N28W34BCAB,GW,43.1391725,-100.6265262,F,NAD83, 2808,  5,NGVD29,10150006
USGS,430821100512301, 37N30W34ACAA,GW,43.13916667,-100.8563889,R,NAD83, 3000, 10,NGVD29,10140203
USGS,430821101213601, 37N34W32ACDD,GW,43.13611328,-101.3604277,S,NAD83, 2991, 15,NGVD29,10140203
USGS,430822100470101, 37N29W32BCAA,GW,43.13944444,-100.7836111,R,NAD83, 2890, 10,NGVD29,10140203
USGS,430822101210701, 37N34W33BBDB,GW,43.1394466,-101.3523722,T,NAD83, 2988, 25,NGVD29,10140203
USGS,430823099483601, 96N 76W 14BBBB,GW-TH,43.1397222,-99.81,S,NAD83, 2282,  5,NGVD29,10150006
USGS,430823100441201, 37N29W34ACA,GW,43.1397277,-100.7365299,F,NAD83, 2830,  5,NGVD29,10150006
USGS,430823100451001, 37N29W33ADBB,GW,43.1397222,-100.7558333,R,NAD83, 2858, 10,NGVD29,10140203
USGS,430823100454801, 37N29W33BBDD,GW,43.1397222,-100.7633333,R,NAD83, 2870, 10,NGVD29,10140203
USGS,430823100462401, 37N29W32A,GW,43.13972767,-100.7737534,F,NAD83,,,,10140203
USGS,430823100484101, 37N30W36A,GW-TH,43.13972765,-100.8118102,M,NAD83, 2940, 10,NGVD29,10140203
USGS,430824099565501, 96N 77W 15BBBB,GW-TH,43.14,-99.9486111,S,NAD83, 2309,  5,NGVD29,10150006
USGS,430824100522501, 37N30W33ABD,GW,43.13555556,-100.8625,R,NAD83, 2985,10,NGVD29,10140203
USGS,430824100541001, 37N30W32BBDD,GW,43.14,-100.9027778,R,NAD83, 2888, 10,NGVD29,10140203
USGS,430825100025101, 96N 78W 10DDDD,GW-TH,43.14027778,-100.0475,S,NAD83, 2288,  5,NGVD29,10150006
USGS,430825100541001, 37N30W32BCBC,GW,43.13694444,-100.9055556,R,NAD83, 2987, 10,NGVD29,10150004
USGS,430825101025101, 37N32W36ABCA,GW,43.1402827,-101.0479277,S,NAD83, 2834,  1,NGVD29,10140203
USGS,430825101151801,37N33W32BBBB2 (BT-80E),GW,43.142778,-101.255,S,NAD83,2960.0,10.0,NGVD29,101402030305
USGS,430826100534101, 37N30W32ABDA,GW,43.14055556,-100.8947222,R,NAD83, 2975, 10,NGVD29,10140203
USGS,430826100542401, 37N30W32DBDA,GW,43.13416667,-100.8938889,R,NAD83, 2983, 10,NGVD29,10140203
USGS,430826100542402, 37N30W32BBCB2,GW,43.1361111,-100.895,R,NAD83, 2983, 10,NGVD29,10140203
USGS,430827100390201, 37N28W32AADC,GW,43.14083908,-100.6509714,S,NAD83, 2754,  5,NGVD29,10150006
USGS,430827101282101, 37N35W33BB,GW,43.14083387,-101.472927,F,NAD83,,,,10140203
USGS,430828101145601, 37N33W32BABA,GW,43.14222565,-101.2498728,S,NAD83, 2942, 20,NGVD29,10140203
USGS,430828101223801, 37N34W31AA,GW,43.13861299,-101.3762609,S,NAD83, 2990, 20,NGVD29,10140203
USGS,430829100520901, 37N30W33AAAC,GW,43.13916667,-100.8541667,R,NAD83, 2959, 10,NGVD29,10140203
USGS,430829100535201, 37N30W32BADB,GW,43.14138889,-100.8977778,R,NAD83, 2940, 10,NGVD29,10140203
USGS,430829100572501, 37N31W35BBBA,GW,43.14138889,-100.9569444,R,NAD83, 3000, 10,NGVD29,10150004
USGS,430829100572801, 37N31W35BBBD,GW,43.1413942,-100.9582039,F,NAD83, 3005, 10,NGVD29,10150004
USGS,430829100572802, 37N31W35BBBD2,GW,43.1413942,-100.9582039,F,NAD83, 3005, 10,NGVD29,10150004
USGS,430829101294101, 37N35W31AAAA,GW,43.14277797,-101.4945936,F,NAD83, 2998.00, 10,NGVD29,10140203
USGS,430830100184201, 37N25W32BBCB,GW,43.14167265,-100.3120728,S,NAD83, 2436,  1,NGVD29,10150006
USGS,430830100502801, 37N30W35BABD,GW,43.14166667,-100.8411111,R,NAD83, 2925, 10,NGVD29,10140203
USGS,430830100531201, 37N31W36AAA,GW,43.141672,-100.927925,F,NAD83, 3000, 20,NGVD29,10150004
USGS,430831100580301, 37N31W34ABAC,GW,43.14194975,-100.9679264,F,NAD83, 2970, 30,NGVD29,10140203
USGS,430832100535002, 37N30W32ABBB,GW,43.1422222,-100.8972222,R,NAD83, 2975, 10,NGVD29,10140203
USGS,430833099563101, 96N77W10CD,GW,43.14250369,-99.9423406,T,NAD83, 2335, 25,NGVD29,10150006
USGS,430833100402301, 37N28W31AABC,GW,43.14250567,-100.6734722,S,NAD83, 2758,  5,NGVD29,10150006
USGS,430833100540501, 37N30W32BABB,GW,43.1408333,-100.8975,R,NAD83, 3000, 10,NGVD29,10140203
USGS,430833100555601, 37N31W25CDDC,GW-TH,43.1425053,-100.9326475,M,NAD83, 3012, 10,NGVD29,10140203
USGS,430833100555602, 37N31W25CDDC2,GW,43.1425,-100.9322222,R,NAD83, 3012, 10,NGVD29,10140203
USGS,430833100561301, 37N31W25CDDD,GW,43.1425,-100.9369444,R,NAD83, 3012, 10,NGVD29,10140203
USGS,430834100561702, 37N31W25CC2,GW-TH,43.1427831,-100.938481,F,NAD83, 3015, 10,NGVD29,10140203
USGS,430835100495801, 37N30W35ABAA,GW,43.14166667,-100.8336111,R,NAD83, 2948, 10,NGVD29,10140203
USGS,430835100572801, 37N31W26CCD,GW,43.14306086,-100.9582039,F,NAD83, 3003, 20,NGVD29,10140203
USGS,430835101295001,37N35W31AAAA2 (BT-78G),GW,43.142778,-101.494167,S,NAD83,2998.0,15.0,NGVD29,101402030208
USGS,430836100041201, 96N78W 9DDBA,GW,43.1433379,-100.0703994,T,NAD83, 2287, 25,NGVD29,10150006
USGS,430836100464301, 37N29W29CDDD,GW,43.1433333,-100.7786111,R,NAD83, 2870, 10,NGVD29,10140203
USGS,430836100552801, 37N37W30CCC,GW,43.14333866,-100.9248694,F,NAD83, 3000, 20,NGVD29,10140203
USGS,430836100555601, 37N31W25CDDB,GW-TH,43.14333865,-100.9326475,F,NAD83, 3010, 10,NGVD29,10140203
USGS,430836100555602, 37N31W25CDDB2,GW,43.1433333,-100.9322222,R,NAD83, 3010, 10,NGVD29,10140203
USGS,430836100562201, 37N31W25CCC,GW,43.14333865,-100.9398699,F,NAD83, 3009, 20,NGVD29,10140203
USGS,430836100562401, 37N31W25CCCB,GW,43.14333865,-100.9404255,F,NAD83, 3009, 10,NGVD29,10140203
USGS,430836101152201, 37N33W32BBBB,GW,43.14333665,-101.2565394,F,NAD83, 2960.00, 10,NGVD29,10140203
USGS,430837100041301, 96N78W 9DDBA2,GW,43.14361569,-100.0706771,T,NAD83, 2287, 25,NGVD29,10150006
USGS,430837100111501, 96N79W 9DD,GW,43.14361656,-100.1879028,F,NAD83, 2400.00,50,NGVD29,10150006
USGS,430837100464301, 37N29W29CDDD2,GW,43.1436165,-100.7790313,T,NAD83, 2870, 10,NGVD29,10140203
USGS,430837100560601, 37N31W25CDD,GW,43.1436164,-100.9354253,F,NAD83, 3000, 20,NGVD29,10140203
USGS,430837101211901,37N34W29DDDD (BT-83H),GW,43.143056,-101.355278,S,NAD83,2985.0,15.0,NGVD29,101402030303
USGS,430838100460201, 37N29W28CCCC,GW,43.1433333,-100.7686111,R,NAD83, 2877,  5,NGVD29,10140203
USGS,430838100533601, 37N30W29DCCD,GW,43.14388889,-100.8933333,R,NAD83, 2980, 10,NGVD29,10140203
USGS,430838100543901, 37N30W30DDC2,GW,43.14388889,-100.9108333,R,NAD83, 3000, 20,NGVD29,10140203
USGS,430838100560701, 37N31W25C,GW,43.1438942,-100.9357031,M,NAD83, 3010, 10,NGVD29,10140203
USGS,430838100561701, 37N31W25CC,GW,43.1433333,-100.9369444,R,NAD83, 3015,10,NGVD29,10140203
USGS,430838100570901, 37N31W26CD,GW,43.14389419,-100.9529259,T,NAD83, 3022, 20,NGVD29,10140203
USGS,430839100373801,37N28W27CCCC (TD-76I),GW,43.144167,-100.629167,M,NAD83,2805.0,5.0,NGVD29,101500060101
USGS,430839100494101, 37N30W26DDDD,GW,43.14416667,-100.8280556,R,NAD83, 2850, 10,NGVD29,10140203
USGS,430839100534801, 37N30W29DCBD,GW,43.14416667,-100.8966667,R,NAD83, 1940, 10,NGVD29,10140203
USGS,430839100543801, 37N30W30DDC,GW,43.14416667,-100.9105556,R,NAD83, 2990, 10,NGVD29,10140203
USGS,430840099541801, 96N77W12C,GW,43.14444786,-99.9053954,M,NAD83, 2320, 25,NGVD29,10150006
USGS,430840100105701, 96N79W10C,GW,43.14444985,-100.1829027,T,NAD83, 2278, 25,NGVD29,10150006
USGS,430840100375601, 37N28W28DDCD,GW,43.1444502,-100.6326375,S,NAD83, 2801,  5,NGVD29,10150006
USGS,430840100445601,37N29W28DDDD (TD-76D),GW,43.143611,-100.748889,R,NAD83,2858.0,5.0,NGVD29,101500060101
USGS,430840100551901, 37N30W30CDCB,GW,43.14444444,-100.9219444,R,NAD83, 2980., 10,NGVD29,10140203
USGS,430840100553401, 37N30W25DDAC,GW,43.14444444,-100.9261111,R,NAD83, 3000, 10,NGVD29,10140203
USGS,430840100561001, 37N31W25CCAD,GW,43.14527778,-100.9361111,R,NAD83, 3015, 10,NGVD29,10140203
USGS,430840101213601,37N34W28CCCC (BT-77G),GW,43.143056,-101.355556,S,NAD83,2990.0,20.0,NGVD29,101402030303
USGS,430840101213602,37N34W28CCCC2 (BT-83F),GW,43.142778,-101.355,F,NAD83,2990.0,20.0,NGVD29,101402030303
USGS,430840101272401, 37N35W28DADB,GW,43.14722277,-101.4570939,S,NAD83, 2992, 15,NGVD29,10140203
USGS,430841100453601, 37N29W28CDDB,GW,43.1447222,-100.76,R,NAD83, 2865, 10,NGVD29,10140203
USGS,430841100541701, 37N30W29CCDB,GW,43.1436111,-100.905,R,NAD83, 2970,10,NGVD29,10140203
USGS,430841100555401, 37N31W25DDCA,GW,43.1447222,-100.9316667,S,NAD83, 3000, 10,NGVD29,10140203
USGS,430841101080401, 37N32W29CCAD,GW,43.14472646,-101.1348724,S,NAD83, 2892, 10,NGVD29,10140203
USGS,430841101190501, 37N34W27DDBA,GW,43.14472468,-101.3184835,S,NAD83, 2952, 10,NGVD29,10140203
USGS,430842100233101, 37N26W28DDDA,GW,43.14500605,-100.3923526,S,NAD83, 2582,  1,NGVD29,10150006
USGS,430842100411301,37N28W30CCCB (TD-76G),GW,43.144722,-100.688611,T,NAD83,2770.0,5.0,NGVD29,101500060101
USGS,430842100444601, 37N29W27CC,GW,43.1450054,-100.7465302,F,NAD83,,,,10150006
USGS,430842100541801, 37N30W29CCBD,GW,43.14444444,-100.905,R,NAD83, 2980,10,NGVD29,10140203
USGS,430844100285501, 37N27W28CDBD,GW,43.14556169,-100.4823548,S,NAD83, 2632,  1,NGVD29,10150006
USGS,430845100571901, 37N31W26C,GW,43.1458386,-100.9557037,M,NAD83, 3017, 15,NGVD29,10140203
USGS,430845100571902, 37N31W26C2,GW-TH,43.1458386,-100.9557037,M,NAD83, 3017, 15,NGVD29,10140203
USGS,430845100571903, 37N31W26C3,GW,43.1458386,-100.9557037,M,NAD83, 3017, 15,NGVD29,10140203
USGS,430847100351101, 37N28W25CCAC,GW,43.14639478,-100.5868026,S,NAD83, 2754,  1,NGVD29,10150006
USGS,430847100370601, 37N28W27DCBC,GW,43.14639469,-100.6187482,S,NAD83, 2779,  1,NGVD29,10150006
USGS,430847101031201, 37N32W25C,GW,43.1463937,-101.0537609,M,NAD83, 2825, 20,NGVD29,10140203
USGS,430847101101201, 37N33W25CACD,GW,43.1463928,-101.170428,S,NAD83, 2967, 10,NGVD29,10140203
USGS,430848100361301, 37N28W26C,GW-TH,43.1466725,-100.6040254,M,NAD83, 2780, 10,NGVD29,10150006
USGS,430848100382401, 37N28W32AA,GW,43.1466724,-100.6404156,M,NAD83,,,,10150006
USGS,430848100382501, 37N28W28CDAA,GW,43.1466724,-100.6404156,S,NAD83, 2807,  5,NGVD29,10150006
USGS,430848100390001, 37N28W29DDAA,GW,43.14667237,-100.6504159,S,NAD83, 2752,  5,NGVD29,10150006
USGS,430848100473101, 37N29W30D,GW-TH,43.14667205,-100.7931984,M,NAD83, 2905, 10,NGVD29,10140203
USGS,430848100544001, 37N30W30DDBC,GW,43.145,-100.9108333,R,NAD83, 2980, 20,NGVD29,10140203
USGS,430848100551901, 37N30W30C,GW,43.14444444,-100.9272222,R,NAD83, 2995, 30,NGVD29,10140203
USGS,430849100361201, 37N28W26C2,GW,43.14833915,-100.6048588,M,NAD83, 2780, 10,NGVD29,10150006
USGS,430849100404201, 37N28W30,GW-TH,43.14695006,-100.6787502,M,NAD83, 2802, 40,NGVD29,10150006
USGS,430849100421201, 37N29W25C,GW-TH,43.14694999,-100.703751,M,NAD83, 2795, 10,NGVD29,10150006
USGS,430849100424901, 37N29W26DDBB,GW,43.14694996,-100.7140292,S,NAD83, 2786,  5,NGVD29,10150006
USGS,430849100454701, 37N29W28CCAA,GW,43.14694444,-100.7630556,R,NAD83, 2862, 10,NGVD29,10140203
USGS,430850100432401, 37N29W26CCAA,GW,43.1472277,-100.7237517,S,NAD83, 2789,  5,NGVD29,10150006
USGS,430850100440001, 37N29W27DDBB,GW,43.14722767,-100.733752,S,NAD83, 2825,  5,NGVD29,10150006
USGS,430850100443601, 37N29W27CCAA,GW,43.14722764,-100.7437524,S,NAD83, 2835,  5,NGVD29,10150006
USGS,430850100451201, 37N29W28DBDD,GW,43.14694444,-100.7536111,R,NAD83, 2862, 10,NGVD29,10150006
USGS,430850100551201, 37N30W30CACD,GW,43.14638889,-100.92,R,NAD83, 2958, 10,NGVD29,10140203
USGS,430851100143401, 37N25W26DBCC,GW,43.1475058,-100.2431822,S,NAD83, 2357,  1,NGVD29,10150006
USGS,430851100210801, 37N26W26DADD,GW,43.14750599,-100.3526294,S,NAD83, 2576,  1,NGVD29,10150006
USGS,430851100530101, 37N30W28CBDC,GW,43.14694444,-100.8836111,R,NAD83, 2977,  1,NGVD29,10140203
USGS,430851101095301, 37N33W25DCDC,GW,43.1430596,-101.1645947,F,NAD83, 2955,10,NGVD29,10140203
USGS,430852100361603, 37N28W26C3,GW,43.1477836,-100.6048588,M,NAD83, 2780,  5,NGVD29,10150006
USGS,430852100435001, 37N29W27DACD,GW,43.14722768,-100.7304186,F,NAD83, 2825, 10,NGVD29,10150006
USGS,430852100530201, 37N30W28CBDD,GW,43.14777778,-100.8838889,R,NAD83, 2977, 10,NGVD29,10140203
USGS,430853100132001, 37N25W25DBBC,GW,43.1480612,-100.222626,S,NAD83, 2329,  1,NGVD29,10150006
USGS,430853100163501, 37N25W33ADBA,GW,43.14806148,-100.2767942,S,NAD83, 2438,  1,NGVD29,10150006
USGS,430853100405501, 37N28W30CACA,GW,43.14806115,-100.6823614,S,NAD83, 2768,  5,NGVD29,10150006
USGS,430854100190601, 37N25W28DACB,GW,43.14833929,-100.3187397,S,NAD83, 2406,  1,NGVD29,10150006
USGS,430855099510801, 96N 76W  8AD,GW,43.1486111,-99.8522222,S,NAD83, 2291,  5,NGVD29,10150006
USGS,430855100453801, 37N29W28CA,GW-TH,43.1486165,-100.7609752,M,NAD83, 2872, 20,NGVD29,10140203
USGS,430855100541501, 37N30W29CBBD,GW,43.14888889,-100.9058333,R,NAD83, 2980,10,NGVD29,10140203
USGS,430856099555001, 96N77W10AD,GW,43.1488924,-99.9309515,F,NAD83, 2350.00,50,NGVD29,10150006
USGS,430856099570401, 96N 77W  9DC,GW,43.14888889,-99.9511111,S,NAD83, 2354,  5,NGVD29,10150006
USGS,430856100364301, 37N29W29CAAD,GW,43.14888889,-100.7786111,R,NAD83, 2838, 10,NGVD29,10140203
USGS,430857100362601, 37N28W26CB,GW,43.1477836,-100.6048588,M,NAD83, 2780,  5,NGVD29,10150006
USGS,430857100445101, 37N29W27CBBC,GW,43.1494498,-100.7484748,F,NAD83, 2853,  5,NGVD29,10150006
USGS,430858100202301, 37N26W25DBBD,GW,43.1494504,-100.340129,S,NAD83, 2565,  1,NGVD29,10150006
USGS,430858100445302, 37N29W27CBBC2,GW,43.1494498,-100.7484748,F,NAD83, 2853,  5,NGVD29,10150006
USGS,430858100445503, 37N29W27CBBC3,GW,43.1494498,-100.7484748,F,NAD83, 2850,  5,NGVD29,10150006
USGS,430858101065001, 37N32W28CAAA,GW,43.14944875,-101.1143167,S,NAD83, 2853, 10,NGVD29,10140203
USGS,430900100330201, 37N27W30DAA,GW,43.15000597,-100.5509681,T,NAD83, 2733, 40,NGVD29,10150006
USGS,430900100541101, 37N31W25DACC,GW,43.14555556,-100.9402778,R,NAD83, 2980, 10,NGVD29,10140203
USGS,430901100513001, 37N30W27CAAA,GW,43.1511111,-100.85,R,NAD83, 2880, 10,NGVD29,10140203
USGS,430901100513101, 37N30W28DABB,GW,43.15027778,-100.8586111,R,NAD83, 2860, 10,NGVD29,10140203
USGS,430902100081501,102N78W11CB,GW,43.15056058,-100.1379013,T,NAD83, 1938.00, 10,NGVD29,10150006
USGS,430902100125901, 37N25W25ADCD,GW,43.15056119,-100.2167925,F,NAD83, 2305,  5,NGVD29,10150006
USGS,430902100404401, 37N28W302,GW,43.1505611,-100.6793058,M,NAD83, 2805,111,NGVD29,10150006
USGS,430902100550001, 37N30W30CDBA,GW,43.14666667,-100.92,R,NAD83, 2980,10,NGVD29,10140203
USGS,430903100130101, 37N25W25ADC,GW,43.15083897,-100.217348,T,NAD83, 2304, 10,NGVD29,10150006
USGS,430905100395201, 37N28W29BCDD,GW,43.1513945,-100.6648608,S,NAD83, 2755,5,NGVD29,10150006
USGS,430906101264801, 37N35W27ACC,GW,43.15166725,-101.4434829,S,NAD83, 2975, 15,NGVD29,10140203
USGS,430907100401001, 37N28W30ADDA,GW,43.15195004,-100.669861,F,NAD83, 2757,  5,NGVD29,10150006
USGS,430907101073801, 37N32W29ACB,GW,43.15194859,-101.12765,F,NAD83, 2910,10,NGVD29,10140203
USGS,430908100175801, 37N25W29ACDD,GW,43.15222815,-100.2998503,F,NAD83, 2374,  5,NGVD29,10150006
USGS,430908100175802, 37N25W29ACDD2,GW,43.15222815,-100.2998503,F,NAD83, 2374,  5,NGVD29,10150006
USGS,430908100375501, 37N28W21DDAC,GW,43.1522279,-100.6323598,S,NAD83, 2784,  5,NGVD29,10150006
USGS,430909100333501, 37N27W30BDDA,GW,43.1525059,-100.5601351,S,NAD83, 2722,  1,NGVD29,10150006
USGS,430909100444501, 37N29W27BC,GW,43.15250537,-100.7462525,T,NAD83, 2797,  5,NGVD29,10150006
USGS,430909100452701, 37N29W28ACBC,GW,43.15138889,-100.7580556,R,NAD83, 2880, 10,NGVD29,10140203
USGS,430910100454701, 37N29W28BDBC,GW,43.15277778,-100.7625,R,NAD83, 2840,  5,NGVD29,10140203
USGS,430910100490201, 37N30W25ACBC,GW,43.15305556,-100.8177778,R,NAD83, 2899, 10,NGVD29,10140203
USGS,430910101202401, 37N34W28AAC,GW,43.1527797,-101.3404278,T,NAD83, 2962, 25,NGVD29,10140203
USGS,430910101283001, 37N35W20C,GW,43.16055525,-101.4895939,M,NAD83, 3002.00, 15,NGVD29,10140203
USGS,430911100435001, 37N29W27ADAC,GW,43.15306097,-100.7309742,S,NAD83, 2805,  5,NGVD29,10150006
USGS,430911100571901, 37N31W26B,GW,43.15306077,-100.9557037,M,NAD83, 3025, 10,NGVD29,10140203
USGS,430912100415501, 37N29W24,GW,43.1533388,-100.6990287,M,NAD83, 2827, 25,NGVD29,10150006
USGS,430912100542301, 37N30W29BCBB,GW,43.1533333,-100.9063889,R,NAD83, 2997, 10,NGVD29,10140203
USGS,430913100454501, 37N29W28BDBB,GW,43.155,-100.7636111,R,NAD83, 2843, 10,NGVD29,10140203
USGS,430914100455201, 37N29W28BCAB,GW,43.15388889,-100.7644444,R,NAD83, 2848, 10,NGVD29,10140203
USGS,430914100492501, 37N30W25BCAA,GW,43.15388889,-100.8236111,R,NAD83, 3000, 10,NGVD29,10140203
USGS,430914100501601, 37N30W26BDAA,GW,43.1522222,-100.8383333,R,NAD83, 2923, 10,NGVD29,10140203
USGS,430914101134001, 37N33W28BAAA,GW,43.15389215,-101.228206,T,NAD83, 2961, 25,NGVD29,10140203
USGS,430914101250901, 37N35W26BAA,GW,43.1569451,-101.4254274,F,NAD83, 2970, 15,NGVD29,10140203
USGS,430915100141701, 37N25W26AACC,GW,43.15417245,-100.2384598,S,NAD83, 2335,  5,NGVD29,10150006
USGS,430915100222401, 37N26W27ADAB,GW,43.15417264,-100.373741,S,NAD83, 2602,  1,NGVD29,10150006
USGS,430915100383601, 37N28W28B,GW-TH,43.1541723,-100.643749,M,NAD83, 2755,  5,NGVD29,10150006
USGS,430915100421401, 37N29W25BBDD,GW,43.15417215,-100.7043066,S,NAD83, 2799,  5,NGVD29,10150006
USGS,430915100432301, 37N29W26B,GW-TH,43.15417209,-100.7234739,T,NAD83, 2803, 25,NGVD29,10150006
USGS,430915100451201, 37N29W28AACC,GW,43.15416667,-100.7525,R,NAD83, 2856, 10,NGVD29,10140203
USGS,430915100570401, 37N31W26BBC,GW,43.15417187,-100.9515368,F,NAD83, 3000, 20,NGVD29,10140203
USGS,430916100404501, 37N28W30BDAA,GW,43.15444999,-100.6795836,T,NAD83, 2819, 10,NGVD29,10150006
USGS,430916100424901, 37N29W26AACC,GW,43.15444989,-100.7140292,S,NAD83, 2808,  5,NGVD29,10150006
USGS,430916100432501, 37N29W26BBDD,GW,43.15444986,-100.7240295,S,NAD83, 2799,  5,NGVD29,10150006
USGS,430916100443601, 37N29W27BBDD,GW,43.1544498,-100.7437524,S,NAD83, 2868,  5,NGVD29,10150006
USGS,430916101295501, 37N35W30A,GW,43.1544442,-101.4990382,M,NAD83, 2985, 15,NGVD29,10140203
USGS,430918100365301, 37N28W27ABDD,GW,43.1550057,-100.615137,S,NAD83, 2790,  1,NGVD29,10150006
USGS,430918100391501, 37N28W29AACC,GW,43.1550056,-100.6545827,T,NAD83, 2733, 10,NGVD29,10150006
USGS,430918101145601, 37N33W29BA,GW,43.155,-101.2488889,F,NAD83,,,,10140203
USGS,430919099521501, 96N76W 6DDDD,GW,43.1552808,-99.871228,T,NAD83, 2309, 10,NGVD29,10150006
USGS,430920100001201, 96N77W 6CC,GW,43.15555949,-100.0037308,T,NAD83, 2310.00,20,NGVD29,10150006
USGS,430920100100001, 96N 79W  3DDDD,GW-TH,43.15555556,-100.1666667,S,NAD83, 2300,  5,NGVD29,10150006
USGS,430920100100011, 96N 79W  3DDDD 1,GW,43.15555556,-100.1666667,S,NAD83, 2300,  5,NGVD29,10150006
USGS,430920100213001, 37N26W26ABD,GW,43.1555615,-100.3587407,T,NAD83, 2565, 10,NGVD29,10150006
USGS,430920100444801, 37N29W27BBCA,GW,43.1555609,-100.7470858,F,NAD83, 2877,  5,NGVD29,10150006
USGS,430920100581201, 37N31W22ABCD2,GW,43.1680606,-100.9682039,M,NAD83, 2943, 10,NGVD29,10140203
USGS,430920101190401, 37N34W27AA,GW,43.15555768,-101.3182057,T,NAD83, 2953, 30,NGVD29,10140203
USGS,430921099482801, 96N 76W  2CC,GW,43.1558333,-99.8077778,S,NAD83, 2308,  5,NGVD29,10150006
USGS,430922100410301, 37N28W30BBAA,GW-TH,43.1561166,-100.6845838,S,NAD83, 2818, 58,NGVD29,10150006
USGS,430922100410302, 37N28W30BBAA2,GW,43.1561166,-100.6845838,S,NAD83, 2818,  5,NGVD29,10150006
USGS,430923100035301, 96N 78W  3CC,GW,43.15638889,-100.0647222,S,NAD83, 2314,  5,NGVD29,10150006
USGS,430923100372701, 37N28W27BABC,GW,43.15639459,-100.6245817,S,NAD83, 2782,  1,NGVD29,10150006
USGS,430924100460601,37N29W29AAAA (TD-76B),GW,43.1575,-100.769167,R,NAD83,2868.0,10.0,NGVD29,101402030405
USGS,430924101104201, 37N33W26AAAA,GW-TH,43.15667028,-101.1787613,S,NAD83, 2953, 10,NGVD29,10140203
USGS,430925100172901, 37N25W28BBB,GW,43.1569503,-100.2917945,T,NAD83, 2377,  5,NGVD29,10150006
USGS,430925100251701, 37N26W20CAAA3,GW,43.1569504,-100.4217978,S,NAD83, 2559,  5,NGVD29,10150006
USGS,430925101272001,37N35W28AAAA (BT-78H),GW,43.157222,-101.454722,S,NAD83,2989.0,15.0,NGVD29,101402030302
USGS,430926100052501, 96N78W 5DDB,GW,43.1572268,-100.0906777,T,NAD83, 2329, 25,NGVD29,10150006
USGS,430926100251701, 37N26W29BAAD,GW,43.1572282,-100.4217978,S,NAD83, 2605,  1,NGVD29,10150006
USGS,430926100290301, 37N27W26BAB,GW,43.15722827,-100.4845772,T,NAD83, 2564, 10,NGVD29,10150006
USGS,430926100505201, 37N30W27AAAB,GW,43.1572222,-100.8477778,R,NAD83, 2750, 10,NGVD29,10140203
USGS,430926101271801, 37N35W21DDDD2,GW,43.15722247,-101.4554273,F,NAD83, 2989, 15,NGVD29,10140203
USGS,430927100360801, 37N28W26BABA,GW,43.15750575,-100.6026366,S,NAD83, 2768,  1,NGVD29,10150006
USGS,430927100543401, 37N30W19DDDC,GW,43.15777778,-100.9088889,R,NAD83, 3000,10,NGVD29,10140203
USGS,430928100543202, 37N30W19DDDC2,GW-TH,43.15778298,-100.9093132,F,NAD83, 3000, 10,NGVD29,10140203
USGS,430928101271601, 37N35W21DDDD,GW,43.157778,-101.4548718,S,NAD83, 2988, 10,NGVD29,10140203
USGS,430929101104202, 37N33W26AAAA2,GW,43.1580591,-101.1787613,S,NAD83, 2953, 10,NGVD29,10140203
USGS,430929101104203, 37N33W26AAAA3,GW,43.1580591,-101.1787613,S,NAD83, 2953, 10,NGVD29,10140203
USGS,430930100543301, 37W30W19DDD,GW,43.1583385,-100.909591,F,NAD83, 2992, 20,NGVD29,10140203
USGS,430930101090401, 37N32W19CDCA,GW,43.1583371,-101.151539,S,NAD83, 2958, 10,NGVD29,10140203
USGS,430931100251801, 37N26W20CDD,GW,43.1586171,-100.4220756,T,NAD83, 2605, 10,NGVD29,10150006
USGS,430932100195201, 37N25W19CCCC,GW,43.1588948,-100.3315178,S,NAD83, 2488,  1,NGVD29,10150006
USGS,430932100211701, 37N26W23DDCD,GW,43.1588948,-100.3551295,S,NAD83, 2538,  1,NGVD29,10150006
USGS,430932100262401, 37N26W19DCC,GW,43.15889489,-100.4404094,T,NAD83, 2655, 50,NGVD29,10150006
USGS,430932100390001,37N28W21CCCC (TD-76H),GW,43.158333,-100.649444,T,NAD83,2772.0,25.0,NGVD29,101500060101
USGS,430932100424901, 37N29W23DACC,GW,43.1588943,-100.7140292,S,NAD83, 2840,  5,NGVD29,10150006
USGS,430932101275501, 37N35W21CD,GW,43.15888895,-101.465705,M,NAD83, 2992,111,NGVD29,10140203
USGS,430933100415401, 37N29W24CDD,GW,43.1591721,-100.6987509,M,NAD83, 2820, 20,NGVD29,10150006
USGS,430933100540701, 37N30W20CADA,GW,43.15916667,-100.905,R,NAD83, 2960, 40,NGVD29,10140203
USGS,430934100445701, 37N29W21DDDA,GW,43.15944444,-100.7491667,R,NAD83, 2880,  5,NGVD29,10140203
USGS,430936101034301, 37N32W23DDBA,GW,43.16000456,-101.0623719,S,NAD83, 2950, 10,NGVD29,10140203
USGS,430937099505301, 96N76W 4CB,GW,43.1602806,-99.8484499,T,NAD83, 2298, 25,NGVD29,10150006
USGS,430937100445801, 37N29W21DDAD,GW,43.16,-100.7494444,R,NAD83, 2880,  5,NGVD29,10140203
USGS,430937101194901, 37N34W22CCA,GW,43.1602796,-101.3307057,T,NAD83, 2949, 25,NGVD29,10140203
USGS,430937101225801, 37N35W30AB,GW,43.1602789,-101.3832054,M,NAD83, 2979,111,NGVD29,10140203
USGS,430938100273701, 37N27W24DCB,GW,43.1608393,-100.4601322,T,NAD83, 2595, 25,NGVD29,10150006
USGS,430938101281001, 37N35W21CBAD,GW,43.1622221,-101.4715384,S,NAD83, 2995, 15,NGVD29,10140203
USGS,430938101284501, 37N35W20D,GW,43.16055538,-101.4795939,T,NAD83, 2985, 25,NGVD29,10140203
USGS,430938101295401, 37N35W19DDDD,GW,43.1605551,-101.4987605,S,NAD83, 3018, 20,NGVD29,10140203
USGS,430938101295402, 37N35W19D2,GW,43.1605551,-101.4987605,M,NAD83, 2995, 20,NGVD29,10140203
USGS,430940100340501, 37N28W24DDAA,GW,43.1611169,-100.5684688,S,NAD83, 2559,  1,NGVD29,10150006
USGS,430940100364101, 37N28W22C,GW-TH,43.1616723,-100.6251374,M,NAD83, 2740, 10,NGVD29,10150006
USGS,430940100373201, 37N28W22CABB2,GW,43.1652834,-100.6251374,S,NAD83, 2732,  1,NGVD29,10150006
USGS,430940100373202, 37N28W22CABB,GW,43.16111676,-100.6259707,S,NAD83, 2732,  1,NGVD29,10150006
USGS,430941100394701, 37N28W20C,GW-TH,43.1616722,-100.6648609,T,NAD83, 2750, 10,NGVD29,10150006
USGS,430942100384401, 37N28W21CCAA,GW,43.16167226,-100.6459714,S,NAD83, 2752,  5,NGVD29,10150006
USGS,430943100182201, 37N25W20CACC,GW,43.1619503,-100.3065171,S,NAD83, 2439,  1,NGVD29,10150006
USGS,430943100572801, 37N31W23CB,GW,43.16194957,-100.9582036,F,NAD83, 3000, 10,NGVD29,10140203
USGS,430943101192301, 37N34W22DBB,GW,43.1619463,-101.3234835,T,NAD83, 2965, 25,NGVD29,10140203
USGS,430944101140301, 37N33W21CB,GW,43.1622252,-101.2345948,M,NAD83, 2985,111,NGVD29,10140203
USGS,430945100421301, 37N29W24CACB,GW,43.1625054,-100.7040289,S,NAD83, 2839,  5,NGVD29,10150006
USGS,430945101100401, 37N33W24CAAD,GW,43.16250357,-101.1682057,S,NAD83, 2990,  1,NGVD29,10140203
USGS,430945101143901, 37N33W10DB,GW,43.16250287,-101.2445949,T,NAD83, 2960, 20,NGVD29,10140203
USGS,430946100180501, 37N25W20DBC,GW,43.16278366,-100.3017948,M,NAD83, 2410, 10,NGVD29,10150006
USGS,430947100550201, 37N30W19CAAD,GW,43.1625,-100.9177778,R,NAD83, 2998,  1,NGVD29,10140203
USGS,430947101274801, 37N35W21DBB,GW,43.1630555,-101.4637607,T,NAD83, 2992, 25,NGVD29,10140203
USGS,430948099533601, 96N77W 1CD,GW,43.16333645,-99.8937286,M,NAD83, 2300.00,25,NGVD29,10150006
USGS,430948100573401, 37N31W23CAC,GW,43.16111625,-100.9540369,T,NAD83, 2965,10,NGVD29,10140203
USGS,430949100252301, 37N26W20CAAA (3),GW,43.16472817,-100.4217979,F,NAD83, 2559,  5,NGVD29,10150006
USGS,430949100575901, 37N31W22DBA,GW,43.1636162,-100.966815,F,NAD83, 2820, 20,NGVD29,10140203
USGS,430949101292701,37N35W20CBBA (BT-76D),GW,43.163611,-101.490833,S,NAD83,2995.0,10.0,NGVD29,101402030209
USGS,430950100150301, 37N25W23CBBD,GW,43.1638947,-100.2512379,F,NAD83, 2305,  5,NGVD29,10150006
USGS,430950100150302, 37N25W23CBB,GW,43.1638947,-100.2512379,F,NAD83, 2305,  5,NGVD29,10150006
USGS,430950100543801, 37N30W19ACAD,GW,43.16388889,-100.9105556,R,NAD83, 2992., 10,NGVD29,10140203
USGS,430950101142601, 37N33W20D,GW,43.16083628,-101.241817,M,NAD83, 2970.00, 40,NGVD29,10140203
USGS,430950101275401, 37N35W17DDDC,GW,43.17166619,-101.4762607,T,NAD83, 2989.00, 15,NGVD29,10140203
USGS,430951101133901, 37N33W21DBD,GW,43.16139198,-101.2237614,T,NAD83, 2980.00, 20,NGVD29,10140203
USGS,430952099563801, 96N77W 3B,GW,43.16444788,-99.9442851,T,NAD83, 2375, 25,NGVD29,10150006
USGS,430952099590201, 96N77W 5BB,GW,43.1644481,-99.984286,F,NAD83, 2300.00,50,NGVD29,10150006
USGS,430952100242001, 37N26W21CABC,GW,43.16445038,-100.4059641,S,NAD83, 2565,  1,NGVD29,10150006
USGS,430952100251701, 37N26W20CAA,GW,43.16445039,-100.4217979,T,NAD83, 2560, 10,NGVD29,10150006
USGS,430952100251702, 37N26W20CAA2,GW,43.16445039,-100.4217979,T,NAD83, 2570, 10,NGVD29,10150006
USGS,430952100433901, 37N29W23CBB,GW,43.16444977,-100.7279186,T,NAD83, 2853,  5,NGVD29,10150006
USGS,430952100493401, 37N30W24CBBA,GW,43.1647222,-100.8258333,R,NAD83, 2851,  1,NGVD29,10140203
USGS,430952100524301, 37N30W21BDDD,GW,43.16444444,-100.8786111,R,NAD83, 2900, 10,NGVD29,10140203
USGS,430952100550201, 37N30W19DDDA,GW,43.15777778,-100.9091667,R,NAD83, 2996, 10,NGVD29,10140203
USGS,430952101001601, 37N31W20ADB,GW,43.16444947,-101.0048716,F,NAD83, 2560, 20,NGVD29,10140203
USGS,430952101122201, 37N33W22B,GW,43.1644476,-101.2065391,M,NAD83, 3000, 20,NGVD29,10140203
USGS,430953100200001, 37N26W24DAA,GW,43.1647281,-100.33374,T,NAD83, 2451, 10,NGVD29,10150006
USGS,430953100251702, 37N26W20CAAA2,GW,43.16472817,-100.4217979,F,NAD83, 2559,  5,NGVD29,10150006
USGS,430953100252901, 37N26W20CAB,GW,43.16472817,-100.4251313,T,NAD83, 2592, 50,NGVD29,10150006
USGS,430953100550001, 37N30W19DDAC,GW,43.15944444,-100.9094444,R,NAD83, 2995,10,NGVD29,10140203
USGS,430954100543701, 37N30W19ADC,GW,43.1650051,-100.9107021,F,NAD83, 2991, 20,NGVD29,10140203
USGS,430954101104301, 37N33W23ADD,GW,43.1650034,-101.179039,T,NAD83, 2990, 10,NGVD29,10140203
USGS,430955100402401, 37N28W19ADCC,GW,43.16528325,-100.6737501,T,NAD83, 2758, 25,NGVD29,10150006
USGS,430955100403101, 37N28W19AC,GW,43.16528325,-100.6756946,F,NAD83,,,,10150006
USGS,430955101233501, 37N34W19BCCB,GW,43.1658341,-101.394872,S,NAD83, 3001.00, 10,NGVD29,10140203
USGS,430956100402901, 37N28W19ACDD,GW,43.165561,-100.675139,S,NAD83, 2800,  5,NGVD29,10150006
USGS,430956100464201, 37N29W20BDDD,GW,43.16555556,-100.7786111,R,NAD83, 2885, 10,NGVD29,10140203
USGS,430957099564001, 96N77W 2DD,GW,43.16583675,-99.9448407,T,NAD83, 2325, 25,NGVD29,10150006
USGS,430957099585901, 96N78W 5B,GW,43.165837,-99.9834526,T,NAD83, 2339, 25,NGVD29,10150006
USGS,430957100045901, 96N78W 4B,GW,43.1658378,-100.0834553,T,NAD83, 2315, 25,NGVD29,10150006
USGS,430957101121801, 37N33W22AC,GW,43.16583648,-101.205428,F,NAD83,,,,10140203
USGS,430958100384001, 37N28W21BCDD,GW,43.16611667,-100.6448603,S,NAD83, 2742,  5,NGVD29,10150006
USGS,430958101104701, 37N33W23ADCA,GW,43.16611448,-101.1801501,F,NAD83, 3008,  5,NGVD29,10140202
USGS,430959100333101, 37N27W19ACCC,GW,43.1663947,-100.559024,S,NAD83, 2623,  1,NGVD29,10150006
USGS,430959100444001,37N29W22CCCC (TD-80C),GW,43.158056,-100.748056,F,NAD83,2882.0,5.0,NGVD29,101500060101
USGS,431000099503301, 96N 76W  4BA,GW,43.16666667,-99.8425,S,NAD83, 2310,  5,NGVD29,10150006
USGS,431000099510801, 96N 76W  5AA,GW,43.16666667,-99.8522222,S,NAD83, 2310,  5,NGVD29,10150006
USGS,431000100100001,101N78W33CCCD,GW,43.1666718,-100.1670688,F,NAD83, 1949.00,50,NGVD29,10150006
USGS,431000100252101, 37N26W20BDDB,GW,43.1666726,-100.422909,S,NAD83, 2550, 25,NGVD29,10150006
USGS,431000100325101, 37N27W20BCD,GW,43.1666725,-100.5479126,F,NAD83, 2620.00,  5,NGVD29,10150006
USGS,431000100464101, 37N29W20ACCB,GW,43.1661111,-100.7788889,R,NAD83, 2856, 10,NGVD29,10140203
USGS,431001100375301, 37N28W21ADBC,GW,43.16695,-100.6318043,S,NAD83, 2732,  5,NGVD29,10150006
USGS,431001100451201, 37N29W21AC/D,GW,43.16694444,-100.7533333,F,NAD83,,,,10150006
USGS,431002101194901, 37N34W22BBD,GW,43.1672238,-101.3307057,T,NAD83, 2969, 25,NGVD29,10140203
USGS,431002101195001, 37N34W22BBD2,GW,43.1672238,-101.3309834,T,NAD83, 2969, 25,NGVD29,10140203
USGS,431002101205901, 37N34W21BBD,GW,43.16722357,-101.35015,T,NAD83, 2956, 15,NGVD29,10140203
USGS,431002101210001, 37N34W21BBD2,GW,43.16722357,-101.3504278,T,NAD83, 2956, 25,NGVD29,10140203
USGS,431002101254501, 37N35W23BBD,GW,43.1672225,-101.4295942,T,NAD83, 2969, 25,NGVD29,10140203
USGS,431003100183201, 37N25W19ADBC,GW,43.16750586,-100.309295,S,NAD83, 2438,  1,NGVD29,10150006
USGS,431003100542201, 37N30W20BBCD,GW,43.1675,-100.9061111,R,NAD83, 2850, 10,NGVD29,10140203
USGS,431003101091101, 37N32W19B,GW,43.16750359,-101.1534833,M,NAD83, 3038, 60,NGVD29,10140203
USGS,431004100580701, 37N31W22ABCD,GW,43.1677828,-100.9690372,S,NAD83, 2921, 10,NGVD29,10140203
USGS,431005100140001, 37N25W24BCBB,GW,43.16806125,-100.2337374,S,NAD83, 2291,  3,NGVD29,10150006
USGS,431005100140002, 37N25W24BCBB2,GW,43.16806125,-100.2337374,S,NAD83, 2291,  5,NGVD29,10150006
USGS,431005100140003, 37N25W24BCBB3,GW,43.16806125,-100.2337374,S,NAD83, 2291,  5,NGVD29,10150006
USGS,431005100484401, 37N30W24ABDC,GW,43.1658333,-100.8211111,R,NAD83, 2882, 10,NGVD29,10140203
USGS,431005100540501, 37N30W20BACC,GW,43.16805556,-100.9013889,R,NAD83, 2850, 10,NGVD29,10140203
USGS,431005100580402, 37N31W22ABCD3,GW,43.1680606,-100.9682039,T,NAD83, 2943, 10,NGVD29,10140203
USGS,431005101180801, 37N34W11C,GW,43.1897234,-101.3112613,T,NAD83, 3002.00, 45,NGVD29,10140203
USGS,431005101243501, 37N35W24B,GW,43.16805607,-101.4101498,M,NAD83, 2995, 45,NGVD29,10140203
USGS,431006100425001, 37N29W23ADBB,GW,43.1688942,-100.7140292,S,NAD83, 2839,  5,NGVD29,10150006
USGS,431007101250601, 37N35W23A,GW,43.1686115,-101.4187609,T,NAD83, 2978, 25,NGVD29,10140203
USGS,431008099521001, 96N 76W  5BBBB,GW-TH,43.16888889,-99.8694444,S,NAD83, 2306,  5,NGVD29,10150006
USGS,431008099543301, 96N 77W  1BBBB,GW-TH,43.16888889,-99.9091667,S,NAD83, 2317,  5,NGVD29,10150006
USGS,431008099580401, 96N 77W  4BBBB,GW,43.16888889,-99.9677778,S,NAD83, 2375,  5,NGVD29,10150006
USGS,431008100423401, 37N29W23AADD,GW,43.1688942,-100.7098624,S,NAD83, 2864,  5,NGVD29,10150006
USGS,431008100432501, 37N29W23B,GW,43.16889418,-100.7240296,M,NAD83, 2865,111,NGVD29,10150006
USGS,431008100443701, 37N29W22BBDD,GW,43.1686111,-100.7438889,R,NAD83, 2861,  5,NGVD29,10150006
USGS,431008100451201, 37N29W21ADBB,GW,43.16888889,-100.7533333,R,NAD83, 2881, 10,NGVD29,10150006
USGS,431008101145501, 37N33W20BA,GW,43.1697248,-101.2495948,T,NAD83, 2980, 20,NGVD29,10140203
USGS,431009099534101, 97N 75W 35CCCC,GW-TH,43.16916667,-99.8947222,S,NAD83, 2298,  5,NGVD29,10150006
USGS,431009101274101, 37N35W21ABB,GW,43.16916646,-101.4618163,T,NAD83, 3002, 15,NGVD29,10140203
USGS,431010100362001, 35N28W10CCBC,GW,43.02388889,-100.6077778,R,NAD83, 2750,  5,NGVD29,10150006
USGS,431010101211801,37N34W20AAAA (BT-79A),GW,43.171389,-101.356111,S,NAD83,2959.0,10.0,NGVD29,101402030303
USGS,431011100440501, 37N29W22ABAD,GW,43.1708333,-100.735,R,NAD83, 2832,  5,NGVD29,10150006
USGS,431011100595701, 37N31W21B,GW,43.1697272,-100.9995937,M,NAD83, 2565, 20,NGVD29,10140203
USGS,431013100391501, 37N28W20AACB,GW,43.17028327,-100.6545828,S,NAD83, 2733,  5,NGVD29,10150006
USGS,431013100514001, 37N30W22CAAA,GW,43.17027778,-100.8611111,R,NAD83, 2820, 10,NGVD29,10140203
USGS,431013100544701, 37N30W19ABBB,GW,43.17027778,-100.9130556,R,NAD83, 2950, 10,NGVD29,10140203
USGS,431015103435701, 37N29W15ADCC,GW,43.1797274,-100.7337521,S,NAD83, 2861,5,NGVD29,10150006
USGS,431016099564601, 97N 77W 34CC,GW,43.1711111,-99.9461111,S,NAD83, 2394,  5,NGVD29,10150006
USGS,431016100480201, 35N30W12C,GW-TH,43.01778429,-100.802921,T,NAD83, 2905, 20,NGVD29,10150004
USGS,431016101104301, 37N33W23AAAB,GW,43.17111437,-101.179039,S,NAD83, 2982, 10,NGVD29,10140203
USGS,431018100021901, 97N78W35CD,GW,43.1716707,-100.0390096,F,NAD83, 2320.00,50,NGVD29,10150006
USGS,431018100414101, 37N29W24AABB,GW,43.171672,-100.6951397,S,NAD83, 2817,  5,NGVD29,10150006
USGS,431018100512401, 37N30W22DDBA,GW,43.17166667,-100.8566667,R,NAD83, 2800, 10,NGVD29,10140203
USGS,431018101132301, 37N33W16DCDC,GW,43.17166948,-101.2234836,S,NAD83, 3023, 10,NGVD29,10140203
USGS,431018101152001,37N33W17CCCC (BT-76C),GW,43.171667,-101.255556,T,NAD83,2998.0,15.0,NGVD29,101402030305
USGS,431018101163201, 37N33W18CCCC,GW-TH,43.17166887,-101.2759836,F,NAD83, 2999, 20,NGVD29,10140203
USGS,431018101212001,37N34W17DDDD (BT-78J),GW,43.171667,-101.353333,T,NAD83,2956.0,8.0,NGVD29,101402030303
USGS,431019100200001, 37N26W24AAA,GW,43.1719503,-100.33374,T,NAD83, 2471, 10,NGVD29,10150006
USGS,431019100274201, 37N27W24BAAA,GW,43.17195036,-100.4620767,S,NAD83, 2550,  1,NGVD29,10150006
USGS,431019100453201, 37N29W21BAAA,GW,43.1711111,-100.7605556,R,NAD83, 2885, 10,NGVD29,10140203
USGS,431019100475201, 37N29W19ABBB,GW,43.17027778,-100.7977778,R,NAD83, 2836, 10,NGVD29,10140203
USGS,431020100242801, 37N26W21BBAB,GW,43.1722281,-100.4081864,S,NAD83, 2541,  1,NGVD29,10150006
USGS,431020100243501,37N26W16CCBB (TD-79A),GW,43.172222,-100.409722,F,NAD83,2530.0,5.0,NGVD29,101500060205
USGS,431020101130001, 37N33W15CCCB,GW,43.17222508,-101.2170947,S,NAD83, 3015,  1,NGVD29,10140203
USGS,431020101140901, 37N33W16CC,GW,43.17222489,-101.2362614,T,NAD83, 3000, 20,NGVD29,10140203
USGS,431021100354701, 37N28W23ABAA,GW,43.17250565,-100.5968032,S,NAD83, 2760,  1,NGVD29,10150006
USGS,431021100384701, 37N28W16CCDD,GW,43.1733388,-100.6462492,F,NAD83, 2744,  5,NGVD29,10150006
USGS,431021100542401, 37N30W17CCCC,GW,43.17277778,-100.9072222,R,NAD83, 2995, 10,NGVD29,10140203
USGS,431021101094201, 37N33W13DDCB,GW,43.1725034,-101.1620944,M,NAD83, 3054, 20,NGVD29,10140203
USGS,431021101152601, 37N33W17CCCC2,GW,43.1725024,-101.2576503,S,NAD83, 2998, 10,NGVD29,10140203
USGS,431021101293601, 37N35W17CCCC,GW,43.17249926,-101.4937607,T,NAD83, 2985, 30,NGVD29,10140203
USGS,431022100242001, 37N26W22CADC,GW,43.1625059,-100.3845747,S,NAD83, 2595,  1,NGVD29,10150006
USGS,431022100542301, 37N30W17CCCB,GW,43.17194444,-100.9069444,R,NAD83, 2995,10,NGVD29,10140203
USGS,431022101131701, 37N33W16D,GW-TH,43.17278058,-101.2218169,M,NAD83, 2989, 10,NGVD29,10140203
USGS,431022101134801, 37N33W16CC2,GW,43.17278045,-101.2345947,S,NAD83, 3008.00, 20,NGVD29,10140203
USGS,431022101213601, 37N34W17DDDD2,GW,43.17139,-101.3559833,S,NAD83, 2950, 45,NGVD29,10140203
USGS,431024100542401, 37N30W17CCAA,GW,43.1733333,-100.9066667,R,NAD83, 3000, 10,NGVD29,10140203
USGS,431025100541701, 37N30W17CC,GW,43.1736111,-100.9047222,R,NAD83, 2975, 10,NGVD29,10140203
USGS,431026099573101, 97N 77W 33CD,GW,43.17388889,-99.9586111,S,NAD83, 2340,  5,NGVD29,10150006
USGS,431027100333001,"37N27W18DDAB RST GW WELL RB-17 NR OLSONVILLE, SD",GW,43.176389,-100.551667,F,NAD83,2614.79,0.49,NAVD88,101500060205
USGS,431027100403601, 37N28W18DCDB,GW,43.17417206,-100.6770836,M,NAD83, 2818,  5,NGVD29,10150006
USGS,431027100471801, 37N29W17BCBA,GW,43.17416667,-100.7883333,R,NAD83, 2800, 10,NGVD29,10140203
USGS,431027100551801, 37N30W18CCBB,GW,43.17416667,-100.9216667,R,NAD83, 3000, 10,NGVD29,10140203
USGS,431027101145001, 37N35W18D,GW,43.1741658,-101.4990384,M,NAD83, 2969, 45,NGVD29,10140203
USGS,431029100541201, 37N30W17CACA,GW,43.1747222,-100.9033333,R,NAD83, 2860, 10,NGVD29,10140203
USGS,431029101150401, 37N33W17CBDD,GW,43.17472466,-101.2515392,T,NAD83, 2992, 25,NGVD29,10140203
USGS,431029101150601, 37N33W17C,GW,43.17472466,-101.2520948,F,NAD83,,,,10140203
USGS,431029101172101, 37N34W13C,GW,43.1747241,-101.2918169,M,NAD83, 2986.00, 60,NGVD29,10140203
USGS,431029101240001, 37N35W13D,GW,43.17472266,-101.4004277,M,NAD83, 2995, 50,NGVD29,10140203
USGS,431030100014501, 97N78W35DA,GW,43.1750039,-100.0295649,T,NAD83, 2290, 10,NGVD29,10150006
USGS,431030101031201, 37N32W13CAD,GW,43.1761155,-101.0534828,T,NAD83, 2970,10,NGVD29,10140203
USGS,431030101131901, 37N33W16D2,GW,43.1750027,-101.2223725,M,NAD83, 3028, 20,NGVD29,10140203
USGS,431030101215001, 37N34W17D,GW,43.17500097,-101.36015,M,NAD83, 2970.00, 45,NGVD29,10140203
USGS,431031100503301, 37N30W14CDBB,GW,43.17027778,-100.8427778,R,NAD83, 2887,  1,NGVD29,10140203
USGS,431031101284501, 37N35W17DCDC,GW,43.1716661,-101.4818162,S,NAD83, 2988, 20,NGVD29,10140203
USGS,431032100231301, 37N26W15CC,GW,43.17639474,-100.3865192,M,NAD83, 2553, 20,NGVD29,10150006
USGS,431032100440201, 37N29W15D,GW-TH,43.17556076,-100.7343077,T,NAD83, 2852, 25,NGVD29,10150006
USGS,431033100432601, 37N29W14DDBB,GW-TH,43.17583857,-100.7243074,S,NAD83, 2855,  5,NGVD29,10150006
USGS,431033100493201, 37N30W13CBCD,GW,43.1758333,-100.8261111,R,NAD83, 2783, 10,NGVD29,10140203
USGS,431033101013401, 37N31W18DBDC,GW,43.175838,-101.0265382,S,NAD83, 2903,  1,NGVD29,10140203
USGS,431034100443601, 37N29W15C,GW,43.17611629,-100.7437525,M,NAD83, 2843, 20,NGVD29,10150006
USGS,431034100451201, 37N29W16D,GW-TH,43.17611626,-100.7537528,M,NAD83, 2858, 10,NGVD29,10140203
USGS,431034100454801, 37N29W16CBDD,GW,43.17555556,-100.7633333,R,NAD83, 2863, 10,NGVD29,10140203
USGS,431035100162501, 37N25W16DADD2,GW,43.1763947,-100.2740162,F,NAD83, 2342,  5,NGVD29,10150006
USGS,431035100230001, 37N26W15CADC,GW,43.17639474,-100.3837414,S,NAD83, 2530,  1,NGVD29,10150006
USGS,431035100381701, 37N28W17DDBB,GW-TH,43.17639438,-100.6384712,F,NAD83, 2725,  5,NGVD29,10150006
USGS,431036100162601, 37N25W16DADD,GW,43.17667248,-100.274294,F,NAD83, 2343,  5,NGVD29,10150006
USGS,431037100381801, 37N28W17DBDD,GW,43.1769499,-100.638749,F,NAD83, 2719,  5,NGVD29,10150006
USGS,431040100442801, 37N29W15CABB,GW,43.17777778,-100.7436111,R,NAD83, 2855,  5,NGVD29,10150006
USGS,431041099510801, 97N 76W 32AD,GW,43.17805556,-99.8522222,S,NAD83, 2331,  5,NGVD29,10150006
USGS,431042099555301, 97N 77W 34AD,GW,43.1783333,-99.9313889,S,NAD83, 2346,  5,NGVD29,10150006
USGS,431042099575701, 97N 77W 33BA,GW,43.1783333,-99.9658333,S,NAD83, 2336,  5,NGVD29,10150006
USGS,431042100535601, 37N30W17CAA,GW,43.1783333,-100.8988889,R,NAD83, 2927, 30,NGVD29,10140203
USGS,431043101294701, 37N35W18DAAB,GW,43.1786111,-101.4963889,U,NAD83, 2975, 20,NGVD29,10140203
USGS,431044100252301, 37N26W17CAA,GW,43.17889474,-100.4234646,T,NAD83, 2515, 10,NGVD29,10150006
USGS,431045101080201, 37N32W17BCDA,GW,43.1791702,-101.1343165,S,NAD83, 3040, 10,NGVD29,10140203
USGS,431045101293701, 37N35W18DABA,GW,43.17833236,-101.4968163,S,NAD83, 2975, 15,NGVD29,10140203
USGS,431046100404601, 37N28W18,GW,43.17944978,-100.6798615,M,NAD83, 2830,111,NGVD29,10150006
USGS,431047100380501, 37N28W16DABB,GW,43.17972769,-100.6351378,S,NAD83, 2731,  5,NGVD29,10150006
USGS,431047100410501, 37N28W18BCDD,GW,43.1797275,-100.6851394,T,NAD83, 2830, 25,NGVD29,10150006
USGS,431047100445601, 37N29W16DAAA,GW,43.17972735,-100.7493082,F,NAD83, 2875,  5,NGVD29,10150006
USGS,431048100395301, 37N28W17BDCC,GW,43.18000538,-100.6651388,S,NAD83, 2743,  5,NGVD29,10150006
USGS,431050100211001, 37N26W14ADDD,GW,43.18056138,-100.353185,S,NAD83, 2488,  1,NGVD29,10150006
USGS,431050100274501, 37N27W13BDD,GW,43.1805614,-100.4629102,T,NAD83, 2530, 10,NGVD29,10150006
USGS,431050101145701, 37N33W17BD,GW,43.18055785,-101.2495948,T,NAD83, 3010.00, 60,NGVD29,10140203
USGS,431050101145801, 37N33W17BD2,GW,43.18055784,-101.2498725,T,NAD83, 3000.00,20,NGVD29,10140203
USGS,431051100283801, 37N27W14ACD,GW,43.18083919,-100.4776328,T,NAD83, 2532,  5,NGVD29,10150006
USGS,431051100293101, 37N27W15ADD,GW,43.1808392,-100.4923554,T,NAD83, 2518, 10,NGVD29,10150006
USGS,431051100434701, 37N29W15ADDA,GW,43.1836111,-100.7230556,R,NAD83, 2849,  5,NGVD29,10150006
USGS,431051100485501, 37N30W13ACDB,GW,43.1808333,-100.8152778,R,NAD83, 2838, 10,NGVD29,10140203
USGS,431053100360401, 37N28W14BDDA,GW,43.18139445,-100.6015256,S,NAD83, 2751,  1,NGVD29,10150006
USGS,431054100435201, 37N29W15AD,GW-TH,43.1816718,-100.7315298,T,NAD83, 2842, 10,NGVD29,10150006
USGS,431054101154001, 37N33W18AAC,GW,43.18166877,-101.2615392,T,NAD83, 3005, 25,NGVD29,10140203
USGS,431055099570401, 97N 77W 33AB,GW,43.18194444,-99.9511111,S,NAD83, 2331,  5,NGVD29,10150006
USGS,431055099575601, 97N77W33BBA,GW,43.1819478,-99.9659523,F,NAD83, 2350.00,50,NGVD29,10150006
USGS,431055100575801, 37N31W15ACAA,GW,43.18194937,-100.966537,S,NAD83, 2887, 10,NGVD29,10140203
USGS,431055101040901, 37N32W14ACBB,GW,43.1819486,-101.0695939,S,NAD83, 2972, 10,NGVD29,10140203
USGS,431057100220701, 37N26W14BCA,GW,43.1825058,-100.3690188,T,NAD83, 2515,  5,NGVD29,10150006
USGS,431058100364601, 37N28W13ACBB,GW,43.18278329,-100.6131926,S,NAD83, 2777,  1,NGVD29,10150006
USGS,431058100462401, 37N29W17DBDB,GW,43.1761111,-100.7636111,R,NAD83, 2850, 10,NGVD29,10140203
USGS,431059100471802, 37N29W17BCBA2,GW,43.18305556,-100.7883333,R,NAD83, 2795, 10,NGVD29,10140203
USGS,431059100531701, 37N30W17AADD,GW,43.18305556,-100.8883333,R,NAD83, 2890, 10,NGVD29,10140203
USGS,431100100132401, 37N25W13ABCD,GW,43.18333887,-100.223737,S,NAD83, 2379,  1,NGVD29,10150006
USGS,431100100305801, 37N27W16A,GW,43.1833391,-100.5165228,M,NAD83, 2547, 10,NGVD29,10150006
USGS,431100100454801, 37N29W16B,GW,43.1833333,-100.7633333,F,NAD83,,,,10140203
USGS,431100100461601, 37N29W17AACD,GW,43.185,-100.7683333,R,NAD83, 2845, 10,NGVD29,10140203
USGS,431100100481101, 37N29W18A,GW,43.1833333,-100.8030556,R,NAD83, 2810, 70,NGVD29,10140203
USGS,431102099505801, 97N 76W 28CCCC,GW,43.18388889,-99.8494444,S,NAD83, 2348,  5,NGVD29,10150006
USGS,431102100111001, 97N 79W 33AAAA,GW-TH,43.18388889,-100.1861111,S,NAD83, 2440,  4,NGVD29,10150006
USGS,431102100555101, 37N31W13BADA,GW,43.1838938,-100.9312581,S,NAD83, 2908,  1,NGVD29,10140203
USGS,431104100241701, 37N26W16BACD,GW,43.18445026,-100.4051308,S,NAD83, 2494,  1,NGVD29,10150006
USGS,431104100263401, 37N26W18BADC,GW,43.18445027,-100.4431874,S,NAD83, 2519,  1,NGVD29,10150006
USGS,431105101165301, 37N34W13D,GW,43.17472426,-101.2818169,M,NAD83, 3010.00, 15,NGVD29,10140203
USGS,431106100372301, 37N28W15BACA,GW,43.18500546,-100.6234708,S,NAD83, 2751,  1,NGVD29,10150006
USGS,431106100581301, 37N31W15B,GW,43.18500489,-100.9707038,M,NAD83, 2640, 40,NGVD29,10140203
USGS,431106101233001, 37N34W20BDBB,GW,43.1825006,-101.3707056,S,NAD83, 2952.00, 60,NGVD29,10140203
USGS,431107099482801, 97N 76W 26C,GW,43.18527778,-99.8077778,S,NAD83, 2352,  5,NGVD29,10150006
USGS,431107100253901, 37N26W17BBDA,GW,43.18528359,-100.4279092,S,NAD83, 2504,  1,NGVD29,10150006
USGS,431107100533401, 37N30W17AABA,GW,43.18527778,-100.8927778,R,NAD83, 2900, 10,NGVD29,10140203
USGS,431108099545901, 97N 77W 26DC,GW,43.18555556,-99.9163889,S,NAD83, 2325,  5,NGVD29,10150006
USGS,431108100584601, 37N31W10CCC,GW,43.1855604,-100.9798707,T,NAD83, 2550, 20,NGVD29,10140203
USGS,431108101130101, 37N33W16AAAA,GW,43.18555805,-101.2173724,S,NAD83, 3077,  1,NGVD29,10140203
USGS,431109100220101, 37N26W14BBAD,GW,43.1858391,-100.367352,S,NAD83, 2502,  1,NGVD29,10150006
USGS,431109100445901,37N29W16AAAA (TD-76A),GW,43.186667,-100.749722,R,NAD83,2852.0,5.0,NGVD29,101402030406
USGS,431109101025501, 37N32W12DCCC,GW,43.18583766,-101.0490382,S,NAD83, 2558,  1,NGVD29,10140203
USGS,431110101114801, 37N33W11CCCC,GW,43.1861138,-101.1970945,S,NAD83, 3070, 10,NGVD29,10140203
USGS,431112099515201, 97N76W29C,GW,43.1866693,-99.864839,M,NAD83, 2353, 10,NGVD29,10150006
USGS,431113100540001, 37N30W 8CD,GW,43.18666667,-100.8947222,R,NAD83, 2900, 10,NGVD29,10140203
USGS,431113100540002, 37N30W 8CD2,GW,43.1872222,-100.8947222,R,NAD83, 2900, 10,NGVD29,10140203
USGS,431113101293601, 37N35W 8CCCC,GW,43.1869432,-101.4937609,T,NAD83, 2989, 10,NGVD29,10140203
USGS,431114100441901, 37N29W10DCCC,GW,43.1872222,-100.7386111,R,NAD83, 2830,  5,NGVD29,10150006
USGS,431114100535801, 37N30W 8DCD,GW,43.18722715,-100.8998683,F,NAD83, 2870,10,NGVD29,10140203
USGS,431114101105601, 37N33W11DCDA,GW,43.18722506,-101.18265,S,NAD83, 3015, 10,NGVD29,10140203
USGS,431115100360401, 37N28W14,GW,43.1875055,-100.6015256,M,NAD83, 2750.00,50,NGVD29,10150006
USGS,431116100045101, 97N78W28C,GW,43.187782,-100.081233,M,NAD83, 2500, 10,NGVD29,10150006
USGS,431116100422001,"37N29W12CCD RST GW WELL RB-14 NR OLSONVILLE, SD",GW,43.187778,-100.702778,T,NAD83,2803.77,0.13,NAVD88,101500060101
USGS,431116100453901, 37N29W 9CDCA,GW,43.18805556,-100.7611111,R,NAD83, 2831, 10,NGVD29,10140203
USGS,431116101162501, 37N33W 7CC,GW,43.18777778,-101.2736111,F,NAD83,,,,10140203
USGS,431116101200201, 37N34W10CC,GW,43.1877787,-101.3343168,M,NAD83, 2982,111,NGVD29,10140203
USGS,431116101200202, 37N34W10CC2,GW,43.1877787,-101.3343168,M,NAD83, 2982,111,NGVD29,10140203
USGS,431117101165601, 37N33W 7DCA,GW,43.18805745,-101.2626503,F,NAD83, 3000.00, 30,NGVD29,10140203
USGS,431118099512601, 97N76W29DB,GW,43.1883359,-99.8576167,T,NAD83, 2400, 10,NGVD29,10150006
USGS,431118101170601, 37N33W12DC,GW,43.1883349,-101.285428,T,NAD83, 3034, 20,NGVD29,10140203
USGS,431119100514701, 37N30W10C,GW,43.18861606,-100.8634783,M,NAD83, 2725, 30,NGVD29,10140203
USGS,431119100514702, 37N30W10C2,GW-TH,43.18861606,-100.8634783,M,NAD83, 2725, 30,NGVD29,10140203
USGS,431119100514703, 37N30W10C3,GW,43.18861606,-100.8634783,M,NAD83, 2725, 30,NGVD29,10140203
USGS,431121101154001, 37N33W 7DDB,GW,43.1891685,-101.2615391,T,NAD83, 3001, 25,NGVD29,10140203
USGS,431122100551201, 37N30W 7CDBA,GW,43.18944444,-100.9177778,R,NAD83, 2770, 20,NGVD29,10140203
USGS,431122100551202, 37N30W 7CDBA2,GW,43.19,-100.9188889,R,NAD83, 2770, 10,NGVD29,10140203
USGS,431123100364101, 37N28W10DAA,GW,43.1936165,-100.6120816,T,NAD83, 2746, 10,NGVD29,10150006
USGS,431123100372901, 37N28W10C,GW-TH,43.1908387,-100.6256931,T,NAD83, 2762, 25,NGVD29,10150006
USGS,431124100432201, 37N29W11CDAA,GW,43.19,-100.7230556,R,NAD83, 2822,  5,NGVD29,10150006
USGS,431124101082201, 37N32W 7DADB,GW,43.19000325,-101.1398719,S,NAD83, 3130, 10,NGVD29,10140203
USGS,431124101161501, 37N33W 7C,GW,43.1900017,-101.2712613,T,NAD83, 3034, 25,NGVD29,10140203
USGS,431125100454801, 37N29W 9CBBA,GW,43.1947222,-100.7672222,R,NAD83, 2825, 10,NGVD29,10140203
USGS,431125100454901, 37N29W 9C,GW,43.1902828,-100.7640309,F,NAD83,,,,10140203
USGS,431126100321001, 37N27W 8D,GW,43.190839,-100.5354124,M,NAD83, 2553, 10,NGVD29,10150006
USGS,431126100580801, 37N31W10DBC,GW,43.1905604,-100.9693148,F,NAD83, 2570, 20,NGVD29,10140203
USGS,431126101201001, 37N34W 9DA,GW,43.19055637,-101.336539,M,NAD83, 2975,111,NGVD29,10140203
USGS,431127100235201, 37N26W10CBDC,GW,43.1908391,-100.3981862,F,NAD83, 2480,  5,NGVD29,10150006
USGS,431127100440201, 37N29W10D,GW-TH,43.1908384,-100.7343077,T,NAD83, 2832, 25,NGVD29,10150006
USGS,431127100532801, 37N30W 8DACC,GW,43.1872222,-100.8930556,R,NAD83, 2880, 10,NGVD29,10140203
USGS,431128100410101, 37N28W 7C,GW-TH,43.19056078,-100.6851395,M,NAD83, 2825,  5,NGVD29,10150006
USGS,431128100513101, 37N30W 8DCAA,GW,43.1858333,-100.895,R,NAD83, 2718, 10,NGVD29,10140203
USGS,431128101173601, 37N33W12CB,GW,43.19111249,-101.2937613,T,NAD83, 3034, 10,NGVD29,10140203
USGS,431129101201501, 37N33W 9DA2,GW,43.19138966,-101.3379279,T,NAD83, 2965, 20,NGVD29,10140203
USGS,431130100234301, 37N26W 9DAC,GW,43.1916724,-100.3956862,T,NAD83, 2480,  5,NGVD29,10150006
USGS,431131100301901, 37N27W10CACB,GW,43.1919502,-100.5056892,S,NAD83, 2522,  1,NGVD29,10150006
USGS,431131100580701, 37N31W10DBBB,GW,43.19194927,-100.969037,T,NAD83, 2530, 20,NGVD29,10140203
USGS,431132100052501, 97N78W29AD,GW,43.1922265,-100.0906778,T,NAD83, 2400, 10,NGVD29,10150006
USGS,431133100402101, 37N28W 7DABD,GW,43.19250525,-100.6729169,S,NAD83, 2796,  5,NGVD29,10150006
USGS,431133100402201, 37N29W13CBCD,GW,43.19250515,-100.706529,S,NAD83, 2796,  5,NGVD29,10150006
USGS,431133101262801, 37N35W10DDAA,GW,43.18944395,-101.4354277,S,NAD83, 3000.00, 30,NGVD29,10140203
USGS,431134099533001, 97N 77W 25A,GW,43.19277778,-99.8916667,S,NAD83, 2379,  5,NGVD29,10150006
USGS,431135100150601, 37N25W11CBB,GW,43.1930613,-100.2520711,M,NAD83, 2388,  5,NGVD29,10150006
USGS,431135100152401, 37N25W10DABA,GW,43.1930613,-100.2570713,S,NAD83, 2381,  1,NGVD29,10150006
USGS,431135100452201, 37N29W 9DBBD,GW,43.19305556,-100.7561111,R,NAD83, 2855, 10,NGVD29,10140203
USGS,431135100540201, 37N30W 8CABA,GW,43.1925,-100.9013889,R,NAD83, 2890, 10,NGVD29,10140203
USGS,431136101200901,37N34W09AAAA (BT-76B),GW,43.193333,-101.335833,T,NAD83,2978.0,8.0,NGVD29,101402030303
USGS,431137100185301, 37N25W 7DAAD,GW,43.19445019,-100.3131839,F,NAD83, 2333,  5,NGVD29,10150006
USGS,431137100310801, 37N27W 9DBB,GW,43.1936168,-100.5193008,T,NAD83, 2535, 10,NGVD29,10150006
USGS,431138100441601, 37N29W10DBBB,GW,43.1933333,-100.7377778,R,NAD83, 2818,  5,NGVD29,10150006
USGS,431138101200801, 37N34W 9ADDD,GW,43.1938896,-101.3359834,S,NAD83, 2980, 20,NGVD29,10140203
USGS,431139100311501, 37N27W 9CAAA,GW,43.19417236,-100.5212453,F,NAD83, 2540,  5,NGVD29,10150006
USGS,431139100540201, 37N30W 5BDCD,GW,43.2011111,-100.9025,R,NAD83, 2885, 10,NGVD29,10140203
USGS,431139100541501, 37N30W 8BCDC,GW,43.1947222,-100.9038889,R,NAD83, 2884, 10,NGVD29,10140203
USGS,431139100541502, 37N30W 8BCD,GW-TH,43.19416667,-100.9041667,R,NAD83, 2857, 10,NGVD29,10140203
USGS,431140100430901, 37N29W11ACBD,GW,43.1944495,-100.7176405,M,NAD83, 2800,  5,NGVD29,10150006
USGS,431140101054001, 37N32W10BCDA,GW,43.1944481,-101.0948717,S,NAD83, 2991,  1,NGVD29,10140203
USGS,431141099560101, 97N77W27A,GW,43.1947252,-99.9340072,M,NAD83, 2328, 10,NGVD29,10150006
USGS,431141100422501, 37N29W12BCDD,GW,43.19472736,-100.7045846,S,NAD83, 2825,5,NGVD29,10150006
USGS,431141100464301, 37N29W 8BDDD,GW,43.1947222,-100.7794444,R,NAD83, 2843, 10,NGVD29,10140203
USGS,431142101163101, 37N33W 7CCC,GW,43.18639066,-101.275428,M,NAD83, 3035.00, 60,NGVD29,10140203
USGS,431143100262701, 37N26W 7ACCC,GW,43.1952835,-100.441243,S,NAD83, 2473,  1,NGVD29,10150006
USGS,431143100333601, 37N27W 7BDDD,GW,43.19528335,-100.5604132,S,NAD83, 2615,  1,NGVD29,10150006
USGS,431143100361001, 37N28W11BDDC,GW,43.1952832,-100.6031924,S,NAD83, 2725,  1,NGVD29,10150006
USGS,431143100513501, 37N30W10BDBD,GW,43.1958333,-100.86,R,NAD83, 2800, 20,NGVD29,10140203
USGS,431143100531901, 37N30W 8ADDA,GW,43.19527778,-100.8886111,R,NAD83, 2895, 10,NGVD29,10140203
USGS,431144100161701, 37N25W10BCCA,GW,43.19556129,-100.2717939,F,NAD83, 2412, 10,NGVD29,10150006
USGS,431144100161901, 37N25W10BCCB,GW,43.19556129,-100.2723495,F,NAD83, 2410,  5,NGVD29,10150006
USGS,431144100514001, 37N30W10BDB,GW,43.19556045,-100.8615338,F,NAD83, 2800, 20,NGVD29,10140203
USGS,431144101153601, 37N33W 7A,GW,43.19555726,-101.260428,T,NAD83, 3014, 20,NGVD29,10140203
USGS,431144101233401, 37N34W 7BC,GW,43.19555545,-101.3932056,T,NAD83, 2970, 45,NGVD29,10140203
USGS,431145100350201, 37N28W12BDB,GW,43.1972277,-100.5848585,M,NAD83, 2680,100,NGVD29,10150006
USGS,431145101173401, 37N34W12B(2),GW,43.19583458,-101.2932057,S,NAD83,,,,10140203
USGS,431146099512601, 97N 76W 29AB,GW,43.1961111,-99.8572222,S,NAD83, 2404,  5,NGVD29,10150006
USGS,431146099520101, 97N 76W 29BB,GW,43.1961111,-99.8669444,S,NAD83, 2402,  5,NGVD29,10150006
USGS,431146100133901, 37N25W12BDBC,GW,43.1961166,-100.2279038,S,NAD83, 2423,  1,NGVD29,10150006
USGS,431146100480001, 37N29W 7BDAC,GW,43.19611605,-100.8004209,S,NAD83, 2830,  1,NGVD29,10140203
USGS,431146100513401, 37N30W10BDA,GW,43.196116,-100.859867,F,NAD83, 2800, 20,NGVD29,10140203
USGS,431147099520201, 97N76W29BB,GW,43.19639144,-99.8676169,T,NAD83, 2391, 10,NGVD29,10150006
USGS,431147101161501, 37N33W 7BBD,GW,43.1963904,-101.2712613,T,NAD83, 3054, 25,NGVD29,10140203
USGS,431147101202601, 37N34W 9AAC,GW,43.19638947,-101.3409834,T,NAD83, 2985, 25,NGVD29,10140203
USGS,431148101165001, 37N33W 7ABD,GW,43.1983349,-101.2626502,T,NAD83, 3018.00, 15,NGVD29,10140203
USGS,431148101172401, 37N33W 7BBD2,GW,43.198057,-101.272928,T,NAD83, 3068.00, 15,NGVD29,10140203
USGS,431148101174001, 37N34W12BBC,GW,43.19666786,-101.2948724,T,NAD83, 3047, 25,NGVD29,10140203
USGS,431148101195101, 37N34W10BBD,GW,43.1980562,-101.3312612,S,NAD83, 2985, 15,NGVD29,10140203
USGS,431149100462301, 37N29W 8AADC,GW,43.19944444,-100.7694444,R,NAD83, 2810, 10,NGVD29,10140203
USGS,431149101172801, 37N34W12B,GW,43.19694568,-101.291539,S,NAD83, 3035, 50,NGVD29,10140203
USGS,431149101172901, 37N34W12B (2),GW,43.19694568,-101.2918168,M,NAD83, 3035, 60,NGVD29,10140203
USGS,431149101213701, 37N34W 8A,GW,43.19694444,-101.3602778,F,NAD83,,,,10140203
USGS,431150100244001, 37N26W 9BBBD,GW,43.20028349,-100.4098533,F,NAD83, 2447, 25,NGVD29,10150006
USGS,431150100534401, 37N30W 8ACBA,GW,43.19722707,-100.8959792,F,NAD83, 2864, 10,NGVD29,10140203
USGS,431150100534402, 37N30W 8ACBA2,GW,43.19722707,-100.8959792,M,NAD83, 2858, 10,NGVD29,10140203
USGS,431151101205701, 37N34W 9BACB,GW,43.1975004,-101.3495945,S,NAD83, 2986, 20,NGVD29,10140203
USGS,431153100461801, 37N29W 8ACAA,GW,43.19805556,-100.7716667,R,NAD83, 2820, 10,NGVD29,10140203
USGS,431154099574501, 97N 77W 21CDCC,GW-TH,43.1983333,-99.9625,S,NAD83, 2371,  5,NGVD29,10150006
USGS,431154100171501, 37N25W 9BACC,GW,43.19833906,-100.2879054,S,NAD83, 2404,  1,NGVD29,10150006
USGS,431155100243401, 37N26W 9BBCD,GW,43.1986168,-100.4098533,F,NAD83, 2454,  5,NGVD29,10150006
USGS,431155100461501, 37N29W 8ACAA2,GW,43.1986111,-100.7708333,R,NAD83, 2820, 10,NGVD29,10140203
USGS,431156099521201, 97N76W19DDDD,GW,43.1988914,-99.8703948,T,NAD83, 2380.00,5,NGVD29,10150006
USGS,431156099521701,97N76W19DDDD2 (TR-78B),GW,43.198889,-99.871389,T,NAD83,2390.0,10.0,NGVD29,101500060801
USGS,431156101105801, 37N33W11AAB,GW,43.1991692,-101.1815387,T,NAD83, 3153, 20,NGVD29,10140203
USGS,431156101204401, 37N34W 9AB,GW,43.1988893,-101.3459834,F,NAD83,,,,10140203
USGS,431157100240601, 37N26W 9BADA,GW,43.19917239,-100.4020753,S,NAD83, 2455,  1,NGVD29,10150006
USGS,431157101201701, 37N34W 4DDD,GW,43.2011116,-101.3362612,S,NAD83, 2985, 50,NGVD29,10140203
USGS,431158100461001,37N29W 8AADA,GW,43.19944444,-100.7694444,R,NAD83, 2826,4.3,NAVD88,10140203
USGS,431158100461002,"37N29W 8AADA2 RST GW WELL R-26 NR ROSEBUD, SD",GW,43.199444,-100.769444,R,NAD83,2823.91,0.08,NAVD88,101402030406
USGS,431158101073801, 37N32W 8ABBB,GW,43.1994476,-101.1276496,S,NAD83, 3019, 10,NGVD29,10140203
USGS,431159100412101, 37N28W 7BBBC,GW-TH,43.19972736,-100.6895841,S,NAD83, 2793,  5,NGVD29,10150006
USGS,431159100412102, 37N28W 7BBBC2,GW,43.19972736,-100.6895841,S,NAD83, 2793,  5,NGVD29,10150006
USGS,431159100412103, 37N28W 7BBBC3,GW,43.19972736,-100.6895841,S,NAD83, 2793,  5,NGVD29,10150006
USGS,431200099564601, 97N 77W 22DD,GW,43.2,-99.9461111,S,NAD83, 2331,  5,NGVD29,10150006
USGS,431200101034801, 37N32W11ABA,GW,43.1991706,-101.0659826,T,NAD83, 3060,10,NGVD29,10140203
USGS,431200101202701, 37N34W 9AAAA2,GW,43.20000046,-101.3412612,S,NAD83, 2978, 10,NGVD29,10140203
USGS,431201100470801,37N 29W 8BBBB1,GW,43.20027778,-100.7856389,5,NAD83, 2883,  5,NGVD29,10140203
USGS,431201101221701, 37N34W 5CCC,GW,43.2016666,-101.3748723,F,NAD83, 3000.00, 15,NGVD29,10140203
USGS,431202100225401, 37N26W10BAA,GW,43.20056127,-100.3820747,F,NAD83, 2449,  5,NGVD29,10150006
USGS,431202100243701, 37N26W 9BBB,GW,43.20056127,-100.4106866,T,NAD83, 2436, 10,NGVD29,10150006
USGS,431202100243702, 37N26W 9BBB2,GW,43.20056127,-100.4106866,T,NAD83, 2436, 10,NGVD29,10150006
USGS,431203100135901, 37N25W12BBBB,GW-TH,43.20083889,-100.2334595,F,NAD83, 2402,  5,NGVD29,10150006
USGS,431203100135902, 37N25W12BBBB2,GW,43.20083889,-100.2334595,S,NAD83, 2403,  5,NGVD29,10150006
USGS,431203100541501, 37N30W 5BDCD2,GW,43.2008333,-100.9041667,R,NAD83, 2850, 10,NGVD29,10140203
USGS,431203101130401, 37N33W 4DDDD,GW,43.2008354,-101.2182056,S,NAD83, 3090, 10,NGVD29,10140203
USGS,431203101200801, 37N34W 9AAAA3,GW,43.20083384,-101.3359834,S,NAD83, 2978, 10,NGVD29,10140203
USGS,431204100541301, 37N30W 8CABB,GW,43.2011111,-100.9036111,R,NAD83, 2868, 10,NGVD29,10140203
USGS,431206100451501, 37N29W 4DCDD,GW,43.2025,-100.7552778,R,NAD83, 2867, 10,NGVD29,10140203
USGS,431206100472401, 37N29W 6DDDC,GW,43.20166667,-100.79,R,NAD83, 2878, 10,NGVD29,10140203
USGS,431207100452501, 37N29W 4DCCC,GW,43.20194444,-100.7569444,R,NAD83, 2865, 10,NGVD29,10140203
USGS,431207101173801, 37N34W 1CC,GW,43.20194549,-101.2943168,F,NAD83,,,,10140203
USGS,431208100380701, 37N28W 4DDCC,GW,43.2022275,-100.6356935,S,NAD83, 2783,  5,NGVD29,10150006
USGS,431208100445701, 37N29W 4DDDA,GW,43.2022222,-100.7491667,R,NAD83, 2849,  5,NGVD29,10140203
USGS,431208101162901, 37N33W 6CC,GW,43.2022235,-101.2751502,F,NAD83,,,,10140203
USGS,431209100194801, 37N25W 6CCCD,GW,43.2025057,-100.3304066,F,NAD83, 2364,  5,NGVD29,10150006
USGS,431209100195101, 37N25W 6CCCB,GW,43.2025057,-100.33124,F,NAD83, 2363,  5,NGVD29,10150006
USGS,431209100323901, 37N27W 5CDCC,GW,43.20250556,-100.5445794,S,NAD83, 2564,  1,NGVD29,10150006
USGS,431209100460401, 37N29W 4CCCC,GW,43.2025,-100.7677778,R,NAD83, 2860, 10,NGVD29,10140203
USGS,431211100194501, 37N25W 6CCC,GW,43.20306126,-100.3295733,T,NAD83, 2369, 10,NGVD29,10150006
USGS,431211100194502, 37N25W 6CCC2,GW,43.20306126,-100.3295733,T,NAD83, 2369, 10,NGVD29,10150006
USGS,431211100540701, 37N30W 8BDC,GW,43.20138889,-100.9041667,R,NAD83, 2880, 20,NGVD29,10140203
USGS,431212100280601, 37N27W 1CC,GW,43.203339,-100.4687438,T,NAD83, 2474, 10,NGVD29,10150006
USGS,431212100472901, 37N29W 6DDBD,GW,43.2033333,-100.7913889,R,NAD83, 2868, 10,NGVD29,10140203
USGS,431213099533001, 97N 77W 24DA,GW,43.2036111,-99.8916667,S,NAD83, 2389,  5,NGVD29,10150006
USGS,431213100420301, 37N29W 1CDAC,GW,43.20361618,-100.7012512,S,NAD83, 2765,  5,NGVD29,10150006
USGS,431213100530301, 37N30W 4CCAB,GW,43.20638889,-100.8819444,R,NAD83, 2855, 10,NGVD29,10140203
USGS,431213100580101, 37N31W 3DB,GW,43.2036158,-100.9673701,T,NAD83, 2510, 20,NGVD29,10140203
USGS,431213101151301, 37N33W 5C,GW,43.20361268,-101.2526502,M,NAD83, 3127.00, 75,NGVD29,10140203
USGS,431214100541201, 37N30W27DCDD,GW,43.20388889,-100.9033333,R,NAD83, 2880, 10,NGVD29,10140203
USGS,431214101210001, 37N34W 4CCA,GW,43.2038891,-101.3504279,T,NAD83, 2988, 25,NGVD29,10140203
USGS,431214101213701, 37N34W 5D,GW,43.20388897,-101.3607056,S,NAD83, 2975, 30,NGVD29,10140203
USGS,431215100225801, 37N26W 3CDA,GW,43.20417236,-100.3831859,M,NAD83, 2444,  5,NGVD29,10150006
USGS,431215101191001, 37N34W 3DDB,GW,43.2041673,-101.3198724,T,NAD83, 3038, 25,NGVD29,10140203
USGS,431216101202401, 37N34W 4D,GW,43.20444478,-101.3404279,M,NAD83, 2986,111,NGVD29,10140203
USGS,431217100454501, 37N29W 4CDBB,GW,43.2047222,-100.7630556,R,NAD83, 2835, 10,NGVD29,10140203
USGS,431220099513601, 97N 76W 20BDDD,GW,43.20555556,-99.86,S,NAD83, 2455,  5,NGVD29,10150006
USGS,431220099521101, 97N76W20BCCC1,GW,43.2055611,-99.8697194,F,NAD83, 2463, 10,NAVD88,10150006
USGS,431220100142701, 37N25W 2DDCD,GW,43.20556117,-100.2412374,S,NAD83, 2394,  1,NGVD29,10150006
USGS,431221101161601, 37N33W 6CA/B,GW,43.2058333,-101.2711111,F,NAD83,,,,10140203
USGS,431222101093501, 37N33W 1DAA,GW,43.2061137,-101.1654275,T,NAD83, 3104, 20,NGVD29,10140203
USGS,431222101103301, 37N33W 1CBBD,GW,43.20611356,-101.1762609,S,NAD83, 3108, 10,NGVD29,10140203
USGS,431222101195901, 37N33W 3CB,GW,43.2061115,-101.3334835,T,NAD83, 2968, 20,NGVD29,10140203
USGS,431223100430701, 37N29W 2DBCB,GW,43.20639388,-100.7190295,S,NAD83, 2772,  5,NGVD29,10150006
USGS,431223100525401, 37N30W 4CABC,GW,43.20639366,-100.8820899,S,NAD83, 2835,  1,NGVD29,10140203
USGS,431223101201501, 37N34W 4DA,GW,43.2055559,-101.3379279,S,NAD83, 2978, 15,NGVD29,10140203
USGS,431224100182401, 37N25W 5CACD,GW,43.2050057,-100.3067948,S,NAD83, 2377,20,NGVD29,10150006
USGS,431225100300201, 37N26W 3DBCB,GW,43.2069501,-100.3817969,S,NAD83, 2563,  1,NGVD29,10150006
USGS,431226099531301, 97N 76W 19BC,GW,43.2072222,-99.8869444,S,NAD83, 2405,  5,NGVD29,10150006
USGS,431226099531302, 97N76W19BC,GW,43.20721944,-99.8869389,F,NAD83, 2405, 10,NAVD88,10150006
USGS,431226100224201, 37N26W 3DBD,GW,43.20611679,-100.3781857,F,NAD83, 2437,  5,NGVD29,10150006
USGS,431226100275701, 37N27W 1CABC,GW,43.20722788,-100.4662438,S,NAD83, 2481,  1,NGVD29,10150006
USGS,431227100092601, 97N79W23BD,GW,43.20750479,-100.157624,T,NAD83, 2505, 10,NGVD29,10150006
USGS,431227100480901, 37N29W 6CABB,GW,43.20777778,-100.8025,R,NAD83, 2823, 10,NGVD29,10140203
USGS,431227101214901, 37N34W 6DAAB,GW,43.20749975,-101.3768168,S,NAD83, 2985, 20,NGVD29,10140203
USGS,431228100535501, 37N30W 5,GW,43.21138889,-100.8933333,R,NAD83, 2875, 10,NGVD29,10140203
USGS,431228101063001, 37N32W 4BDDD,GW,43.20778105,-101.1087605,S,NAD83, 3079,  1,NGVD29,10140203
USGS,431229100132501, 37N25W 1CAAA,GW,43.20806099,-100.2240147,S,NAD83, 2487,  1,NGVD29,10150006
USGS,431229100535101, 37N30W 5BAAC,GW,43.2136111,-100.8997222,R,NAD83, 2875, 10,NGVD29,10140203
USGS,431229100545101, 37N30W 6ACDD,GW,43.20805556,-100.9141667,R,NAD83, 2902, 10,NGVD29,10140203
USGS,431230101163601, 37N34W 1ADD,GW,43.2083344,-101.2770946,T,NAD83, 3084.00, 30,NGVD29,10140203
USGS,431230101195001, 37N34W10B2,GW,43.1969451,-101.3309834,M,NAD83, 2993.00, 60,NGVD29,10140203
USGS,431230101211001, 37N34W 4BCCA,GW,43.20833338,-101.3532057,S,NAD83, 3001, 20,NGVD29,10140203
USGS,431231100471801, 37N29W 6ADDD,GW,43.2086111,-100.7869444,R,NAD83, 2872,  1,NGVD29,10140203
USGS,431231100475301, 37N29W 6DD,GW,43.20167157,-100.7912539,T,NAD83, 2875, 20,NGVD29,10140203
USGS,431232100115401, 37N29W 3BDDD,GW,43.20889377,-100.7487527,S,NAD83, 2809,  5,NGVD29,10150006
USGS,431233101170101, 37N34W 1ACBD,GW,43.2091676,-101.284039,T,NAD83, 3051, 25,NGVD29,10140203
USGS,431234100512101, 37N30W 3ACBC,GW,43.20944444,-100.8558333,R,NAD83, 2600, 10,NGVD29,10140203
USGS,431234100543901, 37N30W 6ADBD,GW,43.20416667,-100.9027778,R,NAD83, 2880, 10,NGVD29,10140203
USGS,431234100574401, 37N31W 3ADAC,GW,43.2094491,-100.9626477,F,NAD83, 2512, 10,NGVD29,10140203
USGS,431235101230801, 37N33W 6BD,GW,43.20972178,-101.3859834,T,NAD83, 3007, 15,NGVD29,10140203
USGS,431236100172601, 37N25W 4BCCA,GW,43.21000568,-100.290961,S,NAD83, 2467,  1,NGVD29,10150006
USGS,431236100260101, 37N26W 6ADDB,GW,43.21000565,-100.4340207,F,NAD83, 2464,  5,NGVD29,10150006
USGS,431236100260102, 37N26W 6ADDB2,GW,43.21000565,-100.4340207,T,NAD83, 2464,  5,NGVD29,10150006
USGS,431236101075501, 37N32W 5BDBB,GW,43.2100029,-101.1323717,S,NAD83, 3040,  1,NGVD29,10140203
USGS,431237099484401, 97N76W22AA,GW,43.2102798,-99.8126158,T,NAD83, 2440, 10,NGVD29,10150006
USGS,431237100375401, 37N28W 4ADDA,GW,43.210283,-100.6320823,S,NAD83, 2752,  5,NGVD29,10150006
USGS,431238100261601, 37N26W 6ACDB,GW,43.2105612,-100.4381874,S,NAD83, 2457,  1,NGVD29,10150006
USGS,431238100490301, 37N30W 1ACB,GW,43.2111111,-100.8166667,R,NAD83, 2740,10,NGVD29,10140203
USGS,431238101165701, 37N34W 1ACA,GW,43.2105565,-101.2829279,T,NAD83, 3084, 15,NGVD29,10140203
USGS,431239099501501, 97N 76W 21AB,GW,43.2108333,-99.8375,S,NAD83,2420,1.6,NAVD88,10140204
USGS,431239099520101, 97N 76W 20BB,GW,43.2108333,-99.8669444,S,NAD83,2447,1.6,NAVD88,10140204
USGS,431239099531301, 97N 76W 19BB,GW,43.2108333,-99.8869444,S,NAD83, 2447,  5,NGVD29,10150006
USGS,431239099575701, 97N 77W 21BB 1,GW,43.2108333,-99.9658333,S,NAD83, 2350,  5,NGVD29,10150006
USGS,431239099575702, 97N 77W 21BB 2,GW,43.2108333,-99.9658333,S,NAD83, 2350,  5,NGVD29,10150006
USGS,431239100001701, 97N77W19BB,GW,43.21083658,-100.0051199,T,NAD83, 2319, 10,NGVD29,10150006
USGS,431239100252101, 37N26W 5BDAD,GW,43.21083898,-100.4229092,M,NAD83, 2445,  5,NGVD29,10150006
USGS,431239100252103, 37N26W 5BDD3,GW,43.21083898,-100.4229092,T,NAD83, 2445, 10,NGVD29,10150006
USGS,431239100544501, 37N30W 6A,GW,43.2108333,-100.9125,R,NAD83, 2889, 10,NGVD29,10140203
USGS,431239100574401, 37N31W 3A,GW,43.21083799,-100.9626477,M,NAD83, 2500, 20,NGVD29,10140203
USGS,431239101085401, 37N32W 6BDAA,GW,43.210836,-101.1487607,S,NAD83, 3039, 10,NGVD29,10140203
USGS,431239101120401, 37N33W 3ADBB,GW,43.21083535,-101.2015388,S,NAD83, 3098, 10,NGVD29,10140203
USGS,431239101202401, 37N34W 4ACA,GW,43.21083348,-101.3404279,S,NAD83, 3001, 20,NGVD29,10140203
USGS,431240100050001, 97N78W21BB,GW,43.2111151,-100.0837332,T,NAD83, 2337, 10,NGVD29,10150006
USGS,431240100250501, 37N26W 5ACAC,GW,43.21111675,-100.4184647,F,NAD83, 2436,  5,NGVD29,10150006
USGS,431240100250601, 37N26W 5ACAC2,GW,43.21111675,-100.4187425,F,NAD83, 2437,  5,NGVD29,10150006
USGS,431240100252102, 37N26W 5BDAD2,GW,43.21111675,-100.4229092,F,NAD83, 2450,  5,NGVD29,10150006
USGS,431241100211201, 37N26W 2ADA,GW,43.21139455,-100.3537406,T,NAD83, 2380, 10,NGVD29,10150006
USGS,431241100535301, 37N30W 5BDD,GW,43.20888889,-100.8991667,R,NAD83, 2880,10,NGVD29,10140203
USGS,431242100252101, 37N26W 5BDAA,GW,43.2116723,-100.4229092,T,NAD83, 2451, 10,NGVD29,10150006
USGS,431242101014001, 37N31W 6ABCD,GW,43.2116709,-101.0282044,S,NAD83, 2933,  1,NGVD29,10140203
USGS,431243099553601, 97N77W23BBBB,GW,43.21194718,-99.9270627,S,NAD83, 2340, 10,NGVD29,10150006
USGS,431243100404501, 37N28W 6ACBB,GW,43.2119495,-100.6795838,S,NAD83, 2807,  5,NGVD29,10150006
USGS,431243100532401, 37N30W 5AADD,GW,43.21194444,-100.89,R,NAD83, 2850., 10,NGVD29,10140203
USGS,431244099521001, 97N 76W 20BBBB,GW,43.2122222,-99.8694444,S,NAD83, 2446,  5,NGVD29,10150006
USGS,431244100210801, 37N26W 2ADAA2,GW,43.21222788,-100.3526295,F,NAD83, 2382,  5,NGVD29,10150006
USGS,431244100265401, 37N26W 6BBCD,GW,43.21222785,-100.4487433,T,NAD83, 2464,  5,NGVD29,10150006
USGS,431244100584001, 37N31W 3BBCA,GW,43.21222685,-100.9782036,S,NAD83, 2872,  1,NGVD29,10140203
USGS,431245099513701, 97N76W20BAAA,GW,43.2125,-99.8602806,F,NAD83, 2419, 10,NAVD88,10140204
USGS,431245099520601, 97N76W17BBBB,GW,43.21250237,-99.868728,T,NAD83, 2396.00,5,NGVD29,10150006
USGS,431245100210801, 37N26W 2ADAA,GW,43.21250565,-100.3526295,T,NAD83, 2383,  5,NGVD29,10150006
USGS,431245100320601, 37N27W 5A,GW,43.2125055,-100.5354126,M,NAD83, 2593,  5,NGVD29,10150006
USGS,431245101023001,37N32W 1AA,GW,43.21250406,-101.0420934,T,NAD83, 2945,5.4,NAVD88,10140203
USGS,431246099524701, 97N 76W 18CDDD,GW,43.21277778,-99.8797222,S,NAD83, 2461,  5,NGVD29,10150006
USGS,431246100135001, 37N25W 1BBDC,GW,43.21278326,-100.2309594,S,NAD83, 2476,  1,NGVD29,10150006
USGS,431246100323801, 37N27W 5BACC,GW,43.21278325,-100.5443017,S,NAD83, 2606,  1,NGVD29,10150006
USGS,431248099532301, 97N76W18CCCC,GW,43.21333056,-99.8897194,F,NAD83, 2454, 10,NAVD88,10150006
USGS,431248100242701, 37N26W 4BBD,GW,43.21333897,-100.4079088,F,NAD83, 2407,  5,NGVD29,10150006
USGS,431249099580901, 97N77W17DDD,GW,43.21361409,-99.9695636,F,NAD83, 2357, 10,NGVD29,10150006
USGS,431249100451501, 37N29W 4AACC,GW,43.2136111,-100.7541667,R,NAD83, 2860, 10,NGVD29,10140203
USGS,431249100481001, 37N29W 6BACB,GW,43.21388889,-100.8036111,R,NAD83, 2842, 10,NGVD29,10140203
USGS,431249100535902, 37N30W 5BAA,GW,43.2136111,-100.8997222,R,NAD83,,,,10140203
USGS,431250100373701, 37N28W 3BBD,GW,43.21333855,-100.6276377,T,NAD83, 2750,5,NGVD29,10150006
USGS,431250100530101, 37N30W 4BAA,GW,43.21444444,-100.8827778,R,NAD83, 2842,10,NGVD29,10140203
USGS,431250101163701, 37N34W 1AAAA,GW,43.2138898,-101.2773724,S,NAD83, 3113, 15,NGVD29,10140203
USGS,431250101163702,37N34W01AAAA (BT-78KR),GW,43.21444444,-101.2763889,U,NAD83, 3115, 15,NGVD29,10140203
USGS,431251100380901, 37N29W 4A,GW,43.21417149,-100.7540307,M,NAD83, 2785,111,NGVD29,10140203
USGS,431251100532801, 37N30W 5AABA,GW,43.21388889,-100.8922222,R,NAD83, 2878, 10,NGVD29,10140203
USGS,431251100532802, 37N30W 5AABA2,GW,43.21388889,-100.8922222,R,NAD83, 2878, 10,NGVD29,10140203
USGS,431252100501801, 38N30W35BDDB,GW,43.2241713,-100.8404219,R,NAD83, 2708,10,NGVD29,10140203
USGS,431252101163501, 37N34W 1AAAA3,GW-TH,43.21444535,-101.2768168,F,NAD83, 3114, 20,NGVD29,10140203
USGS,431252101233401, 37N34W 6BBBB,GW,43.21444375,-101.3932057,T,NAD83, 2986, 20,NGVD29,10140202
USGS,431253099581301, 97N77W17DD,GW,43.21472519,-99.9706747,T,NAD83, 2359, 10,NGVD29,10150006
USGS,431253100072601, 97N 78W 18CC,GW,43.2147222,-100.1238889,S,NAD83, 2409,  5,NGVD29,10150006
USGS,431253100191001, 37N25W 6ABA2,GW,43.21472787,-100.3198508,F,NAD83, 2412,  5,NGVD29,10150006
USGS,431253100535201, 37N30W31DAB,GW,43.2147269,-100.8982014,M,NAD83, 2720, 10,NGVD29,10140203
USGS,431253101282401, 37N35W 4BBB,GW,43.2147204,-101.4737612,T,NAD83, 2966, 10,NGVD29,10140203
USGS,431254100191001, 37N25W 6ABA,GW,43.21500565,-100.3198508,M,NAD83, 2410,  5,NGVD29,10150006
USGS,431254100545801, 38N30W31DCCCC,GW,43.215,-100.9161111,R,NAD83, 1285, 10,NGVD29,10140203
USGS,431255100335501, 37N27W 6BBAA,GW,43.21528317,-100.5656913,S,NAD83, 2598,  1,NGVD29,10150006
USGS,431255100512601, 38N30W34DCBA2,GW,43.21527778,-100.8572222,R,NAD83, 2750, 10,NGVD29,10140203
USGS,431255100533701, 37N30W 4BAAD,GW,43.21527778,-100.8936111,R,NAD83, 2840, 10,NGVD29,10140203
USGS,431255100545701, 38N30W31DCCD,GW,43.215,-100.9113889,R,NAD83, 2872, 10,NGVD29,10140203
USGS,431255101212001,38N34W32DDDD (BT-76A),GW,43.215833,-101.355556,S,NAD83,3030.0,10.0,NGVD29,101402030303
USGS,431256100512402, 38N30W34DCBA,GW,43.21555556,-100.8566667,R,NAD83, 2750, 10,NGVD29,10140203
USGS,431257100151901, 37N25W 3AAAB,GW,43.215839,-100.2556822,F,NAD83, 2467,  5,NGVD29,10150006
USGS,431257101281501, 38N35W33DCCB,GW,43.2158316,-101.4643168,S,NAD83, 2968, 30,NGVD29,10140203
USGS,431258100140001, 37N25W 2AAAA,GW-TH,43.2161166,-100.2337372,S,NAD83, 2497,  5,NGVD29,10150006
USGS,431258101200701, 37N34W 4AAAA1,GW,43.21611116,-101.3357057,F,NAD83, 3028, 20,NGVD29,10140203
USGS,431258101200702, 37N34W 4AAAA2,GW-TH,43.21611116,-101.3357057,F,NAD83, 3028, 20,NGVD29,10140203
USGS,431259100220001, 38N26W35CDD,GW-TH,43.2163945,-100.3670743,S,NAD83, 2365, 10,NGVD29,10150006
USGS,431259100524301, 37N30W 4BAAB,GW,43.21638889,-100.8786111,R,NAD83, 2840, 10,NGVD29,10140203
USGS,431259100574401, 38N31W34DDAC,GW,43.21639349,-100.9626476,S,NAD83, 2502, 10,NGVD29,10140203
USGS,431259100574402, 38N31W34DDAC2,GW,43.21639349,-100.9626476,F,NAD83, 2500, 10,NGVD29,10140203
USGS,431300100274801, 38N27W36CDDC,GW,43.21667226,-100.4637438,S,NAD83, 2472,  1,NGVD29,10150006
USGS,431300100541901, 38N30W32CC,GW,43.21777778,-100.905,R,NAD83, 2860, 10,NGVD29,10140203
USGS,431300101020301, 38N34W31DDAC,GW,43.21722168,-101.3762612,S,NAD83, 2968.00, 20,NGVD29,10140203
USGS,431301100251301, 38N26W32DCC,GW,43.21695005,-100.420687,F,NAD83, 2440,  5,NGVD29,10150006
USGS,431301100460601, 38N29W33CCCB,GW,43.21694444,-100.7686111,R,NAD83, 2796,  1,NGVD29,10140203
USGS,431301100460801, 38N29W33CCCB2,GW,43.21694444,-100.7688889,R,NAD83, 2795, 10,NGVD29,10140203
USGS,431302100365401, 38N28W34DDCB,GW,43.2172274,-100.6154152,S,NAD83, 2691,  1,NGVD29,10150006
USGS,431302100453101, 38N29W33CDBA,GW,43.2172222,-100.7586111,R,NAD83, 2820, 10,NGVD29,10140203
USGS,431303100541801, 38N30W32CCAB,GW,43.21777778,-100.9052778,R,NAD83, 2866, 10,NGVD29,10140203
USGS,431303101075401, 38N32W32CDB,GW,43.21750278,-101.1320939,T,NAD83, 3032,10,NGVD29,10140203
USGS,431305100490201, 38N30W36DCB,GW,43.21917139,-100.817088,R,NAD83, 2818,10,NGVD29,10140203
USGS,431305100512501, 38N30W34DCB,GW,43.21806024,-100.8573669,R,NAD83, 2685, 10,NGVD29,10140203
USGS,431305100522401, 38N30W33D,GW-TH,43.2180602,-100.8737562,M,NAD83, 2840, 20,NGVD29,10140203
USGS,431305101091101, 38N32W31C,GW,43.218058,-101.1534829,M,NAD83, 3150, 50,NGVD29,10140203
USGS,431306099544201, 97N77W14DA,GW,43.2183359,-99.9120623,T,NAD83, 2360, 10,NGVD29,10140204
USGS,431306100122801, 97N 79W 17DA,GW,43.2183333,-100.2077778,S,NAD83, 2539,  5,NGVD29,10150006
USGS,431306100405101, 38N30W36DBDA,GW,43.2183333,-100.6808333,R,NAD83, 2800, 10,NGVD29,10140203
USGS,431307100522402, 38N30W33D2,GW,43.21861578,-100.8737562,M,NAD83, 2840, 20,NGVD29,10140203
USGS,431307100522403, 38N30W33D3,GW,43.21861578,-100.8737562,M,NAD83, 2840, 20,NGVD29,10140203
USGS,431308100223101, 38N26W34DDB,GW,43.2188945,-100.3756857,T,NAD83, 2417,  5,NGVD29,10150006
USGS,431309100200901, 38N26W36DDBB,GW,43.21917229,-100.3362401,S,NAD83, 2410,  1,NGVD29,10150006
USGS,431310099521301, 97N 76W 18DAAA,GW,43.21944675,-99.8706726,S,NAD83, 2408,  5,NGVD29,10150006
USGS,431311099521401, 97N76W18DAAA2,GW,43.21971944,-99.8705611,F,NAD83, 2408, 10,NAVD88,10140204
USGS,431311100193201, 38N25W31CDBA,GW,43.21972785,-100.325962,S,NAD83, 2426,  1,NGVD29,10150006
USGS,431311100450001, 38N29W33DDAA,GW,43.2197222,-100.75,R,NAD83, 2840, 10,NGVD29,10140203
USGS,431311100574301, 38N31W34D,GW-TH,43.21972679,-100.9623698,T,NAD83, 2500, 10,NGVD29,10140203
USGS,431311100574302, 38N31W34D2,GW,43.21972679,-100.9623698,T,NAD83, 2500, 10,NGVD29,10140203
USGS,431311100574303, 38N31W34D3,GW,43.21972679,-100.9623698,M,NAD83, 2500, 10,NGVD29,10140203
USGS,431312099524801, 97N 76W 18ACCC 1,GW,43.22,-99.88,S,NAD83, 2433,  5,NGVD29,10150006
USGS,431312099550801, 97N 77W 14DD,GW,43.22,-99.9188889,S,NAD83, 2381,  5,NGVD29,10140204
USGS,431313099524802, 97N76W18ACCC2,GW,43.22028056,-99.88,F,NAD83, 2433, 10,NAVD88,10140204
USGS,431313101170101, 38N34W36DB,GW,43.2202784,-101.284039,S,NAD83, 3093, 30,NGVD29,10140203
USGS,431314100130501, 38N25W36CACD,GW,43.22028318,-100.226237,F,NAD83, 2474,  5,NGVD29,10150006
USGS,431315099540001, 97N 77W 13BDDA,GW-TH,43.2208333,-99.9,S,NAD83, 2410,  5,NGVD29,10140204
USGS,431315100491501, 38N30W36CBAD,GW,43.22139358,-100.8243104,R,NAD83, 2812,10,NGVD29,10140203
USGS,431315100513201, 38N30W34ABCB,GW,43.22778238,-100.8576446,R,NAD83, 2717,10,NGVD29,10140203
USGS,431315100541301, 38N30W32CBD,GW,43.2191713,-100.9045904,T,NAD83, 2887, 10,NGVD29,10140203
USGS,431317099534601, 97N77W13ADC,GW,43.2213913,-99.8965065,F,NAD83, 2300.00,50,NGVD29,10140204
USGS,431317100452101, 38N29W33ABAB,GW,43.23027778,-100.7555556,R,NAD83, 2833, 10,NGVD29,10140203
USGS,431317100511701, 38N30W34DBAC,GW-TH,43.22139355,-100.8551446,F,NAD83, 2608, 10,NGVD29,10140203
USGS,431318099531301, 97N 76W 18BC,GW,43.22166667,-99.8869444,S,NAD83, 2432,  5,NGVD29,10140204
USGS,431318100442001, 38N29W34DBBC,GW,43.22167147,-100.739308,S,NAD83, 2800,  5,NGVD29,10150006
USGS,431318100532301, 38N30W32DAAB,GW,43.22166667,-100.8897222,R,NAD83, 2838,  1,NGVD29,10140203
USGS,431318100532302, 38N30W32DAAB2,GW-TH,43.22167129,-100.8901455,F,NAD83, 2838, 10,NGVD29,10140203
USGS,431318101264001, 38N35W34CDBC,GW,43.21638736,-101.4495946,S,NAD83, 2950, 20,NGVD29,10140202
USGS,431319100382901, 38N28W33CAAD,GW,43.2219495,-100.6418049,S,NAD83, 2775,  5,NGVD29,10150006
USGS,431319100511701, 38N30W34ACBC,GW,43.22194444,-100.8547222,R,NAD83, 2610, 10,NGVD29,10140203
USGS,431319100511901, 38N30W34DBAB,GW-TH,43.2219491,-100.8557001,F,NAD83, 2610, 10,NGVD29,10140203
USGS,431319100543401, 38N30W31ADD,GW,43.22194905,-100.9098683,F,NAD83, 2720, 20,NGVD29,10140203
USGS,431319100543601, 38N30W31DAAB,GW,43.22194904,-100.9104239,S,NAD83, 2883, 10,NGVD29,10140203
USGS,431322100361601, 38N28W34ADDD,GW,43.22278298,-100.6048593,S,NAD83, 2666,  1,NGVD29,10150006
USGS,431322100434001, 38N29W35CBBA,GW,43.2227826,-100.7281965,S,NAD83, 2812,  5,NGVD29,10150006
USGS,431322100511901, 38N30W34ACDC,GW,43.2225,-100.855,R,NAD83, 2610, 10,NGVD29,10140203
USGS,431323099492901,97N76W15B,GW,43.2230575,-99.825116,M,NAD83,2379,1.6,NAVD88,10140204
USGS,431323099535501, 97N77W13BAC,GW,43.22305799,-99.8990065,F,NAD83, 2300.00,50,NGVD29,10140204
USGS,431323100213501, 38N26W35DBBA,GW,43.22306115,-100.3601297,M,NAD83, 2403,  5,NGVD29,10150006
USGS,431323100285901, 38N27W35CAAB,GW,43.22306109,-100.4834666,S,NAD83, 2529,  1,NGVD29,10150006
USGS,431323100511601, 38N30W34ACDC2,GW-TH,43.2230602,-100.8548668,F,NAD83, 2610, 10,NGVD29,10140203
USGS,431325100324601, 38N27W32CBA,GW,43.22361649,-100.5465241,T,NAD83, 2680, 30,NGVD29,10150006
USGS,431325101124001, 38N33W34ACCA,GW,43.22361265,-101.2115387,S,NAD83, 3239, 10,NGVD29,10140203
USGS,431327099571001, 97N77W15AACC,GW,43.2241694,-99.9531744,T,NAD83, 2383, 10,NGVD29,10140204
USGS,431327100111001, 97N 79W 16AADD,GW-TH,43.22416667,-100.1861111,S,NAD83, 2606,  5,NGVD29,10150006
USGS,431327100111002, 97N 79W 16AADD 2,GW,43.22416667,-100.1861111,S,NAD83, 2606,  5,NGVD29,10150006
USGS,431327100164501, 38N25W33ACD,GW,43.22417229,-100.2795718,T,NAD83, 2475, 20,NGVD29,10150006
USGS,431327100242701, 38N26W33BCC,GW,43.2241722,-100.4079089,T,NAD83, 2439,  5,NGVD29,10150006
USGS,431327100242901, 38N26W33BCDC,GW,43.2241722,-100.4084644,F,NAD83, 2442,  5,NGVD29,10150006
USGS,431327101043001, 38N32W35BCAD,GW,43.2241701,-101.0754268,S,NAD83, 3002, 10,NGVD29,10140203
USGS,431328100240901, 38N26W33BDD,GW,43.22445,-100.4029087,M,NAD83, 2424,  5,NGVD29,10150006
USGS,431328100503101, 38N30W35BDDB2,GW,43.22444909,-100.8423664,F,NAD83, 2708, 10,NGVD29,10140203
USGS,431328101053801, 38N32W34BCAD,GW,43.2244476,-101.0943158,F,NAD83, 2987, 10,NGVD29,10140203
USGS,431330099484501,97N76W15AABA (TR-78H),GW,43.225,-99.8125,F,NAD83,2332.0,10.0,NGVD29,10150006
USGS,431330100511004, 38N30W34ACA4,GW-TH,43.2250046,-100.8532,M,NAD83, 2610, 15,NGVD29,10140203
USGS,431330100511005, 38N30W34ACA5,GW-TH,43.2250046,-100.8532,M,NAD83, 2610, 15,NGVD29,10140203
USGS,431330100511701, 38N30W34ACA,GW-TH,43.2250046,-100.8551446,T,NAD83, 2610, 10,NGVD29,10140203
USGS,431330100511702, 38N30W34ACA2,GW-TH,43.2250046,-100.8551446,T,NAD83, 2610, 10,NGVD29,10140203
USGS,431330100511703, 38N30W34ACA3,GW-TH,43.2250046,-100.8551446,M,NAD83, 2610, 10,NGVD29,10140203
USGS,431330100511706, 38N30W34ACA6,GW-TH,43.2250046,-100.8551446,T,NAD83, 2610, 15,NGVD29,10140203
USGS,431332100094801, 97N 79W 14BB,GW,43.22555556,-100.1633333,S,NAD83, 2480,  5,NGVD29,10150006
USGS,431334099520701,97N76W17BBBB1 (TR-78A),GW,43.226111,-99.868611,T,NAD83,2398.0,10.0,NGVD29,101402040802
USGS,431334100440401, 38N29W34A,GW-TH,43.22611589,-100.7348634,T,NAD83, 2811, 25,NGVD29,10150006
USGS,431335100511101, 38N30W34A,GW-TH,43.2263935,-100.8534778,M,NAD83, 2600,100,NGVD29,10140203
USGS,431336099510001, 97N 76W 16BBBB,GW,43.22666667,-99.85,S,NAD83, 2420,  5,NGVD29,10150006
USGS,431336101024201, 38N32W36ABDA,GW,43.22667049,-101.0454266,S,NAD83, 2938, 10,NGVD29,10140203
USGS,431337099555301, 97N 77W 15AAAB,GW-TH,43.22694444,-99.9313889,S,NAD83, 2393,  5,NGVD29,10140204
USGS,431337100095701, 97N 79W 14BBBB,GW,43.22694444,-100.1658333,S,NAD83, 2462,  5,NGVD29,10150006
USGS,431337100272201, 38N27W36AACC,GW,43.22694996,-100.4565214,F,NAD83, 2483,  5,NGVD29,10150006
USGS,431337100312101, 38N27W33BDA,GW,43.22694987,-100.5229123,M,NAD83, 2570, 20,NGVD29,10150006
USGS,431337100502301, 38N30W35BDBC,GW,43.22694444,-100.8397222,R,NAD83, 2700, 10,NGVD29,10140203
USGS,431338099525001, 97N 76W 18BAAA,GW,43.2272222,-99.8805556,S,NAD83, 2409,  5,NGVD29,10140204
USGS,431338099525101, 97N76W18BAAA1,GW,43.22721944,-99.8808306,F,NAD83, 2409, 10,NAVD88,10140204
USGS,431338099543301, 97N 77W 13BBBB,GW-TH,43.2272222,-99.9091667,S,NAD83, 2362,  5,NGVD29,10140204
USGS,431338100521401, 38N30W33AAAD,GW,43.2272222,-100.8705556,R,NAD83, 2840, 10,NGVD29,10140203
USGS,431338100570901, 38N31W35BA,GW,43.2272267,-100.952925,T,NAD83, 2485, 10,NGVD29,10140203
USGS,431339099534101, 97N 77W 12DCDD,GW,43.2275,-99.8947222,S,NAD83, 2340,  5,NGVD29,10140204
USGS,431339100283101, 38N27W35AACC,GW,43.2275055,-100.4756886,S,NAD83, 2482,  1,NGVD29,10150006
USGS,431340100253901, 38N26W32BBD,GW,43.2277833,-100.4279095,M,NAD83, 2452,  5,NGVD29,10150006
USGS,431340100253902, 38N26W32BBD2,GW,43.2277833,-100.4279095,T,NAD83, 2452,  5,NGVD29,10150006
USGS,431340100430401, 38N29W35ACBB,GW,43.22667149,-100.7190296,S,NAD83, 2803,5,NGVD29,10150006
USGS,431340100481701, 38N29W31BBDA,GW,43.22777778,-100.8047222,R,NAD83, 2835, 10,NGVD29,10140203
USGS,431340100510201, 38N30W34AA,GW-TH,43.22778239,-100.8509778,T,NAD83, 2645, 20,NGVD29,10140203
USGS,431340100510202, 38N30W34AA2,GW-TH,43.22778239,-100.8509778,T,NAD83, 2645, 20,NGVD29,10140203
USGS,431340100521401, 38N30W33AA,GW,43.22778236,-100.8709783,T,NAD83, 2840, 20,NGVD29,10140203
USGS,431340100521402, 38N30W33AA2,GW-TH,43.22778236,-100.8709783,T,NAD83, 2840, 20,NGVD29,10140203
USGS,431340100521403, 38N30W33AA3,GW-TH,43.22778236,-100.8709783,T,NAD83, 2840, 20,NGVD29,10140203
USGS,431340100521404, 38N30W33AA4,GW-TH,43.22778236,-100.8709783,T,NAD83, 2840, 20,NGVD29,10140203
USGS,431340100521405, 38N30W33AA5,GW,43.23555556,-100.8688889,R,NAD83, 2840, 20,NGVD29,10140203
USGS,431340101145901, 38N33W32B,GW,43.22777866,-101.25015,T,NAD83, 3180, 50,NGVD29,10140203
USGS,431342100260801, 38N26W31AACB,GW,43.22833885,-100.4359653,S,NAD83, 2451,  1,NGVD29,10150006
USGS,431342100344101,"38N28W36ABCB RST GW Well RB-15 nr Mission, SD",GW,43.229722,-100.581111,S,NAD83,2602.26,0.17,NAVD88,101500060104
USGS,431342100463601, 38N29W32ABCA,GW,43.22777778,-100.7775,R,NAD83, 2807, 10,NGVD29,10140203
USGS,431343099534301, 97N 77W 12DD,GW,43.2286111,-99.8952778,S,NAD83, 2336,  5,NGVD29,10140101
USGS,431343100375101, 38N28W34BBCB,GW,43.22861619,-100.631249,F,NAD83, 2783,  5,NGVD29,10150006
USGS,431343100581701, 38N31W34BAA,GW-TH,43.22861559,-100.9718144,F,NAD83, 2670, 20,NGVD29,10140203
USGS,431344099534801, 97N 77W 12DC 1,GW,43.22888889,-99.8966667,S,NAD83, 2339,  5,NGVD29,10140204
USGS,431344099534802, 97N 77W 12DC 2,GW,43.22888889,-99.8966667,S,NAD83, 2339,  5,NGVD29,10140204
USGS,431344099534803, 97N 77W 12DC 3,GW,43.22888889,-99.8966667,S,NAD83, 2339,  5,NGVD29,10140204
USGS,431344099534804, 97N 77W 12DC 4,GW,43.22888889,-99.8966667,S,NAD83, 2339,  5,NGVD29,10140204
USGS,431344100400501, 38N28W32BBBB,GW,43.23056049,-100.6709725,T,NAD83, 2657,  5,NGVD29,10150006
USGS,431345099570501, 97N77W 9DD,GW,43.22916934,-99.9517855,T,NAD83, 2400.00,50,NGVD29,10150006
USGS,431345100122801, 97N 79W  8DD,GW,43.22916667,-100.2077778,S,NAD83, 2562,  5,NGVD29,10150006
USGS,431346100173901, 38N25W32AAAC,GW,43.22945,-100.2945722,S,NAD83, 2542,  1,NGVD29,10150006
USGS,431346100510402, 38N30W34AABA2,GW,43.229449,-100.8515333,F,NAD83, 2600, 10,NGVD29,10140203
USGS,431347100232501, 38N26W34BBB,GW,43.22972776,-100.3906862,T,NAD83, 2405, 10,NGVD29,10150006
USGS,431347100400701, 38N28W32BBBA,GW-TH,43.2302827,-100.6693058,F,NAD83, 2656,  5,NGVD29,10150006
USGS,431347100404901, 38N28W31ABBB,GW,43.2297271,-100.680695,F,NAD83, 2666,  5,NGVD29,10150006
USGS,431347100405101, 38N28W31BAAA,GW-TH,43.2297271,-100.6812506,F,NAD83, 2657,  5,NGVD29,10150006
USGS,431347100510101, 38N30W34AAA,GW-TH,43.2297268,-100.8507,T,NAD83, 2580, 20,NGVD29,10140203
USGS,431348099483601, 97N76W11CCBB,GW,43.2300018,-99.8103935,T,NAD83, 2331.00, 10,NGVD29,10140204
USGS,431348100143301, 38N25W35ABBB,GW,43.2300055,-100.242904,S,NAD83, 2443,  1,NGVD29,10150006
USGS,431348100510401, 38N30W27DDDC,GW,43.23027778,-100.8508333,R,NAD83, 2582, 25,NGVD29,10140203
USGS,431348100521501, 38N30W28DDCA3,GW,43.23,-100.8708333,R,NAD83, 2815, 10,NGVD29,10140203
USGS,431348101210701, 37N34W 4CCA2,GW,43.2016669,-101.3523723,T,NAD83, 3005.00, 15,NGVD29,10140203
USGS,431349099520001, 97N77W14AA,GW,43.2302799,-99.8670614,M,NAD83, 2390, 10,NGVD29,10140204
USGS,431349100451101, 38N29W33ABAA2,GW,43.23027778,-100.7530556,R,NAD83, 2818, 10,NGVD29,10140203
USGS,431350099560001, 97N77W10D,GW,43.2305581,-99.9337295,M,NAD83, 2420.00,100,NGVD29,10140204
USGS,431350100570501, 38N31W26CDDB,GW,43.23056,-100.9518138,F,NAD83, 2477, 10,NGVD29,10140203
USGS,431351100042101, 97N78W 9DDB,GW,43.23083706,-100.0728996,T,NAD83, 2360, 10,NGVD29,10150006
USGS,431351100073501, 97N 79W 12DDAA,GW-TH,43.2308333,-100.1263889,S,NAD83, 2420,  5,NGVD29,10150006
USGS,431351100325901, 38N27W29CCCC,GW,43.2308386,-100.5501354,S,NAD83, 2623,  1,NGVD29,10150006
USGS,431351100521501, 38N30W28DDCA,GW,43.23083789,-100.871256,M,NAD83, 2758, 10,NGVD29,10140203
USGS,431352100231601, 38N26W27CCDC,GW,43.23111664,-100.388186,F,NAD83, 2408, 25,NGVD29,10150006
USGS,431352100301101, 38N27W27CDDC,GW,43.23111656,-100.5034673,S,NAD83, 2514,  1,NGVD29,10150006
USGS,431352100383001, 38N28W28CDDD,GW,43.23056058,-100.6420827,S,NAD83, 2782,5,NGVD29,10150006
USGS,431352100521501, 38N30W28DDCA2,GW,43.2311111,-100.8708333,R,NAD83, 2800, 10,NGVD29,10140203
USGS,431353100264601, 38N26W30CDCB,GW,43.23139438,-100.4465212,S,NAD83, 2449,  1,NGVD29,10150006
USGS,431354099520701, 97N76W 8CBC,GW,43.2316688,-99.8690059,F,NAD83, 2490.00,5,NGVD29,10140204
USGS,431354100364501, 38N28W27DDDC,GW-TH,43.23083845,-100.6134707,F,NAD83, 2678, 10,NGVD29,10150006
USGS,431354100375201, 38N28W28DDDD,GW-TH,43.23083839,-100.6318046,F,NAD83, 2781,  5,NGVD29,10150006
USGS,431355100413801, 38N29W25DDC,GW,43.2319493,-100.6943066,M,NAD83, 2730, 40,NGVD29,10150006
USGS,431356100255401, 38N26W30DAD,GW,43.2347277,-100.4331874,T,NAD83, 2420, 10,NGVD29,10150006
USGS,431357101024301, 38N32W36ACAA,GW,43.2325037,-101.0457043,S,NAD83, 2953, 10,NGVD29,10140203
USGS,431358100094101, 97N 79W 10DA,GW,43.23277778,-100.1613889,S,NAD83, 2468,  5,NGVD29,10150006
USGS,431358100100601, 97N 79W 10DA 1,GW,43.23277778,-100.1683333,S,NAD83, 2468,  5,NGVD29,10150006
USGS,431358100314001, 38N27W28CCAC,GW,43.2327831,-100.5281903,S,NAD83, 2552,  1,NGVD29,10150006
USGS,431358100510701, 38N30W27DDAA,GW,43.23277778,-100.8519444,R,NAD83, 2582, 10,NGVD29,10140203
USGS,431359100154301, 38N25W27DCB,GW,43.23306116,-100.262349,T,NAD83, 2447,  5,NGVD29,10150006
USGS,431400100352901, 38N28W26DDAA,GW-TH,43.233894,-100.5920812,F,NAD83, 2620, 10,NGVD29,10150006
USGS,431401099555401, 97N77W10D2,GW,43.2336136,-99.9320628,M,NAD83, 2450.00,25,NGVD29,10140204
USGS,431401099571501, 97N77W 9DABB,GW,43.23361375,-99.9545633,T,NAD83, 2431, 10,NGVD29,10140204
USGS,431402100414001, 38N29W25D,GW,43.2338937,-100.6948622,M,NAD83, 2755, 60,NGVD29,10150006
USGS,431403099521301, 97N 76W  7DAAA,GW,43.23416667,-99.8702778,S,NAD83, 2370,  5,NGVD29,10140204
USGS,431403099524801, 97N76W 7DBBB1,GW,43.23416944,-99.88,F,NAD83, 2337, 10,NAVD88,10140204
USGS,431403100203401, 38N26W25CDAA,GW,43.2341722,-100.3431848,F,NAD83, 2453,  5,NGVD29,10150006
USGS,431403100293901, 38N27W27DDBA,GW,43.2341721,-100.4945782,S,NAD83, 2523,  1,NGVD29,10150006
USGS,431403100395101, 38N28W29C,GW-TH,43.23417159,-100.6645835,M,NAD83, 2684,  5,NGVD29,10150006
USGS,431403100395102, 38N28W29C2,GW-TH,43.23417159,-100.6645835,T,NAD83, 2789, 25,NGVD29,10150006
USGS,431403100443001, 38N29W27C,GW,43.23417135,-100.7420859,F,NAD83,,,,10150006
USGS,431403101020601,38N32W30CBAD,GW,43.23416667,-101.035,R,NAD83, 2970,5.4,NAVD88,10140203
USGS,431404099521701, 97N76W 7DAAA1,GW,43.23443889,-99.8713889,F,NAD83, 2370, 10,NAVD88,10140204
USGS,431404100255401, 38N26W30DADD,GW,43.2344499,-100.4320763,F,NAD83, 2423,  5,NGVD29,10150006
USGS,431404100565301, 38N31W14ACB,GW,43.23444889,-100.9484804,M,NAD83, 2653, 50,NGVD29,10140203
USGS,431404101291501, 38N35W29ABB,GW,43.24249718,-101.483206,S,NAD83, 2919.00, 30,NGVD29,10140202
USGS,431405100373502, 37N28W17CD2,GW,43.17472765,-100.662083,F,NAD83, 2755, 20,NGVD29,10150006
USGS,431405101020901, 38N31W30CBAC,GW,43.23472607,-101.0362597,S,NAD83, 2967, 10,NGVD29,10140203
USGS,431406100283801, 38N27W26DBD,GW,43.23500545,-100.4776332,T,NAD83, 2500, 10,NGVD29,10150006
USGS,431406100284701, 38N27W26DBC,GW,43.23500544,-100.4801333,T,NAD83, 2475, 10,NGVD29,10150006
USGS,431406100380501, 38N28W28D,GW,43.23417168,-100.6368048,M,NAD83, 2779,10,NGVD29,10150006
USGS,431407100365401, 38N28W27DACC,GW-TH,43.23472729,-100.6159708,F,NAD83, 2679, 10,NGVD29,10150006
USGS,431407100373503, 37N28W17CD3,GW,43.1741721,-100.6526383,F,NAD83, 2770.00,5,NGVD29,10150006
USGS,431407100393101, 38N28W29DBCD,GW-TH,43.23444938,-100.6595833,F,NAD83, 2725, 50,NGVD29,10150006
USGS,431408099531701, 97N76W 7BCC,GW,43.23555777,-99.8884507,F,NAD83, 2318, 10,NGVD29,10140204
USGS,431408099532001, 97N76W 7BCCB,GW,43.23555778,-99.889284,F,NAD83, 2312,  5,NGVD29,10140204
USGS,431409100420701, 38N29W25CA,GW,43.2358381,-100.7023624,T,NAD83, 2805, 25,NGVD29,10150006
USGS,431410099490401, 97N 76W 10AC,GW,43.2361111,-99.8177778,S,NAD83, 2392,  5,NGVD29,10140204
USGS,431410099515601, 97N76W 8BCDB,GW,43.23611319,-99.8659502,F,NAD83, 2350.00,200,NGVD29,10140204
USGS,431410099520003, 97N76W 8BCDB3,GW,43.23611319,-99.8659502,F,NAD83, 2355.00,200,NGVD29,10140204
USGS,431410099520004, 97N76W 8BCDB4,GW,43.23611319,-99.8659502,F,NAD83, 2368.00,200,NGVD29,10140204
USGS,431410099520201, 97N76W 8B,GW,43.2361132,-99.8676169,F,NAD83, 2318,  5,NGVD29,10140204
USGS,431410100190501, 38N25W30DBDA,GW,43.23611666,-100.3184618,S,NAD83, 2478,  1,NGVD29,10150006
USGS,431410100373501, 37N28W17CD,GW,43.17472765,-100.662083,T,NAD83, 2755, 20,NGVD29,10150006
USGS,431411100245001, 38N26W29DAAC,GW,43.23639437,-100.414298,F,NAD83, 2439,  5,NGVD29,10150006
USGS,431412100111601, 97N 79W  9AD,GW,43.23666667,-100.1877778,S,NAD83, 2507,  5,NGVD29,10150006
USGS,431412100431201, 38N29W26CAAD,GW,43.2366714,-100.7204186,S,NAD83, 2801,  5,NGVD29,10150006
USGS,431412100454801, 38N29W29ADAA,GW,43.23666667,-100.7633333,R,NAD83, 2757, 10,NGVD29,10140203
USGS,431413100244901, 38N26W29DAA,GW,43.2369499,-100.4140202,T,NAD83, 2440,  5,NGVD29,10150006
USGS,431413100330801, 38N27W30DAAC,GW,43.2369497,-100.5526355,S,NAD83, 2572,  1,NGVD29,10150006
USGS,431413100360001, 38N28W26DBBB,GW-TH,43.23750509,-100.6012482,F,NAD83, 2630, 10,NGVD29,10150006
USGS,431413100382501, 38N28W28DBB,GW,43.2369494,-100.6406938,T,NAD83, 2780,5,NGVD29,10150006
USGS,431413100384201, 38N28W28CABB,GW-TH,43.23750496,-100.645694,F,NAD83, 2758,  5,NGVD29,10150006
USGS,431414099551601, 97N77W11BDA,GW,43.2372246,-99.921507,F,NAD83, 2265.00,50,NGVD29,10140204
USGS,431414100125801, 38N25W25DABA,GW,43.23722745,-100.2165144,S,NAD83, 2515,  1,NGVD29,10150006
USGS,431414100240001, 38N26W28DBB,GW,43.2372277,-100.4004087,T,NAD83, 2435,  5,NGVD29,10150006
USGS,431414100451301, 38N29W28ADCD,GW,43.2372222,-100.7536111,R,NAD83, 2770, 10,NGVD29,10140203
USGS,431414101055801, 38N32W21DDD,GW,43.23722508,-101.0998712,F,NAD83, 2818, 20,NGVD29,10140203
USGS,431415100034601, 97N78W10B,GW,43.23750355,-100.063177,T,NAD83, 2404, 10,NGVD29,10150006
USGS,431415100365501, 38N28W27DABB,GW,43.23750505,-100.615693,S,NAD83, 2675,  1,NGVD29,10150006
USGS,431415101010601, 38N31W29BCCB R,GW,43.23750408,-101.0187596,F,NAD83, 2920., 10,NGVD29,10140203
USGS,431415101035701, 38N32W26ACDB,GW,43.23750336,-101.0662599,S,NAD83, 3034,  1,NGVD29,10140203
USGS,431416099515401, 97N76W 8BD,GW,43.2377798,-99.8653947,F,NAD83, 2340,  5,NGVD29,10140204
USGS,431416099530501, 97N77W12B,GW,43.23777995,-99.8851173,T,NAD83, 2315, 10,NGVD29,10140101
USGS,431417100041901, 97N 78W  9AB,GW,43.23805556,-100.0719444,S,NAD83, 2367,  5,NGVD29,10150006
USGS,431417100472501, 38N29W30ADDC,GW,43.23805556,-100.7902778,R,NAD83, 2725, 10,NGVD29,10140203
USGS,431417100472502, 38N29W30ADDC2,GW,43.23805556,-100.7902778,R,NAD83, 2725, 10,NGVD29,10140203
USGS,431419100414101, 38N29W25ADCC,GW-TH,43.23806035,-100.6943066,F,NAD83, 2702, 10,NGVD29,10140203
USGS,431420099492101, 97N76W10BADC,GW,43.23889068,-99.8228937,T,NAD83, 2390, 10,NGVD29,10140204
USGS,431420100012501, 97N78W12BB,GW,43.23889199,-100.0240094,F,NAD83, 2500.00,50,NGVD29,10150006
USGS,431420100382401, 38N28W28ACCC,GW-TH,43.2380605,-100.6406939,F,NAD83, 2763,  5,NGVD29,10150006
USGS,431420100400401, 38N28W29BCDB,GW,43.23889376,-100.6681947,S,NAD83, 2689,  5,NGVD29,10150006
USGS,431420101180001, 38N34W23AA,GW,43.2566662,-101.298761,T,NAD83, 3248.00, 60,NGVD29,10140203
USGS,431420101291301, 38N35W29BDAA,GW,43.240275,-101.4848727,S,NAD83, 2926, 30,NGVD29,10140203
USGS,431421100473301, 38N29W30ADBB,GW,43.23916667,-100.7925,R,NAD83, 2725, 10,NGVD29,10140203
USGS,431421100473302, 38N29W30ADBB2,GW,43.23916667,-100.7925,R,NAD83, 2720, 10,NGVD29,10140203
USGS,431421100473303, 38N29W30ADBB3,GW,43.23916667,-100.7925,R,NAD83, 2725, 10,NGVD29,10140203
USGS,431422100134101, 38N25W12BCD,GW,43.23944979,-100.2284592,T,NAD83, 2382,  8,NGVD29,10140204
USGS,431422100405401, 38N28W30BDDD,GW-TH,43.23944927,-100.682084,T,NAD83, 2648,  5,NGVD29,10150006
USGS,431422101221601, 38N34W29BC,GW,43.23944328,-101.3715391,T,NAD83, 2981, 15,NGVD29,10140202
USGS,431423100081401, 97N79W12BA,GW,43.23972657,-100.1376235,F,NAD83, 2422, 10,NAVD88,10150006
USGS,431423100134401, 38N25W12BCC2,GW,43.23972758,-100.2292925,T,NAD83, 2385,  8,NGVD29,10140204
USGS,431423100134501, 38N25W12BCC3,GW,43.23972758,-100.2295703,T,NAD83, 2385,  8,NGVD29,10140204
USGS,431423100134701, 38N25W12BCC4,GW,43.23972759,-100.2301259,T,NAD83, 2385,  8,NGVD29,10140204
USGS,431424100430601, 38N29W26ACB,GW,43.24028248,-100.718474,T,NAD83, 2750, 20,NGVD29,10150006
USGS,431424100452501, 38N29W28ABCC,GW,43.24,-100.7569444,R,NAD83, 2800, 10,NGVD29,10140203
USGS,431424100482701, 38N29W30BCA,GW,43.24,-100.8075,R,NAD83, 2790, 10,NGVD29,10140203
USGS,431425099484201, 97N76W10AAAD,GW,43.24027949,-99.8120602,T,NAD83, 2348.00, 10,NGVD29,10140204
USGS,431425099525501, 97N76W 8BB,GW,43.2402799,-99.8823395,F,NAD83, 2335, 10,NGVD29,10140204
USGS,431425100394901, 38N28W29BC,GW,43.24027778,-100.6636111,F,NAD83,,,,10150006
USGS,431425101020401, 38N31W30BDB,GW,43.2388927,-101.0332041,T,NAD83, 3005, 10,NGVD29,10140203
USGS,431425101154101, 38N33W30A,GW,43.2402781,-101.2618167,M,NAD83, 3248,180,NGVD29,10140203
USGS,431426100371501, 38N28W27ACBC,GW,43.24056056,-100.6212488,S,NAD83, 2768,  1,NGVD29,10150006
USGS,431426100473001, 38N29W30ADBA,GW,43.24055556,-100.7916667,R,NAD83, 2775, 10,NGVD29,10140203
USGS,431426101071301, 38N32W29A,GW-TH,43.240558,-101.1207047,S,NAD83, 2887, 10,NGVD29,10140203
USGS,431426101071302, 38N32W29A2,GW,43.240558,-101.1207047,M,NAD83, 2887, 10,NGVD29,10140203
USGS,431427100375201, 38N28W28ADAA,GW-TH,43.2408383,-100.6320825,F,NAD83, 2781,  5,NGVD29,10150006
USGS,431427100463501, 38N29W29ACAB,GW,43.2408333,-100.7763889,R,NAD83, 2772, 10,NGVD29,10140203
USGS,431427100473002, 38N29W30ADBA2,GW,43.2408333,-100.7916667,R,NAD83, 2779, 10,NGVD29,10140203
USGS,431427100561201, 38N31W25BBAC,GW,43.24055996,-100.9340355,T,NAD83, 2722,20,NGVD29,10140203
USGS,431427100570001, 38N31W26BAD,GW,43.2408377,-100.9504248,F,NAD83, 2463, 20,NGVD29,10140203
USGS,431428100192701,"38N25W30BBC RST GW WELL M-25 NR HIDDEN TIMBER, SD",GW,43.241111,-100.3325,R,NAD83,2481.95,0.14,NAVD88,101500060403
USGS,431428101221901, 38N34W29BB,GW,43.24110988,-101.3723724,T,NAD83, 2978, 15,NGVD29,10140202
USGS,431428101295501, 38N35W30A,GW,43.2411081,-101.4990394,M,NAD83, 2980,150,NGVD29,10140202
USGS,431429100214701, 38N26W26BDAA,GW,43.24139438,-100.3634632,S,NAD83, 2492,  1,NGVD29,10150006
USGS,431430100195901,38N25W30BCBB (TD-80D),GW,43.241111,-100.331944,S,NAD83,2483.0,5.0,NGVD29,101500060403
USGS,431430100320101, 38N27W28B,GW,43.2416719,-100.5340239,M,NAD83, 2518, 20,NGVD29,10150006
USGS,431430100371601, 38N28W27ACB,GW,43.24167166,-100.6215266,F,NAD83, 2768.,  5,NGVD29,10150006
USGS,431431100294301, 38N27W27AACC,GW,43.2419498,-100.4956894,S,NAD83, 2482,  1,NGVD29,10150006
USGS,431431101220801, 38N34W29B,GW,43.2419432,-101.3693169,T,NAD83, 2985, 15,NGVD29,10140202
USGS,431432101123401, 37N33W27BAA,GW,43.1558367,-101.2087614,T,NAD83, 2978,10,NGVD29,10140203
USGS,431432101220601, 38N34W29BA,GW,43.242221,-101.3687613,M,NAD83, 2985,111,NGVD29,10140202
USGS,431433101064301, 38N32W28BABD,GW,43.24250258,-101.1123713,S,NAD83, 2885, 10,NGVD29,10140203
USGS,431434100382701, 38N28W28ABCB,GW,43.2427827,-100.6412495,F,NAD83, 2721,  5,NGVD29,10150006
USGS,431435099483601, 97N76W 2CCCB,GW,43.2430572,-99.8103934,T,NAD83, 2365.00, 10,NGVD29,10140204
USGS,431435100414101, 38N29W25AACB,GW-TH,43.24250477,-100.6920844,F,NAD83, 2663,  5,NGVD29,10140203
USGS,431435100463101, 38N29W29ACAB2,GW,43.24305556,-100.7752778,R,NAD83, 2750, 10,NGVD29,10140203
USGS,431435101065801,38N32W28BBAB,GW,43.24305556,-101.1161111,R,NAD83, 2905,5.4,NAVD88,10140203
USGS,431436099534801, 97N 77W  1DC,GW,43.2433333,-99.8966667,S,NAD83, 2294,  5,NGVD29,10140204
USGS,431436099544101, 97N 77W  2DD,GW,43.2433333,-99.9113889,S,NAD83, 2342,  5,NGVD29,10140204
USGS,431436099545901, 97N 77W 13BD,GW,43.2433333,-99.9163889,S,NAD83, 2383,  5,NGVD29,10140204
USGS,431437100080201, 97N 79W  1DC 1,GW,43.2436111,-100.1338889,S,NAD83, 2441,  5,NGVD29,10150006
USGS,431437100080202, 97N 79W  1DC 2,GW,43.2436111,-100.1338889,S,NAD83, 2441,  5,NGVD29,10150006
USGS,431437100242101, 38N26W28BAC,GW,43.24222767,-100.4054089,T,NAD83, 2480,  5,NGVD29,10150006
USGS,431439100263101, 38N26W30BAAD,GW,43.24417207,-100.4423544,S,NAD83, 2434,  1,NGVD29,10150006
USGS,431439100292201, 38N27W26BBB,GW,43.244172,-100.4898559,T,NAD83, 2470,  5,NGVD29,10150006
USGS,431439100423801, 38N29W26AAAA,GW,43.2447269,-100.7104183,F,NAD83, 2700, 10,NGVD29,10140203
USGS,431440100034801, 97N78W 3CC,GW,43.2444479,-100.0637327,F,NAD83, 2450.00,50,NGVD29,10150006
USGS,431440100275301, 38N27W25BABA,GW,43.2444498,-100.4651329,F,NAD83, 2448,  5,NGVD29,10150006
USGS,431440100345301, 38N28W25ABBB,GW,43.2444495,-100.5818032,S,NAD83, 2668,  1,NGVD29,10150006
USGS,431440100405101, 38N28W30BAAA,GW-TH,43.244727,-100.6812507,F,NAD83, 2635,  5,NGVD29,10150006
USGS,431441100395501, 38N28W29BABA,GW,43.24472705,-100.6656947,S,NAD83, 2787,  5,NGVD29,10150006
USGS,431442100240001, 38N26W28ABBA,GW,43.2450054,-100.4004087,S,NAD83, 2501,  1,NGVD29,10150006
USGS,431443100435301, 38N29W27AAAB,GW,43.2452824,-100.7318078,S,NAD83, 2802,  1,NGVD29,10150006
USGS,431443100565701, 38N31W23DCBC,GW,43.2452821,-100.9495914,F,NAD83, 2500, 20,NGVD29,10140203
USGS,431443101055801, 38N32W21DDDA,GW,43.2452805,-101.0998712,S,NAD83, 2843, 10,NGVD29,10140203
USGS,431443101055802, 38N32W21DDDA2,GW,43.2452805,-101.0998712,F,NAD83, 2843, 10,NGVD29,10140203
USGS,431443101213301, 38N34W33CCAA,GW,43.21777756,-101.3512612,S,NAD83, 3027.00, 25,NGVD29,10140203
USGS,431444099563601, 97N77W 3C,GW,43.24555798,-99.9437298,M,NAD83, 2450, 10,NGVD29,10140204
USGS,431445100052601, 97N78W 5D,GW,43.2458371,-100.0909556,F,NAD83, 2401, 10,NGVD29,10150006
USGS,431445100333201, 38N27W19DCCD,GW,43.24583849,-100.5593025,S,NAD83, 2527,  1,NGVD29,10150006
USGS,431445100530901, 38N30W21CC,GW,43.2458333,-100.8858333,R,NAD83, 2730, 70,NGVD29,10140203
USGS,431445100530902, 38N30W21CC2,GW,43.2458377,-100.8862564,T,NAD83, 2730, 70,NGVD29,10140203
USGS,431445101062001, 38N32W21DCAC,GW,43.24583595,-101.1057045,F,NAD83, 2900, 10,NGVD29,10140203
USGS,431446100144101, 38N25W23CDD,GW,43.2461166,-100.2451263,T,NAD83, 2490, 20,NGVD29,10150006
USGS,431446100380101, 38N28W21DDCD,GW-TH,43.2452827,-100.6345826,F,NAD83, 2760, 15,NGVD29,10150006
USGS,431446100382301, 38N28W21DCC,GW,43.24528268,-100.6409717,T,NAD83, 2710,  5,NGVD29,10150006
USGS,431446100382401, 38N28W21DCCC,GW-TH,43.24528268,-100.6412495,F,NAD83, 2710, 10,NGVD29,10150006
USGS,431446100502301, 38N30W23CDAA,GW,43.2461111,-100.8397222,R,NAD83, 2750, 10,NGVD29,10140203
USGS,431446101113201, 38N33W23CCAD,GW,43.2461111,-101.1930556,R,NAD83, 3083, 10,NGVD29,10140203
USGS,431448101063401, 38N32W21CDAA,GW,43.2466692,-101.1098712,S,NAD83, 2905, 10,NGVD29,10140203
USGS,431449099521901, 97N 76W  6CC,GW,43.24694444,-99.8719444,S,NAD83, 2284,  5,NGVD29,10140204
USGS,431449100414101, 38N29W24DDBC,GW-TH,43.24806027,-100.6945845,F,NAD83, 2657,  5,NGVD29,10150006
USGS,431449100570301, 38N31W23CAAD,GW,43.24694877,-100.951258,M,NAD83, 2448, 10,NGVD29,10140203
USGS,431450100212601, 38N26W23DCAD,GW,43.24722769,-100.3576297,S,NAD83, 2481,  2,NGVD29,10150006
USGS,431450100381001, 38N28W21DCDA,GW-TH,43.2463938,-100.6373605,F,NAD83, 2725, 10,NGVD29,10150006
USGS,431450100385501, 38N28W21BCBD,GW,43.25444918,-100.6498609,F,NAD83, 2690, 10,NGVD29,10150006
USGS,431451099523801, 97N76W 6DB,GW,43.247502,-99.8776172,M,NAD83, 2289,111,NGVD29,10140204
USGS,431451100530001, 38N30W21C,GW,43.2475,-100.8833333,R,NAD83, 2715,100,NGVD29,10140203
USGS,431452100173801, 38N25W20DDA,GW,43.2477833,-100.2942944,T,NAD83, 2630, 40,NGVD29,10150006
USGS,431452100320701, 38N27W20DDBC,GW,43.24778299,-100.5356907,S,NAD83, 2515,  1,NGVD29,10150006
USGS,431453101061001, 38N32W21D,GW,43.245836,-101.1029267,T,NAD83, 2905, 20,NGVD29,10140203
USGS,431453101061002, 38N32W21D2,GW,43.245836,-101.1029267,T,NAD83, 2905, 20,NGVD29,10140203
USGS,431453101061003, 38N32W21D3,GW,43.245836,-101.1029267,T,NAD83, 2905, 20,NGVD29,10140203
USGS,431453101061301,38N32W21DAC,GW,43.24805556,-101.1036111,R,NAD83, 2902,5.4,NAVD88,10140203
USGS,431454100391501, 38N28W20DDBB,GW-TH,43.24833817,-100.6545832,S,NAD83, 2770,  5,NGVD29,10150006
USGS,431454100595901, 38N31W20DADA,GW,43.24833759,-101.0001482,S,NAD83, 2939, 10,NGVD29,10140203
USGS,431455100554801, 38N31W24DADB,GW,43.2486154,-100.9304242,F,NAD83, 2680, 10,NGVD29,10140203
USGS,431458101264201, 38N35W22CADA,GW,43.2494419,-101.4454282,T,NAD83, 2933, 15,NGVD29,10140202
USGS,431459100375201, 38N28W21DADD,GW-TH,43.24917157,-100.6320825,F,NAD83, 2775,  5,NGVD29,10150006
USGS,431500100131501, 38N25W24DBCC,GW,43.24944969,-100.2229035,S,NAD83, 2544,  1,NGVD29,10150006
USGS,431500100570001, 38N31W23D,GW,43.25000429,-100.9504247,M,NAD83, 2450, 10,NGVD29,10140203
USGS,431500100570002, 38N31W23D2,GW,43.25000429,-100.9504247,M,NAD83, 2450, 10,NGVD29,10140203
USGS,431500100570003, 38N31W23,GW,43.25000429,-100.9504247,M,NAD83, 2450, 20,NGVD29,10140203
USGS,431500100570004, 38N31W23D3,GW,43.25000429,-100.9504247,M,NAD83, 2450, 20,NGVD29,10140203
USGS,431500101133301, 36N33W21BBC,GW,43.08639407,-101.2190397,T,NAD83, 2985,10,NGVD29,10140203
USGS,431500101155001, 38N33W18AAB,GW,43.2722223,-101.2607051,F,NAD83, 3020.00, 50,NGVD29,10140203
USGS,431501100444501,38N29W22CC,GW,43.25027778,-100.7458333,R,NAD83, 2768,4.3,NAVD88,10150006
USGS,431501100475401, 38N29W19DBBC,GW,43.25027778,-100.7983333,R,NAD83, 2712, 10,NGVD29,10140203
USGS,431501101005701, 38N31W20CBAA,GW,43.25028176,-101.0162594,S,NAD83, 2837,  1,NGVD29,10140203
USGS,431501101014701, 39N31W19ACDA,GW,43.33889158,-101.0245918,F,NAD83, 2626,50,NGVD29,10140203
USGS,431502099523701, 97N 76W  6AC 1,GW,43.25055556,-99.8769444,S,NAD83, 2272,  5,NGVD29,10140204
USGS,431502100443801, 38N29W22CAC,GW,43.25000455,-100.7409748,T,NAD83, 2730, 20,NGVD29,10150006
USGS,431502100570001, 38N31W23BDDD,GW,43.2505598,-100.9504247,S,NAD83, 2550, 10,NGVD29,10140203
USGS,431502101024101, 38N32W24ACDD,GW,43.25055907,-101.0451485,S,NAD83, 2853, 10,NGVD29,10140203
USGS,431503100281501, 38N27W24CBBC,GW-TH,43.25083865,-100.4712443,S,NAD83, 2428,  8,NGVD29,10150006
USGS,431504100154201, 38N25W22DBC,GW,43.24944999,-100.262349,T,NAD83, 2545,  5,NGVD29,10150006
USGS,431504100491302, 38N30W24CAAC2,GW,43.2511111,-100.8202778,R,NAD83, 2753, 10,NGVD29,10140203
USGS,431504100491401, 38N30W24CAAC,GW,43.2511111,-100.8205556,R,NAD83, 2753, 10,NGVD29,10140203
USGS,431504101193301, 38N34W22ACCC,GW,43.25111026,-101.3262612,S,NAD83, 3215, 60,NGVD29,10140203
USGS,431505099523701, 97N 76W  6AC,GW,43.25138889,-99.8769444,S,NAD83, 2272,  5,NGVD29,10140204
USGS,431505100140001, 37N25W23ADAD,GW,43.1672279,-100.2337374,S,NAD83, 2295,  5,NGVD29,10150006
USGS,431505100164501, 38N25W21DBA,GW,43.25139437,-100.2795718,T,NAD83, 2530, 50,NGVD29,10150006
USGS,431505100261001, 38N26W19DBAA,GW,43.2513942,-100.436521,S,NAD83, 2470,  2,NGVD29,10150006
USGS,431505100423801, 38N29W23DAAA,GW-TH,43.25167128,-100.7104183,F,NAD83, 2670, 10,NGVD29,10150006
USGS,431505100533001, 38N30W20ADC,GW,43.2513932,-100.8920898,F,NAD83, 2707, 10,NGVD29,10140203
USGS,431505100560901, 38N31W24ACCA,GW,43.25139318,-100.9362576,S,NAD83, 2671.97,0.1,NGVD29,10140203
USGS,431505100565801, 38N31W23ACCB R,GW,43.25139316,-100.9495913,S,NAD83, 2459.49,0.1,NGVD29,10140203
USGS,431505100570201, 38N31W23DABC,GW,43.2497265,-100.9443134,F,NAD83, 2620,10,NGVD29,10140203
USGS,431506100281601, 38N27W24CBBB,GW-TH,43.25167196,-100.471522,S,NAD83, 2425,  8,NGVD29,10150006
USGS,431506100281701, 38N27W23DAA,GW-TH,43.25167196,-100.4717998,M,NAD83, 2425,  8,NGVD29,10150006
USGS,431506100363601, 38N28W23CBBB,GW-TH,43.2522271,-100.6118041,F,NAD83, 2635,  5,NGVD29,10150006
USGS,431507099511701, 97N76W 5A,GW,43.25194626,-99.8551167,M,NAD83, 2261, 10,NGVD29,10140204
USGS,431507099575201, 97N77W 4BC,GW,43.2519469,-99.9648414,F,NAD83, 2450.00,25,NGVD29,10140204
USGS,431507100533201, 38N30W21CCAD,GW,43.25194444,-100.8922222,R,NAD83, 2715, 10,NGVD29,10140203
USGS,431507101120901, 38N33W22ACDA,GW,43.25194444,-101.2025,R,NAD83, 3041,  1,NGVD29,10140203
USGS,431508100562101, 38N31W24BDAD R,GW,43.25222649,-100.9393133,S,NAD83, 2604.68,0.1,NGVD29,10140203
USGS,431509100185901, 38N25W19ADCC,GW,43.2525054,-100.3167951,S,NAD83, 2530,  2,NGVD29,10150006
USGS,431509100453501, 38N29W21CAAA,GW,43.2525,-100.7597222,R,NAD83, 2794, 10,NGVD29,10140203
USGS,431509100453502, 38N29W21CAAA2,GW,43.2525,-100.7597222,R,NAD83, 2794, 10,NGVD29,10140203
USGS,431510099560101, 97N77W 3A,GW,43.25278,-99.9340074,M,NAD83, 2350, 10,NGVD29,10140204
USGS,431510100424201, 38N29W23ADDC,GW,43.25278236,-100.712085,S,NAD83, 2679, 10,NGVD29,10150006
USGS,431511100144701, 38N25W23BDCA,GW,43.25306098,-100.246793,S,NAD83, 2536,  2,NGVD29,10150006
USGS,431511100394101, 38N28W20ACCB,GW,43.25306029,-100.6618057,S,NAD83, 2765, 10,NGVD29,10150006
USGS,431511101220501, 38N34W20BDBA,GW,43.254443,-101.3684835,S,NAD83, 3025, 30,NGVD29,10140203
USGS,431512100193501, 38N25W19BDC,GW,43.2533387,-100.3267955,M,NAD83, 2510, 16,NGVD29,10150006
USGS,431512100214701, 38N26W23BDD,GW,43.25333868,-100.3634632,T,NAD83, 2534, 16,NGVD29,10150006
USGS,431512100402501, 38N28W19ADCD,GW-TH,43.2525047,-100.6751394,F,NAD83, 2673, 10,NGVD29,10150006
USGS,431513100221801, 38N26W22DDDD,GW,43.2536164,-100.3720746,S,NAD83, 2490,  1,NGVD29,10150006
USGS,431514101061101, 38N32W21ADBB,GW,43.25361367,-101.1032044,S,NAD83, 2845,10,NGVD29,10140203
USGS,431515099484601, 97N 76W  3AA,GW,43.25416667,-99.8127778,S,NAD83, 2256,  5,NGVD29,10140204
USGS,431515100501701, 38N30W23ACBC,GW,43.254171,-100.8384773,F,NAD83, 2720, 10,NGVD29,10140203
USGS,431515100553901, 38N30W19BCBA R,GW,43.25389315,-100.927924,S,NAD83, 2659.35,0.1,NGVD29,10140203
USGS,431515100562701, 38N31W24BDAC,GW,43.2541709,-100.9412577,F,NAD83, 2600, 10,NGVD29,10140203
USGS,431515101062301, 38N32W21A,GW,43.25416916,-101.1068155,M,NAD83, 2840, 40,NGVD29,10140203
USGS,431515101062302, 38N32W21A2,GW,43.25416916,-101.1068155,M,NAD83, 2840, 40,NGVD29,10140203
USGS,431516100281501, 38N27W24CCBC,GW,43.25444966,-100.4712443,F,NAD83, 2435,  5,NGVD29,10150006
USGS,431516100381001, 38N28W21ACAD,GW-TH,43.2544492,-100.6376383,F,NAD83, 2776, 10,NGVD29,10150006
USGS,431516100385001, 38N28W21BCDB,GW-TH,43.2533381,-100.6487497,F,NAD83, 2690, 25,NGVD29,10150006
USGS,431516100405601, 38N28W19BDDA,GW-TH,43.253338,-100.682084,F,NAD83, 2625, 10,NGVD29,10150006
USGS,431516100542901, 38N30W19AADD,GW,43.25444444,-100.9080556,R,NAD83, 2508, 10,NGVD29,10140203
USGS,431517100562301, 38N31W24BDAC2 R,GW,43.25472645,-100.9401466,S,NAD83, 2573.99,0.1,NGVD29,10140203
USGS,431517101224701, 38N34W19B,GW,43.2547205,-101.3901502,S,NAD83, 2949, 20,NGVD29,10140203
USGS,431517101284201, 38N35W20ACA,GW-TH,43.2547192,-101.4801505,S,NAD83, 2952, 15,NGVD29,10140202
USGS,431518100245401, 38N26W20ADB,GW,43.25500525,-100.4154093,T,NAD83, 2520,  8,NGVD29,10150006
USGS,431519099520301, 97N76W 5BBBA,GW,43.2552796,-99.8678948,T,NAD83, 2264, 10,NGVD29,10140204
USGS,431519100375701, 38N28W21ADAA,GW,43.25528254,-100.6329159,S,NAD83, 2768, 10,NGVD29,10150006
USGS,431519100414201, 38N29W24ACAA,GW,43.25528236,-100.6954178,S,NAD83, 2647, 10,NGVD29,10150006
USGS,431520100593601, 38N31W16DBAA,GW,43.2652818,-100.9857032,S,NAD83, 2710, 10,NGVD29,10140203
USGS,431520101281201, 38N35W21BBAD,GW,43.2569416,-101.4704282,S,NAD83, 2942, 15,NGVD29,10140202
USGS,431521100500401, 38N30W23ABDD,GW,43.25583765,-100.834866,F,NAD83, 2727, 10,NGVD29,10140203
USGS,431522100284302, 38N27W23ABCD2,GW,43.25611627,-100.4790223,F,NAD83, 2450,  8,NGVD29,10150006
USGS,431522100284501, 38N27W23ABCD,GW,43.25611627,-100.4795779,T,NAD83, 2448,  8,NGVD29,10150006
USGS,431522100571401, 38N31W23ABAD,GW-TH,43.2561153,-100.9543136,F,NAD83, 2445, 10,NGVD29,10140203
USGS,431523099521201, 98N76W31DDDD,GW,43.2563907,-99.8703949,T,NAD83, 2260, 10,NGVD29,10140204
USGS,431523100095701, 98N 79W 34DDDD,GW,43.25638889,-100.1658333,S,NAD83, 2493,  5,NGVD29,10150006
USGS,431523100110801, 98N 79W 34CCCC,GW,43.25638889,-100.1855556,S,NAD83, 2493,  5,NGVD29,10150006
USGS,431523101054801, 38N32W22BBBC,GW,43.2563915,-101.0970932,S,NAD83, 2875, 10,NGVD29,10140203
USGS,431525099515501, 97N76W 5BBBB,GW,43.2569462,-99.8656725,F,NAD83, 2272, 10,NGVD29,10140204
USGS,431525099515502, 97N76W 5BBBB2,GW,43.2569462,-99.8656725,F,NAD83, 2258.00,10,NGVD29,10140204
USGS,431525100190501, 38N25W19ABDA,GW,43.2569497,-100.318462,S,NAD83, 2559,  2,NGVD29,10150006
USGS,431525100380601, 38N28W21AAC,GW-TH,43.2563936,-100.6365271,T,NAD83, 2765, 10,NGVD29,10150006
USGS,431525100442001, 38N29W22ABCC,GW,43.25694886,-100.739308,F,NAD83, 2718, 10,NGVD29,10150006
USGS,431525100502902, 38N30W23BACA2,GW,43.2569487,-100.8418107,F,NAD83, 2717, 10,NGVD29,10140203
USGS,431525100522901, 38N30W23BACA,GW-TH,43.2569487,-100.8751449,F,NAD83, 2717, 10,NGVD29,10140203
USGS,431525100563601, 38N31W23AABA,GW-TH,43.2569486,-100.9437578,M,NAD83, 2445, 10,NGVD29,10140203
USGS,431525100563801, 38N31W23ABAD2,GW,43.25639309,-100.9457023,F,NAD83, 2446, 10,NGVD29,10140203
USGS,431526100314601, 38N27W21BBC2,GW,43.25722724,-100.5298572,T,NAD83, 2500,  5,NGVD29,10150006
USGS,431526100341701, 38N28W24AADD,GW-TH,43.2563938,-100.5726363,F,NAD83, 2535,  5,NGVD29,10150006
USGS,431526100385901, 38N28W21BBCC,GW-TH,43.2561158,-100.6515276,F,NAD83, 2712, 10,NGVD29,10150006
USGS,431526100563101, 38N31W23AAAB2,GW-TH,43.2572264,-100.9423688,F,NAD83, 2445, 10,NGVD29,10140203
USGS,431526100563201, 38N31W23AAB2,GW,43.2572264,-100.9426466,S,NAD83, 2445, 10,NGVD29,10140203
USGS,431526100563202, 38N31W23AAAB2 R,GW,43.2572264,-100.94348,S,NAD83, 2442.71,0.1,NGVD29,10140203
USGS,431526100563203, 38N31W23AAAB3 R,GW,43.2572264,-100.94348,S,NAD83, 2442.55,0.1,NGVD29,10140203
USGS,431527099522901, 98N76W31DD,GW,43.2575018,-99.8751172,F,NAD83, 2280.00,5,NGVD29,10140204
USGS,431527099523001, 98N76W31DCDD,GW,43.2575018,-99.875395,F,NAD83, 2279, 10,NGVD29,10140204
USGS,431527099524501, 98N76W31DCCC,GW,43.25750186,-99.8795617,F,NAD83, 2275, 10,NGVD29,10140204
USGS,431527100433501, 38N29W23BBDB,GW,43.2575044,-100.7268076,S,NAD83, 2775, 10,NGVD29,10150006
USGS,431527100502901, 38N30W23BABD,GW,43.25750428,-100.8418107,F,NAD83, 2716,10,NGVD29,10140203
USGS,431527101262501, 38N35W23BAAA2,GW,43.2611089,-101.425428,F,NAD83, 2917, 10,NGVD29,10140202
USGS,431527101265701, 38N35W22BABD,GW,43.25749748,-101.4482059,T,NAD83, 2926, 15,NGVD29,10140202
USGS,431528099522801, 98N76W31DCBB,GW,43.2577796,-99.8748394,T,NAD83, 2263, 10,NGVD29,10140204
USGS,431528100314701, 38N27W21BBCB,GW,43.25778278,-100.530135,F,NAD83, 2500,  5,NGVD29,10150006
USGS,431528100405901, 38N28W19BAAC,GW,43.2577823,-100.683473,S,NAD83, 2616, 10,NGVD29,10150006
USGS,431529100091201, 98N 79W 35DC,GW,43.25805556,-100.1533333,S,NAD83, 2493,  5,NGVD29,10150006
USGS,431529100104101, 98N 79W 34CC,GW,43.25805556,-100.1780556,S,NAD83, 2469,  5,NGVD29,10150006
USGS,431529100363601, 38N28W23BBCB,GW-TH,43.25750477,-100.6118042,F,NAD83, 2625,  5,NGVD29,10150006
USGS,431529100410501, 38N28W19BACA,GW-TH,43.256949,-100.6848619,F,NAD83, 2625, 10,NGVD29,10150006
USGS,431530100500601, 38N30W23ABAC,GW,43.2583333,-100.835,R,NAD83, 2720, 10,NGVD29,10140203
USGS,431530100550801, 38N30W18DBCD,GW,43.2616708,-100.9165348,S,NAD83, 2411.5,.1,NGVD29,10140203
USGS,431530101064901, 38N32W16CDC,GW,43.25833568,-101.1140378,F,NAD83, 2860, 20,NGVD29,10140203
USGS,431530101264101,38N35W23BABB (BT-77B),GW,43.258611,-101.429722,S,NAD83,2933.0,8.0,NGVD29,101402020901
USGS,431530101273001, 38N35W16CCCC2,GW,43.25833045,-101.4745948,F,NAD83, 2935, 15,NGVD29,10140202
USGS,431531101282701,38N35W16CCCC (BT-77A),GW,43.258611,-101.474167,T,NAD83,2940.0,8.0,NGVD29,101402020303
USGS,431532100200101, 38N26W24AAAB,GW,43.2588941,-100.334018,M,NAD83, 2503,  8,NGVD29,10150006
USGS,431532100332801, 38N27W19ABA,GW,43.25889378,-100.5581914,T,NAD83, 2504,  5,NGVD29,10150006
USGS,431532100381001, 38N28W21ABAA,GW-TH,43.25889356,-100.6376383,F,NAD83, 2762, 10,NGVD29,10150006
USGS,431532100384201, 38N28W21BABB,GW-TH,43.2588935,-100.6465274,F,NAD83, 2698, 20,NGVD29,10150006
USGS,431533100051201, 98N 78W 33CCBB,GW-TH,43.25916667,-100.0866667,S,NAD83, 2421,  5,NGVD29,10150006
USGS,431533100510401, 38N30W15DDCD,GW,43.2591709,-100.8515332,S,NAD83, 2715, 10,NGVD29,10140203
USGS,431533101080501, 38N32W17CCD,GW,43.25916868,-101.135149,T,NAD83, 3059, 10,NGVD29,10140203
USGS,431534099522901, 98N76W31D,GW,43.25944625,-99.8751172,F,NAD83, 2280.00,5,NGVD29,10140204
USGS,431534100503801, 38N30W14CCDD,GW,43.25944869,-100.8443108,F,NAD83, 2715,10,NGVD29,10140203
USGS,431536100472201, 38N29W17BCDA,GW,43.26805556,-100.7852778,R,NAD83, 2687, 10,NGVD29,10140203
USGS,431536100533601, 38N30W17DCD,GW,43.26000419,-100.8937565,T,NAD83, 2550, 20,NGVD29,10140203
USGS,431536100543101, 38N30W18DDAD,GW,43.26,-100.9088889,R,NAD83, 2419.62,0.1,NGVD29,10140203
USGS,431536101274201, 38N35W16DCC,GW,43.2599973,-101.4620948,T,NAD83, 2946, 10,NGVD29,10140202
USGS,431537100082301, 98N79W36C,GW,43.2602818,-100.1401238,M,NAD83, 2493, 10,NGVD29,10150006
USGS,431537100255001, 38N26W17CCCC,GW,43.26028286,-100.4309654,S,NAD83, 2490,  2,NGVD29,10150006
USGS,431537100504701, 38N30W14CCCA,GW,43.260282,-100.8468108,F,NAD83, 2723.00,10,NGVD29,10140203
USGS,431537100545201, 38N30W18DCA,GW-TH,43.2602819,-100.9148681,T,NAD83, 2430, 10,NGVD29,10140203
USGS,431538099520801, 98N76W32CBCB,GW,43.2605573,-99.8692838,S,NAD83, 2273, 10,NGVD29,10140204
USGS,431538100334201, 38N27W18DCC,GW,43.2602826,-100.5593026,T,NAD83, 2498,  5,NGVD29,10150006
USGS,431538100412701, 38N29W13DDDD,GW-TH,43.25944895,-100.6906954,F,NAD83, 2618, 10,NGVD29,10140203
USGS,431538100420301, 38N29W13CDDD,GW-TH,43.25972669,-100.7009735,F,NAD83, 2763, 10,NGVD29,10140203
USGS,431538100542101, 38N30W17CCAC,GW-TH,43.2605597,-100.9062568,F,NAD83, 2416, 10,NGVD29,10140203
USGS,431538100545702, 38N30W18DCBD2,GW-TH,43.2605597,-100.916257,F,NAD83, 2425, 10,NGVD29,10140203
USGS,431538101062301, 38N32W16DBA,GW,43.260558,-101.1068155,F,NAD83, 2775, 20,NGVD29,10140203
USGS,431539100352401, 38N28W13CCCC,GW-TH,43.259727,-100.5920813,F,NAD83, 2577,  2,NGVD29,10140204
USGS,431540100154501, 38N25W15DCCB,GW,43.2611163,-100.2629049,S,NAD83, 2467,  2,NGVD29,10140204
USGS,431540100541801, 38N30W17CCB,GW-TH,43.26111527,-100.9054234,M,NAD83, 2415, 10,NGVD29,10140203
USGS,431540100545801, 38N30W18DCBD,GW,43.26055556,-100.9158333,R,NAD83, 2425, 10,NGVD29,10140203
USGS,431540101062301, 38N32W16DCBA2,GW,43.26111355,-101.1068154,S,NAD83, 2825, 10,NGVD29,10140203
USGS,431540101062401, 38N32W16DCBA,GW,43.26111355,-101.1070932,F,NAD83, 2826, 10,NGVD29,10140203
USGS,431541100332301, 38N27W18DCDA,GW,43.2613937,-100.5568025,S,NAD83, 2499,  1,NGVD29,10150006
USGS,431541100541701, 38N30W17CCA,GW-TH,43.26139304,-100.9051456,F,NAD83, 2415, 10,NGVD29,10140203
USGS,431541100545701, 38N30W18DCB,GW-TH,43.261393,-100.916257,T,NAD83, 2415, 10,NGVD29,10140203
USGS,431541101035501, 38N32W14DCAB,GW,43.26139196,-101.065704,S,NAD83, 2896, 10,NGVD29,10140203
USGS,431542100025901, 98N 78W 34DA,GW,43.26166667,-100.0497222,S,NAD83, 2414,  5,NGVD29,10150006
USGS,431543099531801, 98N76W31CCBB,GW,43.26194628,-99.8887287,F,NAD83, 2245.00,25,NGVD29,10140204
USGS,431543100221601, 38N26W14CCBC,GW,43.2619495,-100.3715192,S,NAD83, 2516,  2,NGVD29,10150006
USGS,431543100412901, 38N29W13DDAA2,GW,43.2625044,-100.6906954,F,NAD83, 2617, 10,NGVD29,10140203
USGS,431544100352001, 38N28W13CCAC,GW,43.26222694,-100.5893035,S,NAD83, 2571,  1,NGVD29,10150006
USGS,431544100412701, 38N29W13DDAA,GW,43.26194444,-100.6916667,R,NAD83, 2615,10,NGVD29,10150006
USGS,431544101014101, 37N31W18DBCC,GW,43.175838,-101.0284827,S,NAD83, 2837, 10,NGVD29,10140203
USGS,431544101041101, 38N32W14CAD,GW,43.26250299,-101.0704263,T,NAD83, 2895,10,NGVD29,10140203
USGS,431544101261601, 38N35W15DDB,GW,43.26221987,-101.4382058,T,NAD83, 2939, 25,NGVD29,10140202
USGS,431544101263301, 38N35W15DBCC,GW,43.2622198,-101.442928,T,NAD83, 2936, 25,NGVD29,10140202
USGS,431545100503601, 38N30W14C,GW,43.26250419,-100.8437552,M,NAD83, 2730, 40,NGVD29,10140203
USGS,431545100541501, 38N30W17CBDD,GW,43.26194859,-100.9032011,F,NAD83, 2408, 10,NGVD29,10140203
USGS,431545100554401, 38N31W13DBCA,GW-TH,43.2625041,-100.9293129,F,NAD83, 2430, 10,NGVD29,10140203
USGS,431545100554901, 38N31W13DBCB,GW-TH,43.2625041,-100.9307018,F,NAD83, 2430, 10,NGVD29,10140203
USGS,431546100025101, 98N 78W 34DAAA,GW-TH,43.26277778,-100.0475,S,NAD83, 2420,  5,NGVD29,10150006
USGS,431546101085101, 38N32W18DBCB,GW,43.26277958,-101.1479268,S,NAD83, 3007, 10,NGVD29,10140203
USGS,431547100412802, 38N29W13DDDA,GW,43.26305556,-100.6911111,R,NAD83, 2618, 10,NGVD29,10150006
USGS,431547100555301, 38N31W13DABA,GW-TH,43.26305966,-100.931813,F,NAD83, 2430, 10,NGVD29,10140203
USGS,431547100555601, 38N31W13DABC,GW,43.26305966,-100.9326463,M,NAD83, 2425, 10,NGVD29,10140203
USGS,431548100314401, 38N27W16CBCD,GW,43.26333819,-100.5293017,F,NAD83, 2484,  5,NGVD29,10150006
USGS,431548100413002, 38N29W13DCCC,GW,43.2633333,-100.6916667,R,NAD83, 2620, 10,NGVD29,10150006
USGS,431548100554901, 38N31W13DBBC,GW-TH,43.2633374,-100.9307018,F,NAD83, 2430, 10,NGVD29,10140203
USGS,431549100414201, 38N29W12DCDA,GW,43.27416667,-100.695,R,NAD83, 2626, 20,NGVD29,10150006
USGS,431549100555801, 38N31W13CAAC,GW-TH,43.2636152,-100.9332019,F,NAD83, 2425, 10,NGVD29,10140203
USGS,431550099524501, 98N76W31ACCC,GW,43.2638906,-99.8795618,F,NAD83, 2260, 10,NGVD29,10140204
USGS,431550099524901, 98N76W31BCDD,GW,43.26389065,-99.880673,F,NAD83, 2260.00,5,NGVD29,10140204
USGS,431550100551301, 38N30W27CBBD,GW,43.26388889,-100.9205556,R,NAD83, 2416, 10,NGVD29,10140203
USGS,431550100554701, 38N31W13DBBA,GW-TH,43.26389298,-100.9301462,T,NAD83, 2437, 10,NGVD29,10140203
USGS,431550100590501, 38N31W16CABD2,GW,43.2638957,-100.9855727,U,NAD83, 2702,4.3,NAVD88,10140203
USGS,431551099530101, 98N76W31BDCC,GW,43.2641684,-99.8840064,F,NAD83, 2270,  5,NGVD29,10140204
USGS,431551100401301, 38N28W17CBCA,GW,43.2641711,-100.6706948,S,NAD83, 2658, 10,NGVD29,10150006
USGS,431551100441601, 38N29W15DBCD,GW-TH,43.26389316,-100.7381968,F,NAD83, 2696, 10,NGVD29,10140203
USGS,431551100554901, 38N31W13DBBB,GW-TH,43.26417075,-100.9307018,F,NAD83, 2420, 10,NGVD29,10140203
USGS,431551100555701, 38N31W13CAAB,GW-TH,43.26417075,-100.932924,F,NAD83, 2438, 10,NGVD29,10140203
USGS,431551101003901, 38N31W17CAA,GW,43.2641705,-101.0112592,T,NAD83, 2880, 10,NGVD29,10140203
USGS,431552100182701, 38N25W17CACB,GW,43.2644495,-100.3079063,S,NAD83, 2667,  2,NGVD29,10140204
USGS,431552100535501, 38N30W17CAAA,GW-TH,43.26444855,-100.8990343,F,NAD83, 2420, 20,NGVD29,10140203
USGS,431552100590701, 38N31W16,GW,43.26444848,-100.9857032,F,NAD83, 2700, 20,NGVD29,10140203
USGS,431552101041901, 38N32W14CABA,GW,43.26444738,-101.0723707,S,NAD83, 2837, 10,NGVD29,10140203
USGS,431552101045001, 38N32W15DA,GW,43.26444725,-101.0809819,T,NAD83, 2810, 15,NGVD29,10140203
USGS,431553099524602, 98N76W31BDDB 2,GW-TH,43.26472396,-99.8798396,1,NAD83, 2265, 10,NGVD29,10140204
USGS,431553099525503, 98N76W31BDDB 3,GW-TH,43.26472397,-99.8823397,1,NAD83, 2265, 10,NGVD29,10140204
USGS,431553099525701, 98N76W31BDCA,GW-TH,43.26472398,-99.8828952,M,NAD83, 2282,111,NGVD29,10140204
USGS,431553100332301, 38N27W19ABAB,GW,43.26472697,-100.5568025,F,NAD83, 2503,  5,NGVD29,10150006
USGS,431553100540001, 38N30W17CAAB,GW-TH,43.2647263,-100.9004233,F,NAD83, 2400, 10,NGVD29,10140203
USGS,431553100540401, 38N30W17CABA,GW-TH,43.2647263,-100.9015344,F,NAD83, 2398, 10,NGVD29,10140203
USGS,431553100563401, 38N31W14DABA R,GW-TH,43.26472629,-100.9432021,S,NAD83, 2581, 20,NGVD29,10140203
USGS,431554100203301, 38N26W13BCCA,GW,43.2677827,-100.3506854,F,NAD83, 2608,  8,NGVD29,10150006
USGS,431554101044501, 38N32W15DAAA,GW,43.2650028,-101.079593,F,NAD83, 2805, 10,NGVD29,10140203
USGS,431554101125201, 38N33W15CBAB,GW,43.27138889,-101.2075,R,NAD83, 3082, 10,NGVD29,10140203
USGS,431555100050301,8N 78W 33BC,GW,43.26527778,-100.0841667,S,NAD83, 2439,  5,NGVD29,10150006
USGS,431555100353401, 38N28W14DAAD,GW,43.2652824,-100.5931925,S,NAD83, 2550,  1,NGVD29,10150006
USGS,431555101161201, 38N33W18BD,GW,43.26749997,-101.2704275,F,NAD83, 3116.00, 50,NGVD29,10140202
USGS,431557100342501, 38N28W13DAAC,GW,43.265838,-100.5740253,S,NAD83, 2529,  1,NGVD29,10150006
USGS,431557100391201, 38N28W17DAAC,GW,43.26583779,-100.6537499,S,NAD83, 2685, 10,NGVD29,10150006
USGS,431557100412701, 38N29W13DAAA,GW,43.2661111,-100.6905556,R,NAD83, 2612, 10,NGVD29,10140203
USGS,431558100313701, 38N27W16CBA,GW,43.2661159,-100.5273572,T,NAD83, 2468,  5,NGVD29,10150006
USGS,431559100470601, 38N29W17BCDD,GW,43.26638889,-100.785,R,NAD83, 2700, 10,NGVD29,10140203
USGS,431600099511701, 98N76W32A,GW,43.26666825,-99.8551168,M,NAD83, 2234, 10,NGVD29,10140204
USGS,431600099522801, 98N76W31A,GW,43.26666834,-99.8748395,M,NAD83, 2280, 10,NGVD29,10140101
USGS,431600099523301, 98N76W31ABDD,GW,43.26666835,-99.8762284,F,NAD83, 2241.00,10,NGVD29,10140204
USGS,431600100111801, 99N79W33AAC,GW,43.26667104,-100.1887364,F,NAD83, 2180.00,50,NGVD29,10140204
USGS,431600100413202, 38N29W13ADDC2,GW-TH,43.266671,-100.6926399,S,NAD83, 2616, 10,NGVD29,10150006
USGS,431600100413203, 38N29W13ADDC3,GW,43.266671,-100.6926399,S,NAD83, 2616, 10,NGVD29,10150006
USGS,431601100285201, 38N27W14BDDD,GW,43.2669493,-100.4815225,S,NAD83, 2480,  2,NGVD29,10150006
USGS,431601100514301, 38N30W15BDC,GW,43.2669485,-100.8623667,T,NAD83, 2650, 50,NGVD29,10140203
USGS,431601100590501, 38N31W16A,GW,43.26694845,-100.9851476,T,NAD83, 2720, 20,NGVD29,10140203
USGS,431601100590502, 38N31W16A2,GW,43.26694845,-100.9851476,M,NAD83, 2720, 20,NGVD29,10140203
USGS,431602099522901, 98N76W31DC,GW,43.26722389,-99.8751173,F,NAD83, 2270,  5,NGVD29,10140204
USGS,431602100144401, 38N25W14BDDC,GW,43.2672272,-100.2459601,S,NAD83, 2454,  2,NGVD29,10140204
USGS,431602100262701, 38N26W18ACCC,GW,43.2672271,-100.4412436,S,NAD83, 2477,  2,NGVD29,10150006
USGS,431602100481201, 38N29W18BDBB2,GW,43.2672222,-100.8033333,R,NAD83, 2650, 10,NGVD29,10140203
USGS,431602100590201, 38N31W16ACC,GW,43.2672262,-100.9843143,F,NAD83, 2438, 10,NGVD29,10140203
USGS,431603099503901, 98N76W33BCAA,GW,43.2675015,-99.844561,T,NAD83, 2230, 10,NGVD29,10140204
USGS,431603099505601, 98N76W33BBCD,GW,43.2675015,-99.8492834,F,NAD83, 2240,  5,NGVD29,10140204
USGS,431603100141901, 98N79W31B,GW,43.2675047,-100.2223484,M,NAD83, 2509, 10,NGVD29,10140204
USGS,431603100415401, 38N29W13ACCD,GW,43.2675,-100.6983333,R,NAD83, 2638, 10,NGVD29,10150006
USGS,431603100455101, 38N29W16BDCC,GW,43.2675,-100.7641667,R,NAD83, 2767, 10,NGVD29,10140203
USGS,431603100483201, 38W30W13ADD,GW,43.2675041,-100.8093098,F,NAD83, 2665, 20,NGVD29,10140203
USGS,431604099505101, 98N76W33BBDC,GW,43.2677793,-99.8478944,F,NAD83, 2230.00,5,NGVD29,10140204
USGS,431604099510401, 98N76W32AADD,GW,43.2677793,-99.8515056,T,NAD83, 2241, 10,NGVD29,10140204
USGS,431604100303501, 38N27W15BCC,GW,43.26778256,-100.5101345,T,NAD83, 2460,  5,NGVD29,10150006
USGS,431604100470801, 38N29W17BCDB,GW,43.26777778,-100.7855556,R,NAD83, 2700, 10,NGVD29,10140203
USGS,431604100590101, 38N31W16ACAA,GW,43.26778177,-100.9840365,F,NAD83, 2737, 10,NGVD29,10140203
USGS,431604100590201, 38N31W16ADB,GW,43.26778177,-100.9843143,F,NAD83, 2720, 20,NGVD29,10140203
USGS,431605099503901, 98N76W33BBDD,GW,43.26805706,-99.844561,T,NAD83, 2230, 10,NGVD29,10140204
USGS,431605099504001, 98N76W33BACC,GW,43.26805706,-99.8448388,F,NAD83, 2230,  5,NGVD29,10140204
USGS,431605100373401, 38N28W15BCDD,GW-TH,43.2672267,-100.6279158,F,NAD83, 2660, 10,NGVD29,10140203
USGS,431606099522101, 98N76W31AACA,GW,43.26833497,-99.872895,F,NAD83, 2257.00,10,NGVD29,10140204
USGS,431606099522201, 98N76W31AACA2,GW,43.26833497,-99.8731728,T,NAD83, 2276, 10,NGVD29,10140204
USGS,431606100044601, 98N78W33BA,GW,43.26833647,-100.0798446,M,NAD83, 2424,111,NGVD29,10140204
USGS,431606100483402, 38N30W13ADDD2,GW,43.2683333,-100.8094444,R,NAD83, 2645, 10,NGVD29,10140203
USGS,431606101021201, 38N31W 7BB,GW-TH,43.26833676,-101.0370927,T,NAD83, 2720,10,NGVD29,10140203
USGS,431607099505101, 98N76W33BBDB,GW,43.2686126,-99.8478945,F,NAD83, 2237.00,5,NGVD29,10140204
USGS,431607100203801, 38N26W13BDD,GW,43.268616,-100.3442963,F,NAD83, 2542,  5,NGVD29,10150006
USGS,431608099521901, 98N76W31AACA3,GW,43.2688905,-99.8723395,F,NAD83, 2266.53, 10,NGVD29,10140204
USGS,431608100020501, 98N 78W 35AB,GW,43.26888889,-100.0347222,S,NAD83, 2422,  5,NGVD29,10140204
USGS,431608100051101,98N78W33BBBB (TR-78D),GW,43.268889,-100.086389,T,NAD83,2430.0,10.0,NGVD29,101500060504
USGS,431608100590701, 38N31W16ABDD,GW-TH,43.26889286,-100.9857032,T,NAD83, 2740, 20,NGVD29,10140203
USGS,431608101061201, 38N32W16A,GW,43.2688913,-101.1037598,M,NAD83, 2800, 20,NGVD29,10140203
USGS,431609100045801, 98N78W33BBBB2,GW,43.2691698,-100.083178,F,NAD83, 2458.00,10,NGVD29,10140204
USGS,431609100183201, 38N25W17BCA,GW,43.2691716,-100.3092953,T,NAD83, 2608, 50,NGVD29,10140204
USGS,431609100254101, 38N26W17BCAC,GW,43.2691715,-100.4284655,S,NAD83, 2530,  2,NGVD29,10150006
USGS,431609100480901, 38N29W18BDBB,GW,43.2683333,-100.8027778,R,NAD83, 2642,10,NGVD29,10140203
USGS,431609101275601, 38N35W16BDBA,GW,43.26916395,-101.4676502,S,NAD83, 2965, 10,NGVD29,10140202
USGS,431610099504601, 98N76W33BBAD,GW,43.2694459,-99.8465055,F,NAD83, 2230,  5,NGVD29,10140204
USGS,431610099505001, 98N76W33BBAC,GW,43.2694459,-99.8476167,F,NAD83, 2237.00,5,NGVD29,10140204
USGS,431610100315101, 38N27W17ADA2,GW,43.2694491,-100.5312462,F,NAD83, 2505,  5,NGVD29,10150006
USGS,431610100315301, 38N27W17ADA,GW,43.2694491,-100.5318018,T,NAD83, 2505, 10,NGVD29,10150006
USGS,431610100315302, 38N27W17ADA3,GW,43.2694491,-100.5318018,T,NAD83, 2505,  5,NGVD29,10150006
USGS,431610100484701, 38N30W13ADBB,GW,43.27000408,-100.812921,F,NAD83, 2645,10,NGVD29,10140203
USGS,431610101005801, 38N31W17BBD,GW,43.26944816,-101.016537,F,NAD83, 2808., 10,NGVD29,10140203
USGS,431611101254801, 38N35W14B,GW,43.26972,-101.4304279,M,NAD83, 2953, 30,NGVD29,10140202
USGS,431612099510401, 98N76W32AADD2,GW,43.2700015,-99.8515057,F,NAD83, 2239.00,10,NGVD29,10140204
USGS,431612100444001, 38N29W15BAC,GW,43.27166667,-100.7430556,R,NAD83, 2760, 20,NGVD29,10150006
USGS,431612100551201, 38N30W18BADB,GW,43.270004,-100.9204237,M,NAD83, 2550, 50,NGVD29,10140203
USGS,431613100375001, 38N28W15BCBB,GW,43.27028219,-100.6309714,T,NAD83, 2632.00, 10,NGVD29,10150006
USGS,431614101032701, 38N32W13BBD,GW,43.27055865,-101.0579261,F,NAD83, 2780, 20,NGVD29,10140203
USGS,431615099505301, 98N76W28CCCD,GW,43.2708348,-99.84845,F,NAD83, 2237,  5,NGVD29,10140204
USGS,431615100110801, 98N 79W 34BBBB,GW,43.2708333,-100.1855556,S,NAD83, 2522,  5,NGVD29,10140204
USGS,431615100110802, 98N 79W 34BBBB 2,GW,43.2708333,-100.1855556,S,NAD83, 2522,  5,NGVD29,10140204
USGS,431615100374901, 38N28W15BBCD,GW,43.2708377,-100.6306936,S,NAD83, 2632, 10,NGVD29,10150006
USGS,431615100390701, 38N28W17AADD,GW-TH,43.27083768,-100.6523609,F,NAD83, 2664, 10,NGVD29,10150006
USGS,431617101044201, 38N32W14BBB,GW,43.27139166,-101.0787596,F,NAD83, 2804, 20,NGVD29,10140203
USGS,431618099515801, 98N76W29CCD,GW,43.2716682,-99.866506,T,NAD83, 2260.00, 10,NGVD29,10140204
USGS,431618100425701, 38N29W14ABDB,GW,43.2716708,-100.7162517,S,NAD83, 2658, 10,NGVD29,10150006
USGS,431618100563901, 38N31W14AAB,GW,43.2716706,-100.944591,T,NAD83, 2620, 20,NGVD29,10140203
USGS,431618101044001, 38N32W14BBBD,GW,43.2711139,-101.0773707,S,NAD83, 2820,10,NGVD29,10140203
USGS,431619100203601, 98N63W28C,GW,43.27194927,-100.3437408,F,NAD83,,,,10150006
USGS,431619100451801, 38N29W16ABAD,GW,43.27194444,-100.755,R,NAD83, 2786, 10,NGVD29,10140203
USGS,431619100485201, 38N30W13ABDB,GW,43.27194444,-100.8144444,R,NAD83, 2650, 10,NGVD29,10140203
USGS,431619101091401, 38N32W18BBAA,GW,43.2719461,-101.1543156,S,NAD83, 2867, 10,NGVD29,10140203
USGS,431620099495001, 98N76W27BB,GW,43.2722236,-99.8309496,F,NAD83, 2100.00,25,NGVD29,10140204
USGS,431620099505201, 98N76W28CC,GW,43.27222368,-99.8481723,F,NAD83, 2234,  5,NGVD29,10140204
USGS,431620099511001, 98N76W29DDDA,GW,43.2722237,-99.8531724,F,NAD83, 2235.00,10,NGVD29,10140204
USGS,431620100243701, 38N26W16BBCB,GW,43.27222698,-100.4106872,S,NAD83, 2575,  2,NGVD29,10150006
USGS,431620100560601, 38N30W18BAAA R,GW,43.27222619,-100.918757,F,NAD83, 2562., 10,NGVD29,10140203
USGS,431620100581301, 38N31W10DCCC R,GW,43.27222615,-100.9707028,F,NAD83, 2772.,  5,NGVD29,10140203
USGS,431620101081901, 38N32W18AAAA,GW,43.2722241,-101.1390377,F,NAD83, 2920, 20,NGVD29,10140203
USGS,431620101081902, 38N32W18AAAA2,GW,43.2722241,-101.1390377,F,NAD83, 2920, 20,NGVD29,10140203
USGS,431621099505501, 98N76W28CCBD,GW,43.27250145,-99.8490056,F,NAD83, 2234.00,5,NGVD29,10140204
USGS,431621100035201, 98N 78W 27CC,GW,43.2725,-100.0644444,S,NAD83, 2452,  5,NGVD29,10150006
USGS,431621100042801, 98N 78W 28DC,GW,43.2725,-100.0744444,S,NAD83, 2452,  5,NGVD29,10150006
USGS,431621100481702, 37N29W 7CDAA2,GW,43.2725,-100.8047222,R,NAD83, 2700, 10,NGVD29,10140203
USGS,431621100592401, 38N31W 9CDDD,GW,43.2725039,-100.9904255,S,NAD83, 2805, 10,NGVD29,10140203
USGS,431622099510401, 98N76W28CCBC,GW,43.2727792,-99.8515057,F,NAD83, 2230.00,5,NGVD29,10140204
USGS,431622100025601, 98N78W27DD,GW,43.27278047,-100.0492884,T,NAD83, 2296, 10,NGVD29,10140204
USGS,431622100152501, 38N25W15AAB,GW,43.2727826,-100.2573495,T,NAD83, 2408,  8,NGVD29,10140204
USGS,431622101044801, 38N32W10DDDD,GW,43.2727805,-101.0804262,F,NAD83, 2792, 10,NGVD29,10140203
USGS,431623100232501, 38N26W15BBB,GW,43.2730603,-100.3906867,T,NAD83, 2507,  8,NGVD29,10150006
USGS,431623100355801, 38N28W14ABB,GW,43.27333775,-100.6009705,T,NAD83, 2578, 10,NGVD29,10150006
USGS,431623100481101, 38N29W 7CDAA,GW,43.27305556,-100.8030556,R,NAD83, 2700, 10,NGVD29,10140203
USGS,431623101010501, 38N31W 8CCC,GW,43.27305919,-101.0184814,T,NAD83, 2787, 10,NGVD29,10140203
USGS,431623101102902, 38N33W12CCDC2,GW,43.2730569,-101.175149,F,NAD83, 2943, 10,NGVD29,10140203
USGS,431624099505101, 98N76W28CCAB,GW,43.27333477,-99.8478945,F,NAD83, 2217.00,5,NGVD29,10140204
USGS,431624099505401, 98N76W28CCBA,GW,43.27333477,-99.8487278,F,NAD83, 2224.00,5,NGVD29,10140204
USGS,431624100412801, 38N29W13AAAA,GW,43.2733333,-100.6911111,R,NAD83, 2606, 10,NGVD29,10150006
USGS,431625100361301, 38N28W14BAAB,GW,43.2736155,-100.6040262,F,NAD83, 2589, 10,NGVD29,10150006
USGS,431625100411801, 38N28W18BBBA,GW-TH,43.2736153,-100.6887509,F,NAD83, 2596, 10,NGVD29,10150006
USGS,431625100481201, 38N29W18BABB,GW,43.2736151,-100.803754,F,NAD83, 2670, 10,NGVD29,10140203
USGS,431625101032501, 38N32W12C,GW,43.27361418,-101.0573705,M,NAD83, 2755, 25,NGVD29,10140203
USGS,431625101102801, 38N33W12CCCC,GW,43.2736111,-101.1755556,R,NAD83, 2920, 20,NGVD29,10140203
USGS,431625101103001, 38N33W12CCDC,GW,43.275,-101.1716667,R,NAD83, 2943, 10,NGVD29,10140202
USGS,431625101103201,38N33W12CCC,GW,43.2736111,-101.1755556,R,NAD83, 2939,5.4,NAVD88,10140203
USGS,431626099505601, 98N76W28CCB,GW,43.2738903,-99.8492834,F,NAD83, 2221.00,5,NGVD29,10140204
USGS,431627100330901, 38N27W 7DDDD,GW-TH,43.27417117,-100.5529136,S,NAD83, 2493,  5,NGVD29,10150006
USGS,431627100470801, 38N29W17BBAA,GW,43.27416667,-100.7855556,R,NAD83, 2700, 10,NGVD29,10140203
USGS,431627101110501, 38N33W11DC,GW,43.27444444,-101.1894444,R,NAD83, 3045, 40,NGVD29,10140203
USGS,431628100301502, 38N27W10CDCD,GW,43.27444906,-100.5045788,F,NAD83, 2508,  5,NGVD29,10150006
USGS,431628100471801, 38N28W 8CCC,GW,43.27444866,-100.6709726,T,NAD83, 2695, 20,NGVD29,10140203
USGS,431629101112101,38N33W11CD,GW,43.2747222,-101.1891667,R,NAD83, 3046,5.4,NAVD88,10140203
USGS,431630100301703, 38N27W10CDC2,GW,43.2750046,-100.5051344,T,NAD83, 2508,  5,NGVD29,10150006
USGS,431630100434501, 38N29W11CCCC,GW-TH,43.27305966,-100.730141,F,NAD83, 2678, 10,NGVD29,10150006
USGS,431630100570201, 38N31W11CDAA,GW,43.2750039,-100.95098,F,NAD83, 2652, 10,NGVD29,10140203
USGS,431630101084701, 38N32W 7DCBD,GW,43.27500176,-101.1468155,S,NAD83, 2885, 10,NGVD29,10140203
USGS,431631100301501, 38N27W10CDC,GW,43.27528237,-100.5045788,T,NAD83, 2509,  5,NGVD29,10150006
USGS,431631100365801, 38N28W10DCDD,GW-TH,43.274171,-100.6179155,F,NAD83, 2623,  5,NGVD29,10150006
USGS,431631100394001, 38N28W 8CDDD,GW-TH,43.275282,-100.6629168,F,NAD83, 2679, 10,NGVD29,10150006
USGS,431631100414001, 38N29W12DDCB,GW,43.27527778,-100.6944444,R,NAD83, 2632, 10,NGVD29,10150006
USGS,431632100403501, 38N28W 7DDBD,GW,43.27555556,-100.6763889,R,NAD83, 2630, 10,NGVD29,10150006
USGS,431633100515401, 38N30W10CCCA,GW,43.2758333,-100.865,S,NAD83, 2600, 10,NGVD29,10140203
USGS,431633100560601, 38N31W12C,GW,43.2758372,-100.935424,M,NAD83, 2640, 60,NGVD29,10140203
USGS,431633100571601, 38N31W11CAAC,GW,43.2758372,-100.954869,F,NAD83, 2660, 10,NGVD29,10140203
USGS,431633101001801, 38N31W 8DCAA,GW,43.2758371,-101.0054257,F,NAD83, 2748, 10,NGVD29,10140203
USGS,431634101001901, 38N31W 8DBD,GW,43.27611489,-101.0057035,F,NAD83, 2740, 20,NGVD29,10140203
USGS,431634101053601, 38N32W10CACC,GW,43.2761136,-101.0937596,S,NAD83, 2800, 10,NGVD29,10140203
USGS,431634101113201, 38N33W11C,GW,43.27638889,-101.1877778,R,NAD83, 3090, 70,NGVD29,10140203
USGS,431635100164501, 38N25W 9DCA,GW,43.2763936,-100.2795725,T,NAD83, 2385,  8,NGVD29,10140204
USGS,431635100395501, 38N28W 8CDBD,GW,43.27639308,-100.6656946,S,NAD83, 2628, 10,NGVD29,10150006
USGS,431636100184201, 38N25W 8CBCA,GW,43.27667137,-100.3120734,F,NAD83, 2474,  8,NGVD29,10140204
USGS,431636100310101, 38N27W 9DDA,GW,43.27667119,-100.517357,M,NAD83, 2500,  5,NGVD29,10150006
USGS,431636100560201, 38N31W12CAC,GW,43.27667055,-100.9343129,T,NAD83, 2620, 20,NGVD29,10140203
USGS,431637100264101, 38N26W 7CDB,GW,43.276949,-100.4451327,T,NAD83, 2513,  8,NGVD29,10150006
USGS,431637101084801, 38N32W 7DCAB,GW,43.27694619,-101.1470933,F,NAD83, 2890, 10,NGVD29,10140203
USGS,431637101084802, 38N32W 7DCAB2,GW,43.27694619,-101.1470933,S,NAD83, 2890, 10,NGVD29,10140203
USGS,431638099570101, 98N77W28DA,GW,43.27722406,-99.9506748,M,NAD83, 2250.00,10,NGVD29,10140204
USGS,431638101054201, 38N32W10CBDB2,GW,43.2772247,-101.0954263,F,NAD83, 2766, 10,NGVD29,10140203
USGS,431638101074401, 38N32W 8CADA,GW,43.2772242,-101.1293154,S,NAD83, 2865, 10,NGVD29,10140203
USGS,431638101084801, 38N32W 7DBCC,GW,43.27694618,-101.1479266,F,NAD83, 2880,10,NGVD29,10140203
USGS,431639100481501, 38N29W 7CBCA,GW,43.2775,-100.8041667,R,NAD83, 2660, 60,NGVD29,10140203
USGS,431639101043102, 38N32W11CBD2,GW,43.27750276,-101.0757039,F,NAD83, 2785, 10,NGVD29,10140203
USGS,431639101052801, 38N32W10CAC,GW,43.2775025,-101.0915374,F,NAD83, 2760, 20,NGVD29,10140203
USGS,431639101054201, 38N32W10CBDB (2),GW,43.27750248,-101.0954263,S,NAD83, 2768, 10,NGVD29,10140203
USGS,431640101053501, 38N32W10CBA,GW,43.27778028,-101.0934818,F,NAD83, 2775, 20,NGVD29,10140203
USGS,431643101231601, 38N34W 7BC,GW,43.2819428,-101.3934831,S,NAD83, 2952, 80,NGVD29,10140203
USGS,431644100285501, 38N27W11CAD,GW,43.2788934,-100.482356,T,NAD83, 2508,  8,NGVD29,10150006
USGS,431644100465501, 38N30W12DBDB,GW,43.27888889,-100.7819444,R,NAD83, 2660, 10,NGVD29,10140203
USGS,431645100184201, 38N25W 8CBC,GW,43.2791713,-100.3120735,T,NAD83, 2470,  8,NGVD29,10140204
USGS,431645100474702, 38N29W 7CBCA2,GW,43.27916667,-100.7963889,R,NAD83, 2770, 10,NGVD29,10140203
USGS,431645101042001, 38N32W11CBD,GW,43.27750276,-101.0757039,T,NAD83, 2785, 10,NGVD29,10140203
USGS,431646100465501, 38N29W 8CA,GW,43.2808333,-100.7788889,R,NAD83, 2718, 20,NGVD29,10140203
USGS,431647101102001, 35N33W12CABB,GW,43.2797222,-101.1722222,R,NAD83, 3018, 10,NGVD29,10140203
USGS,431648100521601, 38N30W 9ABD,GW,43.28000386,-100.8715335,T,NAD83, 2565, 10,NGVD29,10140203
USGS,431648101085101, 38N32W 7ADD,GW-TH,43.2800017,-101.1479266,F,NAD83, 2867, 10,NGVD29,10140203
USGS,431648101110701, 38N33W11ACCD2,GW,43.28,-101.1852778,R,NAD83, 2880, 20,NGVD29,10140203
USGS,431648101285301, 38N35W 8ACCC,GW,43.27999717,-101.4818167,T,NAD83, 2942, 40,NGVD29,10140202
USGS,431649100174801, 38N25W 8DAB,GW,43.28028239,-100.297073,T,NAD83, 2415,  8,NGVD29,10140204
USGS,431649100272701, 38N27W12DBA,GW,43.28028227,-100.4579109,M,NAD83, 2480,  8,NGVD29,10150006
USGS,431649100330201, 38N27W 7DAAD,GW-TH,43.2802821,-100.5509691,S,NAD83, 2472,  5,NGVD29,10150006
USGS,431649100362401, 38N28W11CABC,GW,43.280282,-100.6070818,S,NAD83, 2550,  1,NGVD29,10150006
USGS,431649101085201, 38N32W 7ADD2,GW,43.28027949,-101.1482043,F,NAD83, 2867, 10,NGVD29,10140203
USGS,431649101085301, 38N32W 7A,GW,43.28027949,-101.1484821,F,NAD83, 2867, 10,NGVD29,10140203
USGS,431649101110901, 38N33W11ACCD,GW,43.28,-101.1852778,R,NAD83, 2880, 20,NGVD29,10140203
USGS,431650100283701, 38N27W11DBA,GW,43.28056,-100.4773559,T,NAD83, 2516, 16,NGVD29,10150006
USGS,431650100330701, 38N27W 7DAAB,GW-TH,43.2805599,-100.552358,F,NAD83, 2477,  5,NGVD29,10150006
USGS,431650100450301, 38N29W 9ADAD,GW,43.28055556,-100.7508333,R,NAD83, 2680, 10,NGVD29,10140203
USGS,431650101013401, 38N31W 7ACDB,GW,43.28055898,-101.0265369,S,NAD83, 2775, 10,NGVD29,10140203
USGS,431650101290301, 38N35W 8,GW,43.28055269,-101.4845945,M,NAD83, 2943, 90,NGVD29,10140202
USGS,431650101290302, 38N35W 82,GW,43.28055269,-101.4845945,M,NAD83, 2943, 90,NGVD29,10140202
USGS,431651100264401, 38N26W 7CAB,GW,43.28056005,-100.4459661,F,NAD83, 2523,  8,NGVD29,10150006
USGS,431652100445401, 38N29W10BDBD,GW,43.2811111,-100.7483333,R,NAD83, 2880, 10,NGVD29,10140203
USGS,431652101050101, 38N32W10A,GW,43.2822222,-101.0863889,R,NAD83, 2820, 50,NGVD29,10140203
USGS,431652101050102, 38N32W10A2,GW,43.2811137,-101.0840373,T,NAD83, 2820, 50,NGVD29,10140203
USGS,431652101050103, 38N32W10A3,GW,43.28027778,-101.0808333,R,NAD83, 2870, 50,NGVD29,10140203
USGS,431653100134601, 38N28W10CBBA,GW,43.281393,-100.6298603,S,NAD83, 2566,  1,NGVD29,10150006
USGS,431653100225201, 38N26W10ACC,GW,43.2813934,-100.3815199,S,NAD83, 2539,  8,NGVD29,10150006
USGS,431653100445801, 38N29W10BCB,GW,43.28139278,-100.7498637,T,NAD83, 2700, 10,NGVD29,10150006
USGS,431654100574201, 38W31W10ADA,GW,43.28167046,-100.9620913,F,NAD83, 2700, 20,NGVD29,10140203
USGS,431654100574301, 38N31W10ADAC,GW,43.28167046,-100.9623691,F,NAD83, 2698, 10,NGVD29,10140203
USGS,431654100574302, 38N31W10ADAC2,GW-TH,43.28167046,-100.9623691,F,NAD83, 2698, 10,NGVD29,10140203
USGS,431655100272901, 38N27W12ACDC,GW,43.28194889,-100.4584665,F,NAD83, 2510,  8,NGVD29,10150006
USGS,431655100574301, 38N31W10ADBD,GW,43.2811149,-100.9659803,S,NAD83, 2704,10,NGVD29,10140203
USGS,431655100583401, 38N31W10BBD,GW,43.2819482,-100.9765361,S,NAD83, 2780, 10,NGVD29,10140203
USGS,431655101061801, 38N32W 9ADBC,GW-TH,43.281669,-101.1034818,S,NAD83, 2800, 10,NGVD29,10140203
USGS,431656101051001,38N32W10ABAC,GW,43.2822222,-101.0861111,R,NAD83, 2814,5.4,NAVD88,10140203
USGS,431700101113201, 38N33W11B,GW,43.2833344,-101.192649,M,NAD83, 3040,  8,NGVD29,10140203
USGS,431700101113202, 38N33W11B2,GW,43.2833344,-101.192649,M,NAD83, 3040, 80,NGVD29,10140203
USGS,431701101061201, 38N32W 9A,GW,43.2836134,-101.1037596,M,NAD83, 2770, 10,NGVD29,10140203
USGS,431701101094401, 38N33W12A,GW,43.2836126,-101.1626488,M,NAD83, 2980,50,NGVD29,10140203
USGS,431703099502901,98N76W28BAAA (TR-72B),GW,43.284167,-99.841389,T,NAD83,2198.0,10.0,NGVD29,101402040802
USGS,431703099505201, 98N76W28BBBA,GW,43.2841679,-99.8481724,S,NAD83, 2237, 10,NGVD29,10140204
USGS,431703100314601, 38N27W 9BCB,GW,43.28417096,-100.5298574,F,NAD83, 2510,  5,NGVD29,10150006
USGS,431704100314502, 38N27W 9BCBA,GW,43.2844487,-100.5295796,F,NAD83, 2510,  5,NGVD29,10150006
USGS,431704100571201, 38N31W11BACA,GW,43.2844482,-100.9537578,S,NAD83, 2650, 10,NGVD29,10140203
USGS,431704101042301, 38N32W11BCC,GW,43.28028049,-101.0773706,T,NAD83, 2738, 10,NGVD29,10140203
USGS,431705099501501, 98N76W28ABAA,GW,43.2847234,-99.8378944,F,NAD83, 2207.00,10,NGVD29,10140204
USGS,431705100251901, 38N26W 8BDDA,GW,43.2847266,-100.4223544,S,NAD83, 2579,  2,NGVD29,10150006
USGS,431706100481501, 38N29W 7ACCC,GW,43.28,-100.7994444,R,NAD83, 2770, 70,NGVD29,10140203
USGS,431706101124101, 38N33W10BACB,GW,43.2850008,-101.2118157,S,NAD83, 3063, 10,NGVD29,10140203
USGS,431706101250201, 38N35W11ACB,GW,43.28333129,-101.424872,S,NAD83, 2906.00, 10,NGVD29,10140202
USGS,431707100424101, 38N29W11AAAC,GW,43.28527778,-100.7113889,R,NAD83, 2860, 10,NGVD29,10150006
USGS,431708101162401, 38N33W 7BB,GW,43.2855555,-101.2737605,T,NAD83, 3074, 70,NGVD29,10140202
USGS,431709101292501, 38N35W 8BB,GW,43.2858304,-101.4907056,T,NAD83, 2981, 15,NGVD29,10140201
USGS,431710100240901, 38N26W 9BAD,GW,43.28611548,-100.4029095,T,NAD83, 2625, 50,NGVD29,10150006
USGS,431710100360901, 38N28W26BAAA,GW,43.2861152,-100.602915,S,NAD83, 2673,  1,NGVD29,10150006
USGS,431710100390401, 38N28W 8AADD,GW-TH,43.28472625,-100.6529165,F,NAD83, 2613, 10,NGVD29,10150006
USGS,431711099510601, 98N76W20DDDD,GW,43.2863901,-99.8520614,T,NAD83, 2231, 10,NGVD29,10140204
USGS,431711101190601, 38N34W10AA,GW,43.28638827,-101.3187606,S,NAD83, 3182, 20,NGVD29,10140203
USGS,431712100554401, 38N31W 1DCCD,GW,43.28667039,-100.9293127,S,NAD83, 2566, 10,NGVD29,10140203
USGS,431713100293601, 38N27W10AADB,GW,43.2869487,-100.4937453,S,NAD83, 2506,  2,NGVD29,10150006
USGS,431713100325701, 38N27W 8BBCB,GW,43.2869486,-100.5495802,F,NAD83, 2531,  5,NGVD29,10150006
USGS,431713100464701, 38N29W 8BAAD,GW,43.28694444,-100.7797222,R,NAD83, 2772,10,NGVD29,10140203
USGS,431713100474901, 38N29W 7AACC,GW,43.28694444,-100.7969444,R,NAD83, 2700, 10,NGVD29,10140203
USGS,431714099510501,98N76W29DDAA (TR-72C),GW,43.287222,-99.851389,T,NAD83,2231.0,10.0,NGVD29,101402040802
USGS,431714100364101, 38N28W20AAAD,GW-TH,43.25667134,-100.6520832,F,NAD83, 2700, 10,NGVD29,10150006
USGS,431714100405801, 38N28W 7BAA,GW,43.2872222,-100.6827778,R,NAD83, 2596, 10,NGVD29,10150006
USGS,431714100405802, 38N28W 7BAA2,GW,43.2872222,-100.6827778,R,NAD83, 2596, 10,NGVD29,10150006
USGS,431715100181601, 38N25W 7ABB,GW,43.28750439,-100.3048512,M,NAD83, 2441,  8,NGVD29,10140204
USGS,431715100472101, 38N29W 8BBBC,GW,43.2875,-100.7891667,R,NAD83, 2800, 10,NGVD29,10140203
USGS,431716100212001, 38N26W11AAB,GW,43.2877821,-100.3559638,T,NAD83, 2651, 50,NGVD29,10150006
USGS,431716100454301, 38N29W 9BADD,GW,43.28777778,-100.7619444,R,NAD83, 2700, 10,NGVD29,10140203
USGS,431717101052401, 38N32W 3CDDB,GW,43.288058,-101.090426,S,NAD83, 2785, 10,NGVD29,10140203
USGS,431720099512201, 98N76W20D,GW,43.2888901,-99.856506,T,NAD83, 2185, 10,NGVD29,10140204
USGS,431720100230001, 38N26W 3CDDC,GW,43.28889319,-100.3837423,S,NAD83, 2579,  2,NGVD29,10140204
USGS,431721100144101, 38N25W 2CDD,GW,43.28917099,-100.2451274,T,NAD83, 2349,  8,NGVD29,10140204
USGS,431721100145001, 38N25W 2CDC,GW,43.289171,-100.2476275,T,NAD83, 2344,  8,NGVD29,10140204
USGS,431721101115301, 38N33W 3DDAD,GW,43.28916766,-101.1984823,S,NAD83, 3060, 10,NGVD29,10140203
USGS,431722100413101, 38N29W 1DDDD,GW,43.28944444,-100.6919444,R,NAD83, 2600, 10,NGVD29,10150006
USGS,431722100430901, 38N29W 2DCCC,GW-TH,43.28889269,-100.7198628,F,NAD83, 2687, 20,NGVD29,10140203
USGS,431722100442501, 38N29W 3CDDD,GW-TH,43.28889265,-100.7412523,F,NAD83, 2698, 10,NGVD29,10140203
USGS,431722101224401, 38N34W 6DDC,GW,43.289443,-101.3793163,S,NAD83, 2935, 20,NGVD29,10140202
USGS,431723100303901, 38N27W 4DDDA,GW,43.2897264,-100.5112458,S,NAD83, 2512,  1,NGVD29,10150006
USGS,431723100404701, 38N28W 6DCCC,GW-TH,43.2883372,-100.6818062,F,NAD83, 2588, 10,NGVD29,10150006
USGS,431723100414901, 38N29W 1DCDA,GW,43.2897222,-100.6969444,R,NAD83, 2630, 10,NGVD29,10150006
USGS,431726099520501, 98N76W20CCC,GW,43.2905568,-99.8684507,T,NAD83, 2235.00,10,NGVD29,10140204
USGS,431726100254601, 38N26W 5CCCA,GW,43.29055978,-100.4298547,S,NAD83, 2566,  2,NGVD29,10150006
USGS,431726100522701, 38N30W 4CAD,GW,43.2925036,-100.8793113,S,NAD83, 2490, 50,NGVD29,10140203
USGS,431727100144101, 38N25W 2CDA,GW,43.2908376,-100.2451275,T,NAD83, 2344,  8,NGVD29,10140204
USGS,431727100580801, 38N31W 3DBCC,GW,43.29083698,-100.9693136,S,NAD83, 2743, 10,NGVD29,10140203
USGS,431730100542401, 38N30W 5CBCC,GW,43.2916703,-100.9070898,S,NAD83, 2576,  1,NGVD29,10140203
USGS,431732100560801, 38N31W 1CBC,GW,43.29222586,-100.9359794,F,NAD83, 2676, 10,NGVD29,10140203
USGS,431733100330901, 38N27W 6DADC,GW,43.292504,-100.5523581,F,NAD83, 2521,  5,NGVD29,10150006
USGS,431733100585601, 38N31W 4DACA,GW,43.2925036,-100.9826473,F,NAD83, 2730, 20,NGVD29,10140203
USGS,431733100585701, 38N31W 4DABD2,GW,43.2925036,-100.982925,M,NAD83, 2725, 10,NGVD29,10140203
USGS,431734100405901, 38N28W 6CADD,GW,43.29277778,-100.6830556,R,NAD83, 2560, 10,NGVD29,10150006
USGS,431734100461901, 38N29W 5DAC,GW,43.29388889,-100.7747222,R,NAD83, 2800, 20,NGVD29,10140203
USGS,431735100030001, 98N78W22ADC,GW,43.29305776,-100.0504,M,NAD83, 2450.00,50,NGVD29,10140204
USGS,431736100293101, 38N27W 3DADA2,GW,43.2933374,-100.4923565,M,NAD83, 2530,  8,NGVD29,10150006
USGS,431736100293201, 38N27W 3DAD,GW,43.2933374,-100.4926342,T,NAD83, 2526,  8,NGVD29,10150006
USGS,431736100453301, 38N29W 4DBCB,GW,43.2933333,-100.7591667,R,NAD83, 2727, 10,NGVD29,10140203
USGS,431737100295601, 38N27W 2CBCA,GW,43.2936152,-100.499301,S,NAD83, 2539,  8,NGVD29,10150006
USGS,431737100460801, 38N29W 4CBCA,GW,43.2936111,-100.7688889,R,NAD83, 2770, 10,NGVD29,10140203
USGS,431737100463101, 38N29W 5DBDA,GW,43.2936111,-100.7752778,R,NAD83, 2785,10,NGVD29,10140203
USGS,431737100562501, 38N31W 2DAA,GW,43.2936147,-100.9407018,F,NAD83, 2639, 10,NGVD29,10140203
USGS,431738100292901, 38N27W 3DADA,GW,43.29389298,-100.4918009,F,NAD83, 2543,  8,NGVD29,10150006
USGS,431738100410402, 38N28W 6CADA2,GW,43.29388889,-100.6844444,R,NAD83, 2570, 10,NGVD29,10150006
USGS,431738103035701, 38N32W 1BCBA,GW,43.297225,-101.057648,F,NAD83, 2736, 10,NGVD29,10140203
USGS,431738103035702, 38N32W 1BAAC,GW,43.29972508,-101.051259,M,NAD83, 2750, 20,NGVD29,10140203
USGS,431739100322701, 38N27W 5AB (2),GW,43.30167047,-100.5384689,T,NAD83, 2535,  5,NGVD29,10150006
USGS,431739100554701, 38N31W 3AAAA,GW,43.29888889,-100.9394444,R,NAD83, 2627,10,NGVD29,10140203
USGS,431740100182301, 38N25W 5CAB,GW,43.2944486,-100.3067959,T,NAD83, 2382,  8,NGVD29,10140204
USGS,431740100405901, 38N28W 6CAA,GW,43.29472596,-100.6826395,T,NAD83, 2598,10,NGVD29,10150006
USGS,431740100502201, 38N30W 2CAA,GW,43.2936147,-100.8412548,F,NAD83, 2640, 40,NGVD29,10140203
USGS,431740101044601, 38N32W 3ADDD,GW,43.29444699,-101.0798704,F,NAD83, 2750, 10,NGVD29,10140203
USGS,431741100150201, 38N25W 2BCAB2,GW,43.29889298,-100.2506834,F,NAD83, 2329,  8,NGVD29,10140204
USGS,431742100030001, 98N78W22AD,GW,43.29500216,-100.0504,F,NAD83, 2327.00,50,NGVD29,10150006
USGS,431742100201801, 38N26W 1DBA,GW,43.29500415,-100.3387412,T,NAD83, 2423,  8,NGVD29,10140204
USGS,431742100324801, 38N27W 5CBA,GW,43.29500397,-100.5470802,T,NAD83, 2499,  5,NGVD29,10150006
USGS,431743100222101, 38N26W 3DAAA,GW,43.2952819,-100.3729088,S,NAD83, 2516,  2,NGVD29,10140204
USGS,431743101040501, 38N32W 2AB4,GW,43.2994471,-101.0665369,T,NAD83, 2750, 10,NGVD29,10140203
USGS,431744099511801, 98N76W20A,GW,43.29555666,-99.8553949,M,NAD83, 2182,111,NGVD29,10140204
USGS,431744100431001, 38N29W 2ACCC,GW,43.29555556,-100.7194444,R,NAD83, 2665, 10,NGVD29,10150006
USGS,431744100431201, 38N29W 2AA,GW,43.3011111,-100.7127778,R,NAD83, 2677, 25,NGVD29,10150006
USGS,431744100431202, 38N29W 2ABAB,GW,43.30194444,-100.7175,R,NAD83, 2695, 10,NGVD29,10150006
USGS,431744100442501, 38N29W 3ACCC,GW,43.29555556,-100.7402778,R,NAD83, 2750, 10,NGVD29,10150006
USGS,431744100464501, 38N29W 5AABB,GW,43.30250347,-100.7743086,M,NAD83, 2740, 20,NGVD29,10140203
USGS,431744100561401, 38N31W 1BACB2,GW,43.29555556,-100.9341667,R,NAD83, 2600, 10,NGVD29,10140203
USGS,431744100583601, 38N31W 3ABAB,GW,43.3000035,-100.9651468,M,NAD83, 2692, 10,NGVD29,10140203
USGS,431745100371401, 38N28W 3BDA,GW,43.29861486,-100.6226379,M,NAD83, 2558,  5,NGVD29,10150006
USGS,431746100322801, 38N27W 5AB2,GW,43.30167047,-100.5415245,T,NAD83, 2535,  5,NGVD29,10150006
USGS,431746100434901, 38N29W 2CBBB,GW,43.2961111,-100.7302778,R,NAD83, 2780, 10,NGVD29,10150006
USGS,431746100562201, 38N31W 1BCBC,GW,43.29611468,-100.9398684,F,NAD83, 2627, 10,NGVD29,10140203
USGS,431746100562202, 38N31W 4ADBD2,GW,43.2961111,-100.9394444,R,NAD83, 2627, 10,NGVD29,10140203
USGS,431747100131301, 38N25W 1ACDD,GW-TH,43.29639275,-100.2206825,S,NAD83, 2335,  8,NGVD29,10140204
USGS,431747100524401, 38N30W 4BDD,GW,43.29639246,-100.8793113,T,NAD83, 2420, 40,NGVD29,10140203
USGS,431747100585701, 38N31W 4ADBD,GW,43.29638889,-100.9825,R,NAD83, 2733, 10,NGVD29,10140203
USGS,431748100284801, 38N27W 2ACCC,GW,43.29667068,-100.4804117,S,NAD83, 2572,  1,NGVD29,10150006
USGS,431748100412501, 38N29W 1BCDC,GW,43.29638889,-100.69,R,NAD83, 2680,10,NGVD29,10140203
USGS,431748100580601, 38N31W 3ACBA,GW,43.29666667,-100.9683333,R,NAD83, 2690, 10,NGVD29,10140203
USGS,431749100413301, 38N29W 1ADDD,GW,43.29694444,-100.6925,R,NAD83, 2600, 10,NGVD29,10150006
USGS,431750101035701, 38N32W 2ABCD2,GW,43.2972222,-101.0658333,R,NAD83, 2750, 10,NGVD29,10140203
USGS,431750101035801,38N32W 2ABDC,GW,43.2972222,-101.0661111,R,NAD83, 2746,5.4,NAVD88,10140203
USGS,431750101040501, 38N32W 2ABCB,GW,43.2972222,-101.0680556,R,NAD83, 2750, 10,NGVD29,10140203
USGS,431751100152101, 38N25W 3ADCA,GW,43.2975041,-100.256239,S,NAD83, 2333,  2,NGVD29,10140204
USGS,431751100441401, 38N29W 3ACAC,GW,43.2975,-100.7372222,R,NAD83, 2760, 10,NGVD29,10150006
USGS,431751100560301, 38N31W 1BACB,GW,43.29750355,-100.9345905,S,NAD83, 2600, 10,NGVD29,10140203
USGS,431751100571501, 38N31W 2BACC,GW,43.2975,-100.9541667,R,NAD83, 2646, 10,NGVD29,10140203
USGS,431751101033101,38N32W 1BBCC,GW,43.2975,-101.0586111,R,NAD83, 2724,5.4,NAVD88,10140203
USGS,431751101035701, 38N32W 2ABCD3,GW,43.2975,-101.0658333,R,NAD83, 2750, 10,NGVD29,10140203
USGS,431751101035801,38N32W 2ACAC,GW,43.2975,-101.0661111,R,NAD83, 2746,5.4,NAVD88,10140203
USGS,431752100173901, 38N25W 5ADAC2,GW,43.29778187,-100.2945735,M,NAD83, 2349,  8,NGVD29,10140204
USGS,431752101035903,38N32W 2,GW,43.29777778,-101.0663889,R,NAD83, 2747,5.4,NAVD88,10140203
USGS,431753100472601, 38N29W 6ADAD,GW,43.29805556,-100.7905556,R,NAD83, 2768, 10,NGVD29,10140203
USGS,431753101035401, 38N32W 2ABDB,GW,43.29805556,-101.065,R,NAD83, 2750, 10,NGVD29,10140203
USGS,431754100173901, 38N25W 5ADA,GW,43.2983374,-100.2945735,T,NAD83, 2351,  8,NGVD29,10140204
USGS,431754100174801, 38N25W 5ADB,GW,43.2983374,-100.2970735,T,NAD83, 2359, 25,NGVD29,10140204
USGS,431754101035701, 38N32W 2ABBD4,GW,43.2983333,-101.0658333,R,NAD83, 2750, 10,NGVD29,10140203
USGS,431754101035804,38N32W 2ABDB4,GW,43.2983333,-101.0661111,R,NAD83, 2746,5.4,NAVD88,10140203
USGS,431755100214301, 38N26W 2BDAA,GW,43.2986151,-100.362353,S,NAD83, 2467,  2,NGVD29,10140204
USGS,431755101033601, 38N32W 2A,GW,43.29861387,-101.0604258,F,NAD83, 2720, 20,NGVD29,10140203
USGS,431755101035801, 38N32W 2AB3,GW,43.298336,-101.0668147,M,NAD83, 2747,10,NGVD29,10140203
USGS,431755101224901, 38N34W 6A,GW,43.2986097,-101.380705,T,NAD83, 2936, 30,NGVD29,10140202
USGS,431756100460301, 38N29W 4BCBA,GW,43.29888889,-100.7675,R,NAD83, 2790, 10,NGVD29,10140203
USGS,431756101035702,38N32W 2ABC,GW,43.29888889,-101.0658333,R,NAD83, 2745,5.4,NAVD88,10140203
USGS,431756101040301, 38N32W 2ABCA,GW,43.29888889,-101.0675,R,NAD83, 2750, 10,NGVD29,10140203
USGS,431757100150101, 38N25W 2BCAB,GW,43.29917074,-100.2506834,M,NAD83, 2329,  8,NGVD29,10140204
USGS,431757100323302, 38N27W 5BDAB,GW,43.2991705,-100.5429134,S,NAD83, 2522,  1,NGVD29,10150006
USGS,431757101035201, 38N32W 2ABBD2,GW,43.29916667,-101.0644444,R,NAD83, 2750, 10,NGVD29,10140203
USGS,431757101040208,38N32W 2ABDB2,GW,43.29916667,-101.0672222,R,NAD83, 2752,5.4,NAVD88,10140203
USGS,431757101283101, 38N35W 5AAD,GW,43.299164,-101.4765387,S,NAD83, 3060, 20,NGVD29,10140202
USGS,431758100150101, 38N25W 2BBDC,GW,43.2994485,-100.2506835,T,NAD83, 2323,  8,NGVD29,10140204
USGS,431758100575301, 38N31W 3A,GW,43.29944796,-100.9651468,M,NAD83, 2690, 10,NGVD29,10140203
USGS,431758100575302, 38N31W 3A2,GW-TH,43.29944796,-100.9651468,M,NAD83, 2690, 10,NGVD29,10140203
USGS,431758101035701, 38N32W 2ABBD3,GW,43.29944444,-101.0658333,R,NAD83, 2750, 10,NGVD29,10140203
USGS,431758101040007,38N32E 2ABAC,GW,43.29944444,-101.0666667,R,NAD83, 2749,5.4,NAVD88,10140203
USGS,431759100110801, 98N 79W 15CCCC,GW,43.2997222,-100.1855556,S,NAD83, 2406,  5,NGVD29,10140204
USGS,431759100324703, 38N27W 5BBDD2,GW,43.29972607,-100.5468024,T,NAD83, 2523,  5,NGVD29,10150006
USGS,431759100392201, 38N28W 5AACC,GW-TH,43.29972589,-100.6565277,F,NAD83, 2567, 10,NGVD29,10150006
USGS,431759100433602, 38N28W 1AADD,GW,43.2997222,-100.6933333,R,NAD83, 2625, 10,NGVD29,10150006
USGS,431759101035401, 38N32W 2ABAC,GW,43.2997222,-101.065,R,NAD83, 2750, 10,NGVD29,10140203
USGS,431759101040301, 38N32W 2ABBBC,GW,43.2997222,-101.0675,R,NAD83, 2750, 10,NGVD29,10140203
USGS,431800100324601, 38N27W 5BBDD,GW,43.3000038,-100.5465247,F,NAD83, 2523,  5,NGVD29,10150006
USGS,431800100392501, 38N28W 5AAC,GW,43.30083698,-100.657361,T,NAD83, 2567, 25,NGVD29,10150006
USGS,431800100434901, 38N29W 2BBCD,GW,43.3,-100.7302778,R,NAD83, 2770, 10,NGVD29,10150006
USGS,431800100443801, 38N29W 3BACC,GW,43.3,-100.7438889,R,NAD83, 2787, 10,NGVD29,10140203
USGS,431800100443902, 38N29W 3BACC2,GW,43.3,-100.7441667,R,NAD83, 2780, 10,NGVD29,10140203
USGS,431800100450201, 38N29W 4AADD2,GW,43.3,-100.7505556,R,NAD83, 2750, 10,NGVD29,10140203
USGS,431800101035701, 38N32W 2ABBD,GW,43.3,-101.0658333,R,NAD83, 2750, 10,NGVD29,10140203
USGS,431800101040306,38N32W 2ABB,GW,43.3,-101.0675,R,NAD83, 2753,5.4,NAVD88,10140203
USGS,431801100434501, 38N29W 2BBDD,GW,43.30027778,-100.7291667,R,NAD83, 2700, 10,NGVD29,10150006
USGS,431801101035501, 38N32W 2ABAC2,GW,43.30027778,-101.0652778,R,NAD83, 2750, 10,NGVD29,10140203
USGS,431802101035601, 38N32W 2AB,GW,43.298336,-101.0668147,M,NAD83, 2650.00,10,NGVD29,10140203
USGS,431802101035602, 38N32W 2AB2,GW,43.298336,-101.0668147,F,NAD83, 2747,10,NGVD29,10140203
USGS,431803100382401, 38N28W 4ABCC,GW-TH,43.2997259,-100.6420828,F,NAD83, 2548, 10,NGVD29,10150006
USGS,431803100384601, 38N28W 4BBDD,GW-TH,43.2997259,-100.6479163,F,NAD83, 2550, 10,NGVD29,10150006
USGS,431803100422101, 38N29W 1BBAD,GW,43.3008333,-100.7058333,S,NAD83, 2630, 10,NGVD29,10150006
USGS,431803100431101, 38N29W 2ABCB,GW,43.3008333,-100.7197222,R,NAD83, 2708, 10,NGVD29,10150006
USGS,431803100460301, 38N29W 4AADD,GW,43.3008333,-100.7675,R,NAD83, 2767, 10,NGVD29,10140203
USGS,431803101035501, 38N32W 2ABAB,GW,43.3008333,-101.0652778,R,NAD83, 2750, 10,NGVD29,10140203
USGS,431804100393501, 38N28W 5AB,GW,43.30111474,-100.6601389,M,NAD83, 2565, 10,NGVD29,10150006
USGS,431804100393601, 38N28W 5ABD,GW,43.3005592,-100.65875,T,NAD83, 2575, 10,NGVD29,10150006
USGS,431804100415701, 38N29W 1ABCD,GW,43.3011111,-100.6991667,S,NAD83, 2620, 10,NGVD29,10150006
USGS,431804100433901, 38N29W 2BBDA,GW,43.3011111,-100.7275,R,NAD83, 2700, 10,NGVD29,10150006
USGS,431804101031701, 38N32W 2AAB,GW,43.3011139,-101.0551479,F,NAD83, 2680, 20,NGVD29,10140203
USGS,431804101035502, 38N32W 2ABAB2,GW,43.3011111,-101.0652778,R,NAD83, 2750, 10,NGVD29,10140203
USGS,431804101035605,38N32W 2ABAB3,GW,43.3011111,-101.0655556,R,NAD83, 2747,5.4,NAVD88,10140203
USGS,431805100110001, 98N79W10CCC,GW,43.31500297,-100.1848487,F,NAD83, 2329,  8,NGVD29,10140204
USGS,431805100280501, 38N27W 1BABB,GW,43.3027816,-100.465967,F,NAD83, 2539,  8,NGVD29,10150006
USGS,431805100402001, 39N28W32DDD,GW,43.30389247,-100.6540276,T,NAD83, 2657, 10,NGVD29,10150006
USGS,431805100432001, 38N29W 2BABD2,GW,43.30138889,-100.7222222,R,NAD83, 2680, 10,NGVD29,10150006
USGS,431805100432501, 38N29W 2BAB,GW,43.3013924,-100.7240295,F,NAD83, 2710, 10,NGVD29,10150006
USGS,431806100390901, 38N28W 5AAA,GW-TH,43.3016703,-100.6529165,T,NAD83, 2555, 10,NGVD29,10150006
USGS,431806100415201, 38N29W 1ABCA,GW,43.30166667,-100.6977778,R,NAD83, 2635, 10,NGVD29,10150006
USGS,431806100425801, 38N29W 2ABAD,GW,43.30166667,-100.7161111,R,NAD83, 2687, 10,NGVD29,10150006
USGS,431806100434401, 38N29W 2BBDB,GW,43.30166667,-100.7288889,R,NAD83, 2700, 10,NGVD29,10150006
USGS,431806100434901, 38N29W 2BBBC,GW,43.30166667,-100.7302778,R,NAD83, 2700, 10,NGVD29,10150006
USGS,431807100413301, 38N29W 1AAAD,GW,43.30194444,-100.6925,R,NAD83, 2600, 10,NGVD29,10150006
USGS,431807101085901, 39N32W31CDDC,GW,43.301946,-101.1501485,S,NAD83, 2905, 10,NGVD29,10140203
USGS,431808100312801, 38N27W 4BAB,GW,43.302226,-100.5248574,T,NAD83, 2550, 10,NGVD29,10150006
USGS,431808100430901, 38N29W 2ABB,GW,43.3022222,-100.7191667,R,NAD83, 2707, 10,NGVD29,10150006
USGS,431809100312402, 38N27W 4BABA,GW,43.3025038,-100.5237463,F,NAD83, 2565,  5,NGVD29,10150006
USGS,431809100414101, 38N29W 1AAAB,GW,43.3025,-100.6947222,R,NAD83, 2630, 10,NGVD29,10150006
USGS,431809100434201, 38N29W 2BBB,GW,43.3025035,-100.7287519,F,NAD83, 2700, 20,NGVD29,10150006
USGS,431809100483401, 38N30W 1AAAA,GW-TH,43.30250347,-100.809865,F,NAD83, 2763, 10,NGVD29,10140203
USGS,431809100483402, 38N30W 1AAAA2,GW,43.30250347,-100.809865,F,NAD83, 2763, 10,NGVD29,10140203
USGS,431809100483403, 38N30W 1AAAA3,GW,43.30250347,-100.809865,F,NAD83, 2760, 10,NGVD29,10140203
USGS,431809100483501, 38N30W 1AAA,GW,43.30250347,-100.8101428,F,NAD83, 2764, 20,NGVD29,10140203
USGS,431809101051001, 39N32W34DCC,GW,43.30250238,-101.086537,F,NAD83, 2755, 20,NGVD29,10140203
USGS,431810100285301, 38N27W 2BAAA,GW,43.3027816,-100.4818007,S,NAD83, 2552,  1,NGVD29,10150006
USGS,431810100295601, 38N27W 2BABB,GW,43.3027816,-100.4993012,F,NAD83, 2539,  8,NGVD29,10150006
USGS,431810100394501, 39N28W32DCA,GW,43.30555909,-100.6590277,T,NAD83, 2582, 10,NGVD29,10150006
USGS,431810100402001, 39N28W32DDB,GW,43.30583686,-100.6562499,T,NAD83, 2582, 10,NGVD29,10150006
USGS,431810100434501, 38N29W 2BBB2,GW,43.30278127,-100.7295852,F,NAD83, 2700, 20,NGVD29,10150006
USGS,431811100125001, 98N79W17DCBA,GW,43.30305915,-100.2142937,S,NAD83, 2385, 15,NGVD29,10150006
USGS,431811100594201, 39N31W33CCDA,GW,43.303059,-100.9954253,M,NAD83, 2688, 10,NGVD29,10140203
USGS,431812100285801, 39N27W35CDD,GW,43.3044482,-100.482634,F,NAD83, 2560,  8,NGVD29,10150006
USGS,431812100383901, 39N28W33CDD,GW,43.3033369,-100.6445829,F,NAD83, 2563,  5,NGVD29,10150006
USGS,431812101101101, 39N33W36CDDB,GW,43.30333466,-101.1701486,S,NAD83, 2961, 10,NGVD29,10140203
USGS,431812101231601, 39N34W31CD,GW,43.30333187,-101.388205,T,NAD83, 2886, 30,NGVD29,10140201
USGS,431813100262901, 39N26W31CDDD,GW,43.30361495,-100.4417997,S,NAD83, 2575,  2,NGVD29,10150006
USGS,431813100413101, 39N29W36DDDC,GW,43.3036146,-100.692362,F,NAD83, 2645, 10,NGVD29,10150006
USGS,431813100571001, 39N31W35CDBD,GW,43.30361456,-100.953202,F,NAD83, 2620, 20,NGVD29,10140203
USGS,431813101252001, 39N35W33ACD,GW,43.30999765,-101.460705,S,NAD83, 3116.00, 50,NGVD29,10140202
USGS,431814100302301, 39N27W34CCD,GW,43.30389268,-100.5068014,T,NAD83, 2562,  5,NGVD29,10150006
USGS,431814100302302, 39N27W34CCD2,GW,43.30389268,-100.5068014,T,NAD83, 2562,  5,NGVD29,10150006
USGS,431814100302601, 39N27W34CCDC,GW,43.30389268,-100.5076347,F,NAD83, 2562,  5,NGVD29,10150006
USGS,431814100302602, 39N27W34CCDC2,GW,43.30389268,-100.5076347,F,NAD83, 2562,  5,NGVD29,10150006
USGS,431814100391302, 39N28W32DDD2,GW-TH,43.30389247,-100.6540276,T,NAD83, 2657, 10,NGVD29,10150006
USGS,431814100391303, 39N28W32DDD3,GW-TH,43.30389247,-100.6540276,T,NAD83, 2657, 10,NGVD29,10150006
USGS,431814100413101, 39N29W36DDD,GW,43.3038924,-100.692362,T,NAD83, 2650, 10,NGVD29,10150006
USGS,431815100341801, 39N27W31CCC,GW,43.30417036,-100.5720809,F,NAD83, 2537,  5,NGVD29,10150006
USGS,431815100561801, 39N31W36CCBA,GW,43.3041701,-100.9387572,F,NAD83, 2583, 10,NGVD29,10140203
USGS,431815101034901, 39N32W35D,GW,43.3041693,-101.0640368,M,NAD83, 2740, 20,NGVD29,10140203
USGS,431815101034902, 39N32W35D2,GW,43.3041693,-101.0640368,M,NAD83, 2740, 20,NGVD29,10140203
USGS,431816100250202, 39N26W33DCDA2,GW,43.30444827,-100.4176324,M,NAD83, 2457, 25,NGVD29,10140204
USGS,431816100582701, 39N31W34CDBB,GW,43.30444789,-100.9745914,S,NAD83, 2630, 10,NGVD29,10140203
USGS,431816101004801, 39N31W32CDBB,GW,43.3044477,-101.0137588,F,NAD83, 2679,10,NGVD29,10140203
USGS,431817100324301, 39N27W32CDCB,GW,43.3047259,-100.5456913,F,NAD83, 2545,  5,NGVD29,10150006
USGS,431817100440201, 39N29W34DDCA,GW,43.30472567,-100.7343076,S,NAD83, 2710, 10,NGVD29,10150006
USGS,431817100522501, 39N30W33BDDA,GW,43.3047222,-100.8736111,S,NAD83, 2360, 10,NGVD29,10140203
USGS,431818100314301, 39N27W33CCBD,GW,43.3050037,-100.5290242,F,NAD83, 2552,  5,NGVD29,10150006
USGS,431818100324201, 39N27W32CDCB2,GW,43.3050037,-100.5454136,F,NAD83, 2544,  5,NGVD29,10150006
USGS,431818100341901, 39N27W31CC,GW,43.30500367,-100.5723587,F,NAD83, 2538,  5,NGVD29,10150006
USGS,431819101064901, 39N32W33C,GW,43.30527979,-101.1140371,M,NAD83, 2865, 40,NGVD29,10140203
USGS,431820100393001, 39N28W32DAC,GW,43.30750349,-100.6562499,T,NAD83, 2581, 10,NGVD29,10150006
USGS,431820101045002, 39N32W34DADC2,GW,43.30555798,-101.0809814,F,NAD83, 2781, 10,NGVD29,10140203
USGS,431820101265901, 39N35W34C,GW,43.3055533,-101.4501496,M,NAD83, 3116, 60,NGVD29,10140202
USGS,431821100332301, 39N27W31DCA,GW,43.305837,-100.5568028,T,NAD83, 2535,  5,NGVD29,10150006
USGS,431821100394001, 39N28W32DCB,GW,43.30583686,-100.6615278,T,NAD83, 2580, 10,NGVD29,10150006
USGS,431821101045801, 39N32W34DADC,GW,43.30555798,-101.0809814,F,NAD83, 2781,10,NGVD29,10140203
USGS,431822100140801, 39N28W31C,GW-TH,43.30639236,-100.6873618,M,NAD83, 2675, 20,NGVD29,10140204
USGS,431822100240301, 39N26W33DCBB,GW,43.3061149,-100.4012431,S,NAD83, 2448,  2,NGVD29,10140204
USGS,431822100390601, 39N28W33CCBB,GW,43.3061146,-100.6520831,F,NAD83, 2582, 10,NGVD29,10150006
USGS,431822100424301, 39N29W35DDAB,GW,43.30611456,-100.7123625,F,NAD83, 2681, 10,NGVD29,10150006
USGS,431822100453501, 39N29W33DCBB,GW,43.3061145,-100.7601416,F,NAD83, 2730, 10,NGVD29,10140203
USGS,431823100395302, 39N28W32C2,GW-TH,43.30639239,-100.665139,M,NAD83, 2585, 20,NGVD29,10150006
USGS,431823100395303, 39N28W32C3,GW,43.30639239,-100.665139,M,NAD83, 2585, 20,NGVD29,10150006
USGS,431823101005201, 39N31W32CBDB,GW,43.3063921,-101.0148699,F,NAD83, 2685, 10,NGVD29,10140203
USGS,431824100392502, 39N28W32D2,GW,43.30667018,-100.657361,M,NAD83, 2577, 10,NGVD29,10150006
USGS,431825100393001, 39N28W32,GW,43.30694795,-100.6587499,M,NAD83, 2575, 10,NGVD29,10150006
USGS,431825100393002, 39N28W322,GW,43.30694795,-100.6587499,M,NAD83, 2575, 25,NGVD29,10150006
USGS,431825100393003, 39N28W323,GW,43.30694795,-100.6587499,M,NAD83, 2575, 10,NGVD29,10150006
USGS,431825100503101, 39W30W35CDBB,GW,43.30694444,-100.8419444,S,NAD83, 2400, 10,NGVD29,10140203
USGS,431826100420601, 39N29W36CAD,GW,43.30722566,-100.7020844,T,NAD83, 2680, 10,NGVD29,10150006
USGS,431826100445601, 39N29W34CBCD,GW,43.3072256,-100.7493079,S,NAD83, 2728, 10,NGVD29,10140203
USGS,431828100235701, 39N26W33DBDB,GW,43.3077815,-100.3995764,F,NAD83, 2447.,  8,NGVD29,10140204
USGS,431829100392801, 39N28W32DBDA,GW-TH,43.308059,-100.6581944,F,NAD83, 2575, 10,NGVD29,10150006
USGS,431829100583301, 39N31W34CBAA,GW,43.3080589,-100.976258,S,NAD83, 2625, 10,NGVD29,10140203
USGS,431830100250201, 39N26W32DCDA,GW,43.30444827,-100.4176324,F,NAD83, 2533,  8,NGVD29,10140204
USGS,431830100432201, 39N29W35CA,GW,43.3083367,-100.7231961,M,NAD83, 2700, 10,NGVD29,10150006
USGS,431830100450901, 39N29W33DA,GW,43.30833668,-100.7529191,M,NAD83, 2657, 40,NGVD29,10140203
USGS,431830100562301, 39N31W36CAAB,GW,43.3083367,-100.940146,S,NAD83, 2573, 10,NGVD29,10140203
USGS,431833099593601, 98N77W18AB,GW,43.30916667,-99.9933333,U,NAD83, 2251,1.6,NAVD88,10140204
USGS,431833101035301, 39N32W35ACDD,GW,43.30916925,-101.0651479,M,NAD83, 2690, 10,NGVD29,10140203
USGS,431834100400201, 39N28W32C,GW,43.30639239,-100.665139,M,NAD83, 2585,10,NGVD29,10150006
USGS,431834100404001, 39N28W31DB,GW-TH,43.30833678,-100.6798616,M,NAD83, 2593, 10,NGVD29,10150006
USGS,431834100413001, 39N29W36DAAA,GW,43.30944785,-100.6920842,F,NAD83, 2657, 10,NGVD29,10150006
USGS,431835100412801, 39N29W36DAAA2,GW,43.3097256,-100.6915286,F,NAD83, 2655, 10,NGVD29,10150006
USGS,431837100390901, 39N28W32DAA,GW,43.3102812,-100.6529165,F,NAD83, 2580, 20,NGVD29,10150006
USGS,431837100431401, 39N29W35ADAD,GW,43.3122255,-100.7115291,M,NAD83, 2685,10,NGVD29,10140203
USGS,431839100225301, 39N26W34ACCC,GW,43.310837,-100.3817983,S,NAD83, 2434,  2,NGVD29,10140204
USGS,431840100302501, 39N27W34BCD,GW,43.3111147,-100.507357,T,NAD83, 2559,  5,NGVD29,10150006
USGS,431840100394001, 39N28W32D,GW,43.30667018,-100.657361,M,NAD83, 2580,10,NGVD29,10150006
USGS,431840100552701, 39N30W31BCDB,GW,43.3111144,-100.92459,S,NAD83, 2558, 10,NGVD29,10140203
USGS,431841100342601, 39N28W36ADDD,GW,43.31138889,-100.5738889,R,NAD83, 2640, 10,NGVD29,10150006
USGS,431842100361601, 39N28W35BDDB,GW,43.3116701,-100.6048596,S,NAD83, 2567,  1,NGVD29,10150006
USGS,431842100530201, 39N30W33BCAD3,GW-TH,43.31166998,-100.8843113,F,NAD83, 2320, 10,NGVD29,10140203
USGS,431843100263301, 39N26W31BDA,GW,43.3130591,-100.442911,T,NAD83, 2600,  8,NGVD29,10140204
USGS,431843100530001, 39N30W33BCAD2,GW-TH,43.31194775,-100.8837557,F,NAD83, 2321, 10,NGVD29,10140203
USGS,431843100530201, 39N30W33BCAD4,GW-TH,43.31194775,-100.8843113,F,NAD83, 2318, 10,NGVD29,10140203
USGS,431844100530101, 39N30W33BCAD,GW-TH,43.3122255,-100.8840335,F,NAD83, 2318, 10,NGVD29,10140203
USGS,431845100401501, 39N28W32BCB,GW,43.31250336,-100.6712503,T,NAD83, 2594,20,NGVD29,10150006
USGS,431845100525601, 39N30W33BDBC,GW-TH,43.3125033,-100.8826446,F,NAD83, 2325, 10,NGVD29,10140203
USGS,431846100525301, 39N30W33BDBB2,GW-TH,43.31278107,-100.8818112,M,NAD83, 2340, 20,NGVD29,10140203
USGS,431846100525901, 39N30W33BCAA,GW-TH,43.31278107,-100.8834779,F,NAD83, 2318, 10,NGVD29,10140203
USGS,431847100323901, 39N27W32BDB,GW,43.31305905,-100.5445803,M,NAD83, 2559,  5,NGVD29,10150006
USGS,431848100272901, 39N27W36ACAB,GW,43.31333689,-100.4584669,S,NAD83, 2552,  2,NGVD29,10150006
USGS,431848101031201, 39N32W36BBCC,GW,43.30972488,-101.0584812,F,NAD83, 2654, 10,NGVD29,10140203
USGS,431849100282301, 39N27W35ADAB,GW,43.31361465,-100.4734673,F,NAD83, 2582,  8,NGVD29,10150006
USGS,431849100311401, 39N27W33ACBB,GW,43.3136146,-100.5209685,S,NAD83, 2622,  1,NGVD29,10150006
USGS,431849100425501, 39N29W35A,GW,43.3136144,-100.7156959,M,NAD83, 2650, 40,NGVD29,10140203
USGS,431849100430701, 39N29W35ACBA,GW,43.31361439,-100.7190293,S,NAD83, 2644, 10,NGVD29,10140203
USGS,431849100433201, 39N29W35BCAA,GW,43.31361438,-100.7259739,S,NAD83, 2684, 10,NGVD29,10140203
USGS,431849100525302, 39N30W33BACD2,GW-TH,43.31361439,-100.8818112,F,NAD83, 2342, 20,NGVD29,10140203
USGS,431849100525401, 39N30W33BDBB4,GW-TH,43.31361439,-100.882089,F,NAD83, 2325, 10,NGVD29,10140203
USGS,431849100525501, 39N30W33BDBB,GW-TH,43.31361439,-100.8823668,F,NAD83, 2335, 15,NGVD29,10140203
USGS,431850100445201, 39N29W34BBDC,GW,43.3138921,-100.7481967,S,NAD83, 2652, 10,NGVD29,10140203
USGS,431850100525401, 39N30W33BACC,GW-TH,43.31389216,-100.882089,F,NAD83, 2322, 10,NGVD29,10140203
USGS,431851099515501, 98N76W 8CCDD,GW,43.3141675,-99.8656731,S,NAD83, 2063, 10,NGVD29,10140204
USGS,431851099521301, 98N76W 7DDDD,GW,43.3141675,-99.8706733,S,NAD83, 2060, 10,NGVD29,10140204
USGS,431851100525301, 39N30W33BACD,GW-TH,43.3141699,-100.8818112,F,NAD83, 2323, 10,NGVD29,10140203
USGS,431852100565201, 39N31W35A,GW,43.3144477,-100.9482017,M,NAD83, 2590, 10,NGVD29,10140203
USGS,431854100233101, 39N25W34BACA,GW,43.31500359,-100.2670732,F,NAD83, 2260,  8,NGVD29,10140204
USGS,431854100275701, 39N27W36BACB,GW,43.3150035,-100.4662449,S,NAD83, 2572,  8,NGVD29,10150006
USGS,431854100424001, 39N29W35AADA,GW,43.31500326,-100.7115291,F,NAD83, 2659, 10,NGVD29,10140203
USGS,431855100263001, 39N26W31ABCA,GW,43.31528129,-100.4420776,S,NAD83, 2638,  2,NGVD29,10140204
USGS,431855100524501, 39N30W28CDBD,GW-TH,43.315281,-100.8795889,F,NAD83, 2393,4.3,NAVD88,
USGS,431856100481901, 39N29W31BBDA,GW,43.31555878,-100.8056982,S,NAD83, 2733, 10,NGVD29,10140203
USGS,431859100241001, 39N26W33BAA,GW,43.31639238,-100.4031878,T,NAD83, 2415,  8,NGVD29,10140204
USGS,431859100251301, 39N26W32ABB,GW,43.31639237,-100.4206882,M,NAD83, 2485,  8,NGVD29,10140204
USGS,431859100420801, 39N29W36BAAC,GW,43.3163921,-100.70264,S,NAD83, 2595, 10,NGVD29,10140203
USGS,431900100251301, 39N26W32ABBB,GW,43.31667014,-100.4206882,F,NAD83, 2482,  8,NGVD29,10140204
USGS,431900100424001, 39N29W35AAAA,GW,43.31666989,-100.711529,F,NAD83, 2638, 10,NGVD29,10140203
USGS,431902100174201, 39N25W33BBAA,GW,43.3172257,-100.2954073,F,NAD83, 2300,  8,NGVD29,10140204
USGS,431902100204901, 39N26W36BABB,GW-TH,43.3172257,-100.347353,S,NAD83, 2378,  8,NGVD29,10140204
USGS,431902100204902, 39N26W36BABB2,GW,43.3172257,-100.347353,F,NAD83, 2378,  8,NGVD29,10140204
USGS,431902100412301, 39N28W31BBBA,GW,43.31722546,-100.690973,F,NAD83, 2598,  5,NGVD29,10150006
USGS,431902100520101, 39N30W28DCCB,GW,43.3172222,-100.8669444,S,NAD83, 2360, 10,NGVD29,10140203
USGS,431902100561502, 39N31W25CCCA2,GW,43.31722546,-100.9379237,S,NAD83, 2558, 10,NGVD29,10140203
USGS,431902100561503, 39N31W25CCCA3,GW,43.31722546,-100.9379237,M,NAD83, 2558, 20,NGVD29,10140203
USGS,431903100265201, 39N26W31BBAB,GW,43.3175034,-100.4481889,S,NAD83, 2598,  2,NGVD29,10140204
USGS,431903100282001, 39N27W35AAAB,GW-TH,43.3175034,-100.472634,S,NAD83, 2598,  8,NGVD29,10150006
USGS,431903100282002, 39N27W35AAAB2,GW,43.3175034,-100.472634,F,NAD83, 2598,  8,NGVD29,10150006
USGS,431903100471601, 39N30W30DDAC,GW,43.3175,-100.7877778,R,NAD83, 2400, 20,NGVD29,10140203
USGS,431903100525901, 39N30W28CCDD,GW,43.3175,-100.8830556,S,NAD83, 2300, 10,NGVD29,10140203
USGS,431903100561701, 39N31W25CCCA,GW,43.31722546,-100.9379237,S,NAD83, 2558,10,NGVD29,10140203
USGS,431904100213401, 39N26W26DCC2,GW,43.31778125,-100.3598534,T,NAD83, 2351,  8,NGVD29,10140204
USGS,431905100402401, 39N28W30DDDC,GW,43.31805879,-100.6737503,F,NAD83, 2618, 10,NGVD29,10150006
USGS,431905100501501, 39N30W26CDDB,GW,43.31805556,-100.8375,S,NAD83, 2670, 10,NGVD29,10140203
USGS,431906100213801, 39N26W26DCC,GW,43.31833679,-100.3609646,T,NAD83, 2356,  8,NGVD29,10140204
USGS,431907100305501, 39N27W27CCD,GW,43.31861449,-100.5156906,T,NAD83, 2615,  5,NGVD29,10150006
USGS,431907100325701, 39N27W29CCC,GW,43.31861445,-100.5495804,T,NAD83, 2567,  5,NGVD29,10150006
USGS,431907100350201, 39N28W25CCD,GW,43.3186144,-100.5843035,T,NAD83, 2565,  5,NGVD29,10150006
USGS,431907100350301, 39N28W25CCD2,GW,43.3186144,-100.5845813,T,NAD83, 2568,  5,NGVD29,10150006
USGS,431907100501201, 39N30W26DC,GW,43.31861429,-100.8370878,F,NAD83, 2697, 20,NGVD29,10140203
USGS,431907100501501, 39N30W26CDDB2,GW,43.3186111,-100.8375,S,NAD83, 2670, 10,NGVD29,10140203
USGS,431907100530201, 39N30W28CCDB,GW-TH,43.3186143,-100.8843112,F,NAD83, 2320, 10,NGVD29,10140203
USGS,431907100530401, 39N30W28CCDB2,GW-TH,43.3186143,-100.8848668,F,NAD83, 2320, 10,NGVD29,10140203
USGS,431907100530601, 39N30W28CCDB3,GW-TH,43.3186143,-100.8854224,F,NAD83, 2320, 10,NGVD29,10140203
USGS,431908100255901, 39N26W29CCCB,GW,43.3188923,-100.4334664,F,NAD83, 2546,  8,NGVD29,10140204
USGS,431908100402001, 39N28W30DDDC2,GW-TH,43.31750324,-100.6743059,F,NAD83, 2613, 10,NGVD29,10150006
USGS,431908100501701, 39N30W26CDAD,GW,43.31888889,-100.8380556,R,NAD83, 2660, 10,NGVD29,10140203
USGS,431908100502701, 39N30W26CD,GW,43.31889206,-100.8412546,M,NAD83, 2680, 20,NGVD29,10140203
USGS,431908100524001, 39N29W28CDBD9,GW,43.31888889,-100.8777778,S,NAD83, 2360, 10,NGVD29,10140203
USGS,431908100530901, 39N30W28CCCA,GW-TH,43.31889208,-100.8862557,F,NAD83, 2306, 10,NGVD29,10140203
USGS,431908101293301, 39N35W29CCB,GW,43.31888619,-101.4929273,S,NAD83, 3116.00, 50,NGVD29,10140202
USGS,431909100401501, 39N28W29CCCB,GW,43.31916988,-100.6712503,F,NAD83, 2607, 10,NGVD29,10140203
USGS,431909100471401, 39N29W29CC,GW,43.3191698,-100.7876421,T,NAD83, 2630, 50,NGVD29,10140203
USGS,431909100471402, 39N29W29CC2,GW-TH,43.3191698,-100.7876421,T,NAD83, 2630, 50,NGVD29,10140203
USGS,431909100471403, 39N29W29CC3,GW,43.3191698,-100.7876421,T,NAD83, 2630, 50,NGVD29,10140203
USGS,431909100501201, 39N30W26DCCB,GW,43.31916667,-100.8366667,R,NAD83, 2650, 10,NGVD29,10140203
USGS,431909100501701, 39N30W26CDAA3,GW,43.31916667,-100.8380556,R,NAD83, 2665, 10,NGVD29,10140203
USGS,431909100523801, 39N30W28DCBD,GW,43.31916985,-100.8776444,T,NAD83, 2358, 10,NGVD29,10140203
USGS,431909100524701, 39N30W28CDBD8,GW,43.31916667,-100.8797222,S,NAD83, 2118, 10,NGVD29,10140203
USGS,431909100524801, 39N30W28CDBD7,GW,43.31916667,-100.88,S,NAD83, 2318, 10,NGVD29,10140203
USGS,431909100524804, 39N30W28CDBD4,GW-TH,43.31916985,-100.8804222,F,NAD83, 2318, 10,NGVD29,10140203
USGS,431909100575301, 39N31W27D,GW,43.31916988,-100.9651466,M,NAD83, 2530, 50,NGVD29,10140203
USGS,431910100501301, 39N30W26DCBC2,GW,43.31944444,-100.8369444,R,NAD83, 2755, 10,NGVD29,10140203
USGS,431910100502701, 39N30W26CD2,GW,43.31889206,-100.8412546,T,NAD83, 2680, 20,NGVD29,10140203
USGS,431910100525003, 39N30W28CDBD3,GW,43.3194476,-100.8809778,F,NAD83, 2317, 15,NGVD29,10140203
USGS,431910100525101, 39N30W28CDBD2,GW-TH,43.3194476,-100.8812556,F,NAD83, 2329, 10,NGVD29,10140203
USGS,431910101272901, 39N35W28DCA,GW,43.3194421,-101.4615383,F,NAD83, 3165.00, 20,NGVD29,10140202
USGS,431911100390601, 39N28W28CCBC,GW,43.3197254,-100.652083,S,NAD83, 2605,10,NGVD29,10150006
USGS,431911100524501, 39N30W28CDAC,GW-TH,43.31972539,-100.8795889,F,NAD83, 2332, 10,NGVD29,10140203
USGS,431911100524701, 39N30W28CDAC2,GW-TH,43.31972539,-100.8801444,F,NAD83, 2332, 10,NGVD29,10140203
USGS,431911100524902, 39N30W28CDBD5,GW,43.3197254,-100.8807,F,NAD83, 2318, 20,NGVD29,10140203
USGS,431911100525301, 39N30W28CDBD6,GW,43.3197254,-100.8818111,F,NAD83, 2319, 20,NGVD29,10140203
USGS,431912100410501, 39N28W30CDBD,GW,43.32000318,-100.6851395,F,NAD83, 2601, 10,NGVD29,10140203
USGS,431912100501501, 39N30W26DCBC,GW,43.32,-100.8375,R,NAD83, 2760, 10,NGVD29,10140203
USGS,431912100501701, 39N30W26CDAA2,GW,43.32,-100.8380556,R,NAD83, 2665, 10,NGVD29,10140203
USGS,431912100530101, 39N30W28CCAD,GW-TH,43.32000317,-100.8840334,F,NAD83, 2319, 10,NGVD29,10140203
USGS,431912100530601, 39N30W28CCAC,GW-TH,43.32000317,-100.8854223,F,NAD83, 2306, 10,NGVD29,10140203
USGS,431913100314601, 39N27W28CCB,GW,43.32028109,-100.5298577,T,NAD83, 2608, 20,NGVD29,10150006
USGS,431913101084001, 39N32W30DBDC,GW,43.3202793,-101.1448704,M,NAD83, 2820, 10,NGVD29,10140203
USGS,431914100323101, 39N27W29CDA,GW,43.32055885,-100.542358,T,NAD83, 2585,  5,NGVD29,10150006
USGS,431914100375201, 39N28W27CCBB,GW,43.32055877,-100.631527,S,NAD83, 2681, 10,NGVD29,10150006
USGS,431914100421701, 39N29W25CDBB,GW,43.3205587,-100.70514,S,NAD83, 2581, 10,NGVD29,10140203
USGS,431914100501601, 39N30W26DCBB2,GW,43.32055556,-100.8377778,R,NAD83, 2670, 10,NGVD29,10140203
USGS,431914100525201, 39N30W28CBBA2,GW,43.3205587,-100.8815334,S,NAD83, 2333, 10,NGVD29,10140203
USGS,431915100114001, 98N79W 9DDDD,GW,43.31500298,-100.1865154,F,NAD83, 2323,  8,NGVD29,10140204
USGS,431915100501601, 39N30W26DCBB,GW,43.3208333,-100.8377778,R,NAD83, 2680, 10,NGVD29,10140203
USGS,431915100501901,39N30W26ABB,GW,43.3208333,-100.8386111,R,NAD83, 2695,4.3,NAVD88,10140203
USGS,431915100525901, 39N30W28C,GW-TH,43.32083649,-100.8834778,M,NAD83, 2330, 20,NGVD29,10140203
USGS,431915100525902, 39N30W28C2,GW,43.32083649,-100.8834778,M,NAD83, 2330, 20,NGVD29,10140203
USGS,431915101530301, 39N30W28CBDC4,GW-TH,43.32083649,-100.884589,F,NAD83, 2305, 10,NGVD29,10140203
USGS,431916100501901, 39N30W26CDAA,GW,43.3211111,-100.8386111,R,NAD83, 2670, 10,NGVD29,10140203
USGS,431916100530101, 39N30W28CBDD,GW-TH,43.32111426,-100.8840334,F,NAD83, 2308, 10,NGVD29,10140203
USGS,431916100530401, 39N30W28CBDC,GW-TH,43.32111426,-100.8848668,F,NAD83, 2305, 10,NGVD29,10140203
USGS,431916100530402, 39N30W28CBDC3,GW-TH,43.32111426,-100.8848668,F,NAD83, 2305, 10,NGVD29,10140203
USGS,431916100530501, 39N30W28CBDC5,GW-TH,43.32111426,-100.8851446,F,NAD83, 2302, 10,NGVD29,10140203
USGS,431917100402201, 39N28W30AADA,GW,43.32139205,-100.6731947,S,NAD83, 2623, 10,NGVD29,10140203
USGS,431917100530501, 39N30W28CBDC2,GW-TH,43.321392,-100.8851445,F,NAD83, 2304, 10,NGVD29,10140203
USGS,431917100530502, 39N30W28CBDC6,GW-TH,43.321392,-100.8851445,F,NAD83, 2304, 10,NGVD29,10140203
USGS,431917100563201, 39N31W26DA,GW,43.32139206,-100.942646,T,NAD83, 2500, 10,NGVD29,10140203
USGS,431918100530101, 39N30W28CBDD2,GW-TH,43.3216698,-100.8840334,F,NAD83, 2307, 10,NGVD29,10140203
USGS,431918101234901, 39N35W25DA,GW,43.32166518,-101.3973714,T,NAD83, 2900, 60,NGVD29,10140201
USGS,431919100530301, 39N30W28CBDB3,GW-TH,43.32194758,-100.884589,F,NAD83, 2308, 10,NGVD29,10140203
USGS,431919100530501, 39N30W28CBDB,GW-TH,43.32194758,-100.8851445,F,NAD83, 2305, 10,NGVD29,10140203
USGS,431920099595801, 98N77W 9D,GW,43.3222232,-99.9998436,M,NAD83, 2099, 10,NGVD29,10140204
USGS,431920100295301, 39N27W27DBA,GW,43.3238921,-100.4976347,F,NAD83, 2648, 16,NGVD29,10150006
USGS,431921100255901, 39N26W30DADB,GW,43.3225033,-100.4334664,F,NAD83, 2503,  8,NGVD29,10140204
USGS,431921100294401, 39N27W35CDAA,GW,43.32250328,-100.495968,S,NAD83, 2556,  2,NGVD29,10150006
USGS,431921100390601, 39N28W28CBCB,GW,43.32250315,-100.652083,F,NAD83, 2623, 10,NGVD29,10150006
USGS,431921100530601, 39N30W28CBDB2,GW-TH,43.3225031,-100.8854223,F,NAD83, 2304, 10,NGVD29,10140203
USGS,431922100265501, 39N26W30CBDB,GW,43.32278107,-100.4490224,S,NAD83, 2598,  2,NGVD29,10140204
USGS,431922100282001, 39N27W35DDA,GW,43.32278106,-100.472634,T,NAD83, 2559,  8,NGVD29,10150006
USGS,431922100294401, 39N27W27DACB,GW,43.32278105,-100.495968,S,NAD83, 2628,  2,NGVD29,10150006
USGS,431922100530001, 39N30W28CBAD,GW-TH,43.3227809,-100.8837556,F,NAD83, 2305, 10,NGVD29,10140203
USGS,431922101014401, 39N31W30,GW-TH,43.3227806,-101.0293142,M,NAD83, 2645, 20,NGVD29,10140203
USGS,431922101032201, 39N32W25CBAB,GW,43.3227803,-101.0565366,F,NAD83, 2705, 10,NGVD29,10140203
USGS,431925100531101, 39N30W28CBB,GW,43.3236142,-100.8868112,T,NAD83, 2327, 10,NGVD29,10140203
USGS,431926100273901, 39N27W25DBBC,GW,43.32389214,-100.4612449,F,NAD83, 2605.,  8,NGVD29,10150006
USGS,431927100381501, 39N28W28DBAA,GW,43.32416979,-100.637916,S,NAD83, 2628, 10,NGVD29,10150006
USGS,431928100425901, 39N29W26DBAA2,GW,43.3244475,-100.716807,S,NAD83, 2629,102,NGVD29,10140203
USGS,431928100430001, 39N29W26DBAA,GW-TH,43.3244475,-100.7170848,S,NAD83, 2629, 10,NGVD29,10140203
USGS,431928100530701, 39N30W28CBBA,GW-TH,43.3244475,-100.8857,F,NAD83, 2318, 10,NGVD29,10140203
USGS,431928100570001, 39N31W26BDDA,GW,43.32444757,-100.9504239,S,NAD83, 2567, 10,NGVD29,10140203
USGS,431928101013401, 39N31W30AC,GW,43.3244473,-101.0265364,T,NAD83, 2625, 10,NGVD29,10140203
USGS,431928101055001, 39N31W30BD,GW,43.32444725,-101.0309809,T,NAD83, 2650, 10,NGVD29,10140203
USGS,431929100383301, 39N28W28CBBC,GW,43.32333646,-100.652083,F,NAD83, 2626,10,NGVD29,10150006
USGS,431930100530301, 39N30W28BCD,GW-TH,43.32500308,-100.8845889,F,NAD83, 2307, 10,NGVD29,10140203
USGS,431930100530801, 39N30W28BCDD,GW-TH,43.32500308,-100.8859779,F,NAD83, 2317, 10,NGVD29,10140203
USGS,431931100224101, 39N26W27ACD,GW,43.325281,-100.3784651,M,NAD83, 2428, 16,NGVD29,10140204
USGS,431931101021801,39N31W30BCB,GW,43.32527778,-101.0383333,R,NAD83, 2593,5.4,NAVD88,10140203
USGS,431933100412101, 39N28W30BCDB,GW,43.32583638,-100.689584,S,NAD83, 2622, 10,NGVD29,10140203
USGS,431933100530701, 39N30W28BCCA,GW-TH,43.3258364,-100.8857,F,NAD83, 2314, 10,NGVD29,10140203
USGS,431933101010501, 39N31W29BCB,GW,43.32583626,-101.0184808,T,NAD83, 2640, 25,NGVD29,10140203
USGS,431933101014001, 39N31W30ACB,GW,43.32583616,-101.028203,T,NAD83, 2633, 10,NGVD29,10140203
USGS,431933101014901, 39N31W30BDA,GW,43.3258361,-101.030703,M,NAD83, 2645, 20,NGVD29,10140203
USGS,431933101014902, 39N31W30BDA2,GW,43.3258361,-101.030703,M,NAD83, 2645, 20,NGVD29,10140203
USGS,431935101010501, 39N31W29BBCB,GW,43.3263918,-101.0184808,F,NAD83, 2630, 20,NGVD29,10140203
USGS,431936100401301, 39N28W29BCBD,GW,43.3266697,-100.6706947,S,NAD83, 2632, 10,NGVD29,10140203
USGS,431937100320101, 39N27W29ADBD,GW,43.32694758,-100.5340245,S,NAD83, 2676,  1,NGVD29,10150006
USGS,431937100594001, 39N31W28B,GW,43.32694756,-100.9948694,M,NAD83, 2620, 50,NGVD29,10140203
USGS,431937100594002, 39N31W28B2,GW,43.32694756,-100.9948694,M,NAD83, 2629, 50,NGVD29,10140203
USGS,431938100383301, 39N28W28BDAB,GW,43.32722527,-100.6429162,S,NAD83, 2644, 10,NGVD29,10140203
USGS,431939100573501, 39N31W27ABC,GW,43.32750309,-100.9684799,T,NAD83, 2605,10,NGVD29,10140203
USGS,431940100371601, 39N28W27ABC,GW,43.32916968,-100.6215268,T,NAD83, 2640,10,NGVD29,10140203
USGS,431941100164401, 39N25W28ABDA2,GW,43.32805876,-100.2792961,F,NAD83, 2234,  8,NGVD29,10140204
USGS,431941100164402, 39N25W28ABDA3,GW,43.32805876,-100.2792961,F,NAD83, 2234,  8,NGVD29,10140204
USGS,431941100453001, 39N29W28ABCD,GW,43.3280585,-100.7587525,S,NAD83, 2647, 10,NGVD29,10140203
USGS,431943100425001, 39N29W26AABA,GW,43.331114,-100.7137513,T,NAD83, 2542, 10,NGVD29,10140203
USGS,431944100223501, 39N26W27AACC,GW,43.328892,-100.3767985,F,NAD83, 2405,  8,NGVD29,10140204
USGS,431944100223602, 39N26W27ABDD,GW,43.328892,-100.3770763,F,NAD83, 2402,  8,NGVD29,10140204
USGS,431944100333801, 39N27W30ABCC,GW,43.32889195,-100.5609697,S,NAD83, 2638,  1,NGVD29,10150006
USGS,431944100531101, 39N30W28BBCA,GW-TH,43.3288919,-100.8868112,S,NAD83, 2300, 10,NGVD29,10140203
USGS,431944100532001, 39N30W29AAD,GW-TH,43.3288919,-100.8893112,F,NAD83, 2310, 10,NGVD29,10140203
USGS,431945100223501, 39N26W27AAD,GW,43.3291698,-100.3767985,F,NAD83, 2401.54, 20,NGVD29,10150006
USGS,431946100223601, 39N26W27ABDA,GW,43.32944757,-100.3770763,F,NAD83, 2404,  8,NGVD29,10140204
USGS,431946100531701, 39N30W29AADA,GW-TH,43.32944745,-100.8884779,F,NAD83, 2306, 10,NGVD29,10140203
USGS,431947100354001, 39N28W26AADB,GW,43.3297252,-100.5948594,S,NAD83, 2628,  1,NGVD29,10150006
USGS,431947101044501, 39N32W27AAAA,GW,43.3297244,-101.0795922,S,NAD83, 2675,  5,NGVD29,10140203
USGS,431948100241301, 39N25W28ABDA,GW,43.3300031,-100.2809629,F,NAD83, 2224,  8,NGVD29,10140204
USGS,431949100343101, 39N28W25AA,GW,43.33166965,-100.5756923,T,NAD83, 2622,10,NGVD29,10150006
USGS,431949100362301, 39N28W26BACB,GW,43.33028078,-100.6068042,S,NAD83, 2644,  1,NGVD29,10140203
USGS,431949100392901, 39N28W29ABAD,GW,43.33028074,-100.6584721,S,NAD83, 2634, 10,NGVD29,10140203
USGS,431949100584601, 39N31W27BBBB,GW,43.3302808,-100.979869,S,NAD83, 2622,  5,NGVD29,10140203
USGS,431949100584602, 39N31W27BBBB2,GW,43.3302808,-100.979869,S,NAD83, 2622,  5,NGVD29,10140203
USGS,431951099533101, 98N77W 1DD,GW,43.3308339,-99.8923407,T,NAD83, 2129, 10,NGVD29,10140204
USGS,431951100232301, 39N26W27BBD,GW-TH,43.3291698,-100.3770763,T,NAD83, 2407,  8,NGVD29,10140204
USGS,431951100424302, 39N29W26AAA,GW,43.33083625,-100.7123624,T,NAD83, 2540, 10,NGVD29,10140203
USGS,431952100094301, 98N79W 2CDCC,GW,43.329169,-100.1598484,F,NAD83, 2270,  8,NGVD29,10140204
USGS,431955100591001, 39N31W21DCDB,GW,43.33194748,-100.9865359,S,NAD83, 2624, 10,NGVD29,10140203
USGS,431957100395501, 39N28W20CDCD,GW,43.3325029,-100.6656945,S,NAD83, 2672, 10,NGVD29,10140203
USGS,432002100381901, 39N28W21DCAD,GW,43.33389178,-100.6390272,S,NAD83, 2681, 10,NGVD29,10140203
USGS,432002100432501, 39N29W23CDB,GW,43.3338917,-100.7240293,T,NAD83, 2520, 25,NGVD29,10140203
USGS,432002100571101, 39N31W23C,GW,43.33389187,-100.9534795,M,NAD83, 2575, 40,NGVD29,10140203
USGS,432003100172601, 39N25W21CCBD,GW,43.33416968,-100.2909632,S,NAD83, 2215,  2,NGVD29,10140204
USGS,432003100352501, 39N28W24CC,GW,43.33416958,-100.5906927,M,NAD83, 2675, 25,NGVD29,10140203
USGS,432003100564901, 39N31W23DBDC,GW,43.3341696,-100.9473682,S,NAD83, 2544, 10,NGVD29,10140203
USGS,432004100422301, 39N29W24CCAD,GW,43.33444729,-100.7068067,S,NAD83, 2608, 10,NGVD29,10140203
USGS,432006100300701, 39N27W22CDA,GW,43.3350029,-100.5023571,T,NAD83, 2741, 50,NGVD29,10150006
USGS,432006100363801, 39N28W23CC,GW,43.33500288,-100.6109709,T,NAD83, 2670, 30,NGVD29,10140203
USGS,432006100385001, 39N28W21CCAA,GW,43.33500286,-100.6476385,S,NAD83, 2685, 10,NGVD29,10140203
USGS,432006101044701, 39N32W22DAD,GW,43.33500216,-101.0801476,T,NAD83, 2659, 10,NGVD29,10140203
USGS,432007100473201, 39N29W19D,GW,43.3352806,-100.7968089,M,NAD83, 2508, 20,NGVD29,10140203
USGS,432009100290301, 39N27W23CDBA,GW,43.33583624,-100.4845789,S,NAD83, 2651,  2,NGVD29,10140204
USGS,432009100324101, 39N27W20CACC,GW,43.3358362,-100.545136,S,NAD83, 2688,  1,NGVD29,10150006
USGS,432009100344001, 39N28W24D,GW,43.3358362,-100.5781923,M,NAD83, 2660, 25,NGVD29,10150006
USGS,432014100531601, 39N30W20DAAD R,GW-TH,43.3372251,-100.8882,S,NAD83, 2317, 20,NGVD29,10140203
USGS,432014101014401, 39N31W19CDD,GW,43.33722488,-101.0298696,M,NAD83, 2650,10,NGVD29,10140203
USGS,432015100294701, 39N27W22DBDA,GW,43.33750286,-100.4968015,S,NAD83, 2654,  2,NGVD29,10150006
USGS,432017100213501, 39N26W23DB,GW-TH,43.3375029,-100.3601316,M,NAD83, 2290,20,NGVD29,10140204
USGS,432017100470101, 39N29W20CAB,GW,43.3380583,-100.7840308,T,NAD83, 2550, 20,NGVD29,10140203
USGS,432017100473201, 39N29W19DA,GW-TH,43.33861389,-100.7945866,M,NAD83, 2490, 30,NGVD29,10140203
USGS,432018100393901, 39N28W20DBB,GW,43.3383361,-100.66125,T,NAD83, 2727, 10,NGVD29,10140203
USGS,432020101010901, 39N31W19ACDA2,GW,43.33889158,-101.0245918,T,NAD83, 2625,10,NGVD29,10140203
USGS,432020101012703, 39N31W19ACDA3,GW-TH,43.33889158,-101.0245918,F,NAD83, 2626, 10,NGVD29,10140203
USGS,432020101012704, 39N31W19ACDA4,GW,43.33889158,-101.0245918,F,NAD83, 2626, 10,NGVD29,10140203
USGS,432021100484401, 39N30W24ADCD,GW,43.33916945,-100.8126426,S,NAD83, 2540, 10,NGVD29,10140203
USGS,432021100484701, 39N30W24ADCC,GW-TH,43.33916945,-100.8134759,F,NAD83, 2540, 20,NGVD29,10140203
USGS,432025100321301, 39N27W20ACD,GW,43.34028055,-100.537358,T,NAD83, 2700, 30,NGVD29,10150006
USGS,432025100434001, 39N29W23BCD,GW,43.34028049,-100.728196,F,NAD83, 2500, 10,NGVD29,10140203
USGS,432025101223501, 39N34W19AAAA2,GW,43.34527666,-101.3768154,F,NAD83, 2820.00, 30,NGVD29,10140202
USGS,432029100223601, 39N25W23BCCD,GW,43.3413917,-100.251518,S,NAD83, 2260,  2,NGVD29,10140204
USGS,432029100595801, 39N31W20AADD,GW,43.34139179,-100.9998694,S,NAD83, 2642, 10,NGVD29,10140203
USGS,432030101081001, 39N32W20BCBA,GW,43.3416682,-101.1365367,S,NAD83, 2750, 10,NGVD29,10140203
USGS,432032100190401, 39N25W19ACAA,GW,43.34222499,-100.3181863,F,NAD83, 2218,  8,NGVD29,10140204
USGS,432032100495701, 39N30W23ADBB,GW-TH,43.34222497,-100.8329208,F,NAD83, 2555, 10,NGVD29,10140203
USGS,432032100495702, 39N30W23ADBB2,GW,43.34555556,-100.8325,S,NAD83, 2555, 10,NGVD29,10140203
USGS,432033100190201, 39N25W19ADBB,GW,43.34250276,-100.3176307,F,NAD83, 2211,  8,NGVD29,10140204
USGS,432033100305601, 39N27W21ADDA,GW,43.3425027,-100.5159686,S,NAD83, 2754,  1,NGVD29,10150006
USGS,432033100312301, 39N27W21BDAB,GW,43.3425027,-100.5234688,S,NAD83, 2714,  1,NGVD29,10150006
USGS,432035100121001, 99N79W33CC,GW,43.34305789,-100.2031834,T,NAD83, 2235.00,50,NGVD29,10140204
USGS,432035100315101, 39N27W20ADAA,GW,43.34305825,-100.5312468,S,NAD83, 2706,  1,NGVD29,10150006
USGS,432037100234001, 39N25W22BBD,GW,43.34361385,-100.2681852,T,NAD83, 2200,  8,NGVD29,10140204
USGS,432037100524901, 39N30W21BA,GW,43.34361387,-100.8806998,M,NAD83, 2280, 20,NGVD29,10140203
USGS,432038101223501, 39N34W19AAAA (BT-80A),GW,43.34551689,-101.3765946,S,NAD83, 2820, 25,NGVD29,10140202
USGS,432040100333601, 39N27W19ABCB,GW,43.3444471,-100.5604142,S,NAD83, 2718,  1,NGVD29,10140204
USGS,432040100441601, 39N29W22AB,GW,43.34444707,-100.7381963,M,NAD83, 2465, 20,NGVD29,10140203
USGS,432040100474901, 39N29W19AB,GW-TH,43.3444471,-100.7973644,M,NAD83, 2480, 20,NGVD29,10140203
USGS,432041100422901, 39N29W24BBCD,GW,43.34472485,-100.7084733,F,NAD83, 2580., 10,NGVD29,10140203
USGS,432042101092601, 39N32W19BBBB,GW,43.3450013,-101.1576479,S,NAD83, 2798, 10,NGVD29,10140203
USGS,432042101151101, 39N33W20BABA,GW,43.34444485,-101.2495927,S,NAD83, 2840, 15,NGVD29,10140201
USGS,432043100475501, 39N29W19ABB,GW,43.3452804,-100.799031,T,NAD83, 2503, 20,NGVD29,10140203
USGS,432043100495301, 39N30W14DD,GW-TH,43.34528046,-100.8318097,F,NAD83, 2530, 20,NGVD29,10140203
USGS,432043100495302, 39N30W14DDDC,GW,43.34527778,-100.8313889,S,NAD83, 2530, 20,NGVD29,10140203
USGS,432044100085001, 99N79W35DD,GW,43.3455573,-100.1476262,T,NAD83, 2194, 10,NGVD29,10140204
USGS,432044100121501, 99N79W33CBC,GW,43.3455578,-100.2045724,T,NAD83, 2227.00,50,NGVD29,10140204
USGS,432044101115201,39N33W15DDDD (TD-79D),GW,43.345556,-101.197778,F,NAD83,2800.0,10.0,NGVD29,10140203
USGS,432047100203101, 39N26W13DCCC,GW,43.3463915,-100.3423536,S,NAD83, 2270,  2,NGVD29,10140204
USGS,432047100455402, 39N30W14DDDC2,GW,43.34638889,-100.765,S,NAD83, 2525, 10,NGVD29,10140203
USGS,432048100121501, 99N79W33CB,GW,43.3466689,-100.2045724,T,NAD83, 2232.00,50,NGVD29,10140204
USGS,432048100392501, 39N28W17DCD,GW,43.34666926,-100.657361,T,NAD83, 2680, 30,NGVD29,10140203
USGS,432048101293001, 39N35W18DDAA,GW,43.3486086,-101.495149,S,NAD83, 2903.00, 20,NGVD29,10140202
USGS,432049100170101, 39N25W16CDDD,GW,43.34694708,-100.284019,F,NAD83, 2188,  8,NGVD29,10140204
USGS,432049100170102, 39N25W16CDDD3,GW,43.34694708,-100.284019,F,NAD83, 2188,  8,NGVD29,10140204
USGS,432049100170103, 39N25W16CDDD4,GW,43.34694708,-100.284019,M,NAD83, 2188,  8,NGVD29,10140204
USGS,432049100170301, 39N25W16CDDD2,GW,43.34694708,-100.2845745,F,NAD83, 2188,  8,NGVD29,10140204
USGS,432049100170302, 39N25W16CDDD5,GW-TH,43.34694708,-100.2845745,F,NAD83, 2188,  8,NGVD29,10140204
USGS,432049100415301, 39N29W13CC,GW,43.3480581,-100.7084733,M,NAD83, 2640.00, 20,NGVD29,10140203
USGS,432049100422301, 39N29W13CCDD,GW,43.346947,-100.7068066,S,NAD83, 2600, 10,NGVD29,10140203
USGS,432050100482001, 39N29W18CC,GW-TH,43.34722485,-100.8059757,M,NAD83, 2440, 40,NGVD29,10140203
USGS,432050100482002, 39N29W18CC2,GW,43.34722485,-100.8059757,M,NAD83, 2440, 40,NGVD29,10140203
USGS,432050100524701, 39N30W21BDBD,GW,43.3472222,-100.8797222,S,NAD83, 2300, 10,NGVD29,10140203
USGS,432050101252601, 39N35W23CAD,GW,43.33555379,-101.4259824,T,NAD83, 3018.00, 50,NGVD29,10140202
USGS,432051100165701, 39N25W16DCC,GW,43.3475026,-100.2829079,T,NAD83, 2186,  8,NGVD29,10140204
USGS,432051100165702, 39N25W16DCC2,GW,43.3475026,-100.2829079,F,NAD83, 2187,  8,NGVD29,10140204
USGS,432051100170201, 39N25W16CDD,GW,43.3475026,-100.2842968,F,NAD83, 2175, 20,NGVD29,10150006
USGS,432051100435901,39N29W15DDDB,GW,43.3475,-100.7330556,R,NAD83, 2533,4.3,NAVD88,10140203
USGS,432051100451301, 39N29W16DDC,GW,43.34750257,-100.75403,T,NAD83, 2500,10,NGVD29,10140203
USGS,432051100530101, 39N30W21BBA,GW,43.3475027,-100.8840332,T,NAD83, 2320, 20,NGVD29,10140203
USGS,432052100303401, 39N27W15CCC,GW,43.34778035,-100.5098574,T,NAD83, 2665, 40,NGVD29,10140204
USGS,432054100582701, 39N31W15C,GW,43.3483361,-100.9745909,M,NAD83, 2600, 50,NGVD29,10140203
USGS,432055101134801, 39N33W16D,GW,43.3486117,-101.2304259,M,NAD83, 2825, 30,NGVD29,10140202
USGS,432055101134802, 39N33W16D2,GW-TH,43.3486117,-101.2304259,M,NAD83, 2825, 30,NGVD29,10140202
USGS,432055101134803, 39N33W16D3,GW,43.3486117,-101.2304259,M,NAD83, 2825, 30,NGVD29,10140202
USGS,432055101134804, 39N33W16D4,GW-TH,43.3486117,-101.2304259,M,NAD83, 2825, 30,NGVD29,10140202
USGS,432059100575001, 39N31W15DACA,GW,43.34972497,-100.9643129,S,NAD83, 2534, 10,NGVD29,10140203
USGS,432100100414201, 39N29W13DACC,GW,43.3500025,-100.6954174,S,NAD83, 2585, 10,NGVD29,10140203
USGS,432101100595801, 38N31W16CAC,GW,43.26361516,-100.9932034,F,NAD83, 2600, 20,NGVD29,10140203
USGS,432102099572901, 99N77W33,GW,43.35055586,-99.958454,M,NAD83, 2125, 10,NGVD29,10140204
USGS,432105100451001, 39N29W16DDDA,GW,43.35138889,-100.7527778,S,NAD83, 2460, 10,NGVD29,10140203
USGS,432106100480601, 39N29W18CADB,GW,43.3516692,-100.8020867,S,NAD83, 2417, 10,NGVD29,10140203
USGS,432108100400001, 39N28W17CBD,GW,43.3508358,-100.6687501,T,NAD83, 2683, 10,NGVD29,10140203
USGS,432109100502401, 39N30W14CAAB,GW,43.35250256,-100.8404209,S,NAD83, 2477, 10,NGVD29,10140203
USGS,432109100502402, 39N30W14CAAB2,GW-TH,43.35250256,-100.8404209,F,NAD83, 2477, 10,NGVD29,10140203
USGS,432110100282101, 39N27W14DAAD,GW,43.3527802,-100.4729122,F,NAD83, 2466,  8,NGVD29,10140204
USGS,432110100481001, 39N29W18CABB,GW,43.3527803,-100.8031978,F,NAD83, 2410, 10,NGVD29,10140203
USGS,432115100502201, 39N30W14BDD,GW,43.3541692,-100.8398653,T,NAD83, 2595, 10,NGVD29,10140203
USGS,432117100371601, 39N28W15ACC,GW,43.3547246,-100.6215268,T,NAD83, 2585, 25,NGVD29,10140203
USGS,432119100480801, 39N29W18BD,GW,43.35528025,-100.8026422,T,NAD83, 2415, 20,NGVD29,10140203
USGS,432120100490601, 39N30W13BDAD,GW,43.355558,-100.8187537,S,NAD83, 2465, 10,NGVD29,10140203
USGS,432122103445501, 39N29W15BCB,GW,43.35639127,-100.7493076,T,NAD83, 2470,10,NGVD29,10140203
USGS,432123100232401, 39N26W15BCBD,GW,43.3563912,-100.3904104,F,NAD83, 2284,  8,NGVD29,10140204
USGS,432124101131001, 39N33W16AACD,GW,43.35666736,-101.2198702,S,NAD83, 2795, 10,NGVD29,10140202
USGS,432125100232001, 39N26W15BCAB,GW-TH,43.35694677,-100.3892993,F,NAD83, 2275,  8,NGVD29,10140204
USGS,432125100232101, 39N26W15BCBA3,GW-TH,43.35694677,-100.3895771,F,NAD83, 2274,  8,NGVD29,10140204
USGS,432125100232201, 39N26W15BCBA2,GW-TH,43.35694677,-100.3898549,F,NAD83, 2274,  8,NGVD29,10140204
USGS,432125100232301, 39N26W15BCBA,GW-TH,43.35694677,-100.3901327,F,NAD83, 2272,  8,NGVD29,10140204
USGS,432125100232304, 39N26W15BCBA4,GW,43.35694677,-100.3901327,F,NAD83, 2273,  8,NGVD29,10140204
USGS,432126100212401, 39N26W14A,GW,43.35722454,-100.3570764,M,NAD83, 2264, 16,NGVD29,10140204
USGS,432127100210401, 39N26W13BBC,GW,43.3575023,-100.3515207,F,NAD83, 2109.8, 20,NGVD29,10150006
USGS,432128100354201, 39N28W13AADC,GW,43.3577801,-100.595415,S,NAD83, 2578,  1,NGVD29,10140203
USGS,432129100232201, 39N26W15BBCA,GW-TH,43.35805785,-100.3898549,F,NAD83, 2272,  8,NGVD29,10140204
USGS,432129100232501, 39N26W15BBCD,GW-TH,43.35805785,-100.3906883,F,NAD83, 2267,  8,NGVD29,10140204
USGS,432131100165801, 39N25W16ABCB,GW,43.3586134,-100.2831859,F,NAD83, 2172,  8,NGVD29,10140204
USGS,432131100232501, 39N26W15BBCA3,GW-TH,43.35861339,-100.3906883,F,NAD83, 2268,  8,NGVD29,10140204
USGS,432131100232701, 39N26W15BBCA2,GW-TH,43.35861339,-100.3912438,F,NAD83, 2267,  8,NGVD29,10140204
USGS,432131101032701, 39N32W13BBBB,GW,43.35861325,-101.057925,F,NAD83, 2633, 10,NGVD29,10140203
USGS,432131101034001, 39N32W14AAA,GW,43.3586132,-101.0615362,M,NAD83, 2634, 10,NGVD29,10140203
USGS,432131101053001, 39N32W15BAB,GW,43.35861295,-101.0915363,S,NAD83, 2678,10,NGVD29,10140203
USGS,432132100165601, 39N25W16ABBC,GW,43.35889117,-100.2826304,F,NAD83, 2172,  8,NGVD29,10140204
USGS,432133100232601, 39N26W15BBCB,GW-TH,43.3591689,-100.390966,F,NAD83, 2265,  8,NGVD29,10140204
USGS,432135099505201, 99N76W28CCBD,GW,43.35972228,-99.848173,S,NAD83, 2076, 10,NGVD29,10140204
USGS,432135100204001, 39N26W12CDBD,GW,43.3802794,-100.3456878,F,NAD83, 2216,  8,NGVD29,10140204
USGS,432135100212901, 39N26W14ABA,GW,43.35972447,-100.3584654,T,NAD83, 2280, 16,NGVD29,10140204
USGS,432137100232601, 39N26W15BBB,GW,43.36028,-100.390966,T,NAD83, 2274,  8,NGVD29,10140204
USGS,432137100440201, 39N29W15AABB,GW,43.36028008,-100.7343072,S,NAD83, 2530, 10,NGVD29,10140203
USGS,432138099504701, 99N76W28CCAB,GW,43.3605556,-99.8467842,S,NAD83, 2077.60, 10,NGVD29,10140204
USGS,432138100442801, 39N29W15CAAD,GW,43.36055785,-100.7415296,M,NAD83, 2500, 10,NGVD29,10140203
USGS,432139100415201, 39N29W12DCDC,GW,43.3608356,-100.6981952,F,NAD83, 2508, 10,NGVD29,10140203
USGS,432140100063001, 99N79W25DA,GW,43.3611121,-100.1087366,F,NAD83, 2158.00,50,NGVD29,10150006
USGS,432141100231701, 39N26W10CCD2,GW,43.36139109,-100.388466,T,NAD83, 2267,  8,NGVD29,10140204
USGS,432141100494601, 39N30W11DD,GW,43.36139128,-100.829865,M,NAD83, 2477, 40,NGVD29,10140203
USGS,432142100205001, 39N26W12CDB,GW,43.36333548,-100.346243,T,NAD83, 2216,  8,NGVD29,10140204
USGS,432142100260601, 39N26W 7DDC,GW,43.36166885,-100.4354115,M,NAD83, 2395,  8,NGVD29,10140204
USGS,432143100181401, 39N25W 8CDD,GW,43.3619466,-100.3042976,T,NAD83, 2190,  8,NGVD29,10140204
USGS,432143100232701, 39N26W10CCCB,GW,43.3619466,-100.3912439,F,NAD83, 2260,  8,NGVD29,10140204
USGS,432144100165801, 39N25W 9DCCC,GW,43.3622244,-100.283186,F,NAD83, 2169,  8,NGVD29,10140204
USGS,432144100240901, 39N26W 9CDD,GW,43.3622244,-100.4029108,T,NAD83, 2280,  8,NGVD29,10140204
USGS,432144100241201, 39N26W 9CDDA,GW,43.3627799,-100.4031886,F,NAD83, 2283,  8,NGVD29,10140204
USGS,432145099504701, 99N76W28CCAC,GW,43.3625,-99.8467842,S,NAD83, 2066, 10,NGVD29,10140204
USGS,432145101091401, 39N32W 7CCAD,GW,43.36250126,-101.1543142,S,NAD83, 2780, 10,NGVD29,10140203
USGS,432145101102101, 39N33W12CCAA,GW,43.3625011,-101.1729254,S,NAD83, 2747, 10,NGVD29,10140202
USGS,432146100232201, 39N26W10CCBD3,GW-TH,43.3627799,-100.389855,F,NAD83, 2260,  8,NGVD29,10140204
USGS,432147100232101, 39N26W10CCBD2,GW-TH,43.3630577,-100.3895772,F,NAD83, 2257,  8,NGVD29,10140204
USGS,432147100232201, 39N26W10CCD,GW,43.3630577,-100.389855,T,NAD83, 2257, 16,NGVD29,10140204
USGS,432147101013501, 39N31W 7DBCD,GW,43.3630579,-101.0268137,S,NAD83, 2547, 10,NGVD29,10140203
USGS,432148100232201, 39N26W10CCBD,GW-TH,43.36333548,-100.389855,F,NAD83, 2254,  8,NGVD29,10140204
USGS,432148100232301, 39N26W10CCCD,GW-TH,43.36333548,-100.3901328,F,NAD83, 2267,  8,NGVD29,10140204
USGS,432148100233601, 39N26W 9DDBB,GW,43.36333548,-100.393744,F,NAD83, 2267,  8,NGVD29,10140204
USGS,432148100395801, 39N28W 8CDBC,GW,43.3633355,-100.6665278,S,NAD83, 2625, 10,NGVD29,10140203
USGS,432149100182301, 39N25W 8CDB,GW,43.36361325,-100.3067977,T,NAD83, 2208,  8,NGVD29,10140204
USGS,432149100375201, 39N29W10CCB,GW-TH,43.36333558,-100.7495853,T,NAD83, 2503,10,NGVD29,10140203
USGS,432149100515301, 39N30W10CCAB,GW,43.3636135,-100.8651437,S,NAD83, 2266, 10,NGVD29,10140203
USGS,432149101005001, 39N31W 8CACB,GW,43.36361357,-101.0143137,F,NAD83, 2653, 10,NGVD29,10140203
USGS,432150100381401, 39N28W 9DDBB,GW,43.36389107,-100.6376383,F,NAD83, 2540, 10,NGVD29,10140203
USGS,432150100381701, 39N28W 9DCA,GW,43.36389107,-100.6384716,T,NAD83, 2518, 10,NGVD29,10140203
USGS,432151100230901, 39N26W10CDBB,GW-TH,43.36416879,-100.3862438,F,NAD83, 2250,  8,NGVD29,10140204
USGS,432151100230902, 39N26W10CDBB2,GW-TH,43.36416879,-100.3862438,F,NAD83, 2251,  8,NGVD29,10140204
USGS,432151100232301, 39N26W10CCBA,GW-TH,43.36416879,-100.3901328,F,NAD83, 2250,  8,NGVD29,10140204
USGS,432151100245201, 39N26W 8DDBA,GW,43.36416878,-100.4148555,F,NAD83, 2300,  8,NGVD29,10140204
USGS,432152100122001, 99N79W29DADD,GW-TH,43.36444619,-100.2059618,S,NAD83, 2202, 10,NGVD29,10150006
USGS,432152100230901, 39N26W10CACC,GW-TH,43.36444656,-100.3862438,F,NAD83, 2249,  8,NGVD29,10140204
USGS,432152100231201, 39N26W10CBDA,GW,43.36444656,-100.3870772,F,NAD83, 2254,  8,NGVD29,10140204
USGS,432153100230501, 39N26W10CACD,GW,43.3647243,-100.3851327,F,NAD83, 2247,  8,NGVD29,10140204
USGS,432153100371201, 39N28W10D,GW,43.36472438,-100.6204157,M,NAD83, 2545, 50,NGVD29,10140203
USGS,432154100405301, 39N28W 7DBCC,GW,43.36500218,-100.6818059,S,NAD83, 2645, 10,NGVD29,10140203
USGS,432155100250301, 39N26W 8DBD,GW,43.36527986,-100.4179112,T,NAD83, 2326, 16,NGVD29,10140204
USGS,432155100434501, 39N29W11CBCC,GW,43.36527997,-100.7295848,S,NAD83, 2507, 10,NGVD29,10140203
USGS,432156100225602, 39N26W10CADA2,GW-TH,43.3655576,-100.3826327,F,NAD83, 2247,  8,NGVD29,10140204
USGS,432157100301701, 39N27W10CACD,GW,43.3658354,-100.5051353,F,NAD83, 2628,  5,NGVD29,10140204
USGS,432157100421901, 39N29W12CACB,GW,43.3658355,-100.7056954,S,NAD83, 2480, 10,NGVD29,10140203
USGS,432158100225601, 39N26W10CADA,GW-TH,43.36611317,-100.3826327,F,NAD83, 2247,  8,NGVD29,10140204
USGS,432159100435101, 39N29W10DAD,GW,43.36527998,-100.731807,T,NAD83, 2502,10,NGVD29,10140203
USGS,432200100225601, 39N26W10CAAD,GW-TH,43.3666687,-100.3826327,F,NAD83, 2241,  8,NGVD29,10140204
USGS,432202100225401, 39N26W10DBB,GW,43.36722425,-100.3820771,T,NAD83, 2238,  8,NGVD29,10140204
USGS,432202100230701, 39N26W10CAB,GW,43.36722425,-100.3856883,T,NAD83, 2257, 25,NGVD29,10140204
USGS,432203100222201, 39N26W10DAA,GW,43.367502,-100.373188,T,NAD83, 2272, 16,NGVD29,10140204
USGS,432203100361301, 39N28W11CAA,GW,43.36750208,-100.6040264,T,NAD83, 2535, 10,NGVD29,10140203
USGS,432205100294301, 39N27W10DABB,GW,43.36805756,-100.4956906,S,NAD83, 2513,  2,NGVD29,10140204
USGS,432205101032201, 39N32W11ACDA,GW,43.3680576,-101.056536,S,NAD83, 2595, 10,NGVD29,10140203
USGS,432206100173901, 39N25W 8ADD,GW,43.36889087,-100.2945754,T,NAD83, 2152,  8,NGVD29,10140204
USGS,432207100315101, 39N27W 8ADDD,GW,43.3686131,-100.531247,S,NAD83, 2562,  1,NGVD29,10140204
USGS,432208100000801, 99N77W30B,GW,43.3688888,-100.0026224,M,NAD83, 2214, 10,NGVD29,10140204
USGS,432208100404301, 39N28W 7ACDC,GW,43.36889098,-100.679028,F,NAD83, 2527, 10,NGVD29,10140203
USGS,432209100275401, 39N27W12BDC,GW,43.3691686,-100.4654122,T,NAD83, 2510, 16,NGVD29,10140204
USGS,432209101012501, 39N31W 7ACAA,GW,43.36916897,-101.0240359,T,NAD83, 2538, 10,NGVD29,10140203
USGS,432209101181401, 39N34W11AC,GW,43.36916649,-101.3043147,T,NAD83, 2887, 30,NGVD29,10140202
USGS,432211100222103, 39N26W10ADDA,GW-TH,43.36972418,-100.3729103,T,NAD83, 2232,  8,NGVD29,10140204
USGS,432212100222102, 39N26W10ADAD2,GW-TH,43.37000195,-100.3729103,T,NAD83, 2236,  8,NGVD29,10140204
USGS,432212100222301, 39N26W10ADAC,GW-TH,43.37000195,-100.3734659,T,NAD83, 2232,  8,NGVD29,10140204
USGS,432212100224201, 39N26W10ACDB,GW,43.37000195,-100.3787438,F,NAD83, 2241,  8,NGVD29,10140204
USGS,432212101112101, 39N33W11BDAB,GW,43.3700009,-101.189592,S,NAD83, 2719, 10,NGVD29,10140202
USGS,432213101281001, 39N35W 4C,GW,43.3702757,-101.4698708,M,NAD83, 2811, 45,NGVD29,10140202
USGS,432214100222103, 39N26W10ADAD3,GW-TH,43.37055749,-100.3729103,M,NAD83, 2236,  8,NGVD29,10140204
USGS,432215100222101, 39N26W10ADAD,GW-TH,43.37083526,-100.3729104,T,NAD83, 2234,  8,NGVD29,10140204
USGS,432215100431001, 39N29W11ACBB,GW,43.3708354,-100.7198623,S,NAD83, 2521, 10,NGVD29,10140203
USGS,432216100222101, 39N26W10ADAA,GW-TH,43.371113,-100.3729104,T,NAD83, 2234,  8,NGVD29,10140204
USGS,432216100270101, 39N26W 7BC,GW-TH,43.371113,-100.4506897,M,NAD83, 2447, 32,NGVD29,10140204
USGS,432216100270102, 39N26W 7BC2,GW,43.371113,-100.4506897,M,NAD83, 2447, 32,NGVD29,10140204
USGS,432216100284001, 39N27W11ACAC,GW,43.371113,-100.4781903,S,NAD83, 2516,  2,NGVD29,10140204
USGS,432216100435101, 39N29W 9ADA,GW-TH,43.3711132,-100.7520853,T,NAD83, 2540, 20,NGVD29,10140203
USGS,432217100221701, 39N26W11BCBB,GW-TH,43.3713908,-100.3717992,F,NAD83, 2232,  8,NGVD29,10140204
USGS,432218100414401, 39N29W12A,GW,43.3716687,-100.6959729,M,NAD83, 2500, 50,NGVD29,10140203
USGS,432218100414402, 39N29W12A2,GW,43.3716687,-100.6959729,M,NAD83, 2500, 50,NGVD29,10140203
USGS,432219100212101, 39N26W10AADD,GW-TH,43.3719463,-100.3562434,T,NAD83, 2231,  2,NGVD29,10140204
USGS,432219100381401, 39N28W 9A,GW,43.3719464,-100.6376383,M,NAD83, 2505, 20,NGVD29,10140203
USGS,432220100190001, 39N25W 7A,GW-TH,43.37166857,-100.3179092,M,NAD83, 2200, 30,NGVD29,10140203
USGS,432220100191801, 39N25W 7ABB,GW,43.3722241,-100.322076,T,NAD83, 2174,  8,NGVD29,10140204
USGS,432225100474001, 39N29W19A,GW,43.3736132,-100.794864,M,NAD83, 2500, 40,NGVD29,10140203
USGS,432226100395101, 39N28W 8BA,GW,43.37389086,-100.6645833,T,NAD83, 2537, 10,NGVD29,10140203
USGS,432227100185901, 39N25W 7AAB,GW,43.37416849,-100.3167982,T,NAD83, 2174,  8,NGVD29,10140204
USGS,432228100170001, 39N25W 9BAAA,GW-TH,43.37444626,-100.283742,F,NAD83, 2134,  8,NGVD29,10140204
USGS,432228100170002, 39N25W 9BAAA2,GW-TH,43.37444626,-100.283742,F,NAD83, 2134,  8,NGVD29,10140204
USGS,432228100170003, 39N25W 9BAAA3,GW-TH,43.37444626,-100.283742,F,NAD83, 2134,  8,NGVD29,10140204
USGS,432228100170004, 39N25W 9BAAA4,GW-TH,43.37444626,-100.283742,F,NAD83, 2134,  8,NGVD29,10140204
USGS,432228100170005, 39N25W 9BAAA5,GW,43.37444626,-100.283742,F,NAD83, 2134,  8,NGVD29,10140204
USGS,432228100170201, 39N25W 9BAAA6,GW,43.37444626,-100.2842975,F,NAD83, 2134,  8,NGVD29,10140204
USGS,432231100473701, 39N29W 6DDDC,GW,43.37527985,-100.7940307,F,NAD83, 2368, 30,NGVD29,10140203
USGS,432233099571501, 99N77W21CA,GW,43.37583309,-99.9545655,F,NAD83, 2000.00,25,NGVD29,10140204
USGS,432233100375701, 39N28W 3CCCC,GW,43.3758352,-100.6329159,F,NAD83, 2463, 10,NGVD29,10140203
USGS,432235100391201, 39N28W 5DDD,GW,43.37639079,-100.6537497,F,NAD83, 2520, 20,NGVD29,10140203
USGS,432236100192401, 39N25W 6CDDA,GW,43.3766684,-100.3237428,F,NAD83, 2169,  8,NGVD29,10140204
USGS,432236100351201, 39N28W 1CDC,GW,43.3766685,-100.5870816,T,NAD83, 2515, 10,NGVD29,10140203
USGS,432236100410601, 39N28W 6CDCB,GW-TH,43.37666859,-100.685417,F,NAD83, 2515, 20,NGVD29,10140203
USGS,432236100410602, 39N28W 6CDCB2,GW-TH,43.37666859,-100.685417,M,NAD83, 2515, 20,NGVD29,10140203
USGS,432236100410603, 39N28W 6CDCB3,GW,43.37666859,-100.685417,F,NAD83, 2515, 20,NGVD29,10140203
USGS,432238100112501, 99N79W21DABB,GW,43.37722347,-100.190684,F,NAD83, 2193.00,50,NGVD29,10140204
USGS,432238100202301, 39N26W 1DC,GW-TH,43.37722396,-100.340132,M,NAD83, 2192, 16,NGVD29,10140204
USGS,432238100202303, 39N26W 1DC3,GW-TH,43.37722396,-100.340132,M,NAD83, 2192, 16,NGVD29,10140204
USGS,432238100202304, 39N26W 1DC4,GW-TH,43.37722396,-100.340132,M,NAD83, 2192, 16,NGVD29,10140204
USGS,432240100382201, 39N28W 4DDBC,GW,43.3777796,-100.6398605,S,NAD83, 2478, 10,NGVD29,10140203
USGS,432242100184101, 39N25W 5CCBA,GW,43.378335,-100.3117982,F,NAD83, 2153,  8,NGVD29,10140203
USGS,432242100281201, 39N27W 1CCB,GW,43.37833505,-100.4704124,T,NAD83, 2520, 24,NGVD29,10140204
USGS,432242100313501, 39N27W 4CCA,GW,43.37833507,-100.5268025,T,NAD83, 2485, 10,NGVD29,10140204
USGS,432242100313701, 39N27W 4CAD,GW,43.37833508,-100.527358,F,NAD83, 2478,  5,NGVD29,10140204
USGS,432242100363301, 39N28W 2CCA,GW,43.37833515,-100.6095821,T,NAD83, 2480, 10,NGVD29,10140203
USGS,432242100391401, 39N28W 5DDA,GW,43.37833519,-100.6543053,T,NAD83, 2510, 15,NGVD29,10140203
USGS,432242100414301, 39N29W 1DCAA,GW,43.3783352,-100.695695,F,NAD83, 2441, 10,NGVD29,10140203
USGS,432243100313701, 39N27W 4CCAA2,GW,43.37861285,-100.527358,F,NAD83, 2478,  5,NGVD29,10150006
USGS,432244100373601, 39N28W 3DBAC2,GW,43.38111287,-100.6204157,T,NAD83, 2482, 10,NGVD29,10140203
USGS,432244100594501, 39N31W 4CBDB,GW-TH,43.3788912,-100.9962578,F,NAD83, 2467, 10,NGVD29,10140203
USGS,432244100594502, 39N31W 4CBDB2,GW,43.3788912,-100.9962578,F,NAD83, 2467, 10,NGVD29,10140203
USGS,432244100594701, 39N31W 4CBCA,GW,43.3788912,-100.9968134,F,NAD83, 2467, 10,NGVD29,10140203
USGS,432244101050701, 39N32W 3DBDC,GW,43.3788906,-101.0857027,F,NAD83, 2610, 10,NGVD29,10140203
USGS,432245099513401, 99N76W20,GW,43.3791664,-99.8598403,M,NAD83, 1952, 10,NGVD29,10140204
USGS,432245100422401, 39N29W 1CBDC,GW,43.37916855,-100.7070842,F,NAD83, 2508, 10,NGVD29,10140203
USGS,432246100164501, 39N25W 4DBDD,GW,43.3794461,-100.2795753,F,NAD83, 2136,  8,NGVD29,10140204
USGS,432246101032401, 39N32W 1CBBD,GW,43.37944637,-101.0570914,S,NAD83, 2583, 10,NGVD29,10140203
USGS,432247100190001, 39N25W 6DAC,GW,43.37972388,-100.317076,T,NAD83, 2172,  8,NGVD29,10140204
USGS,432247100374901, 39N28W 3CBCD,GW,43.379724,-100.6306937,S,NAD83, 2465, 10,NGVD29,10140203
USGS,432249100420301, 39N29W 1CAD,GW,43.3802796,-100.7012508,T,NAD83, 2427, 20,NGVD29,10140203
USGS,432249100420302, 39N29W 1CAD2,GW-TH,43.3802796,-100.7012508,T,NAD83, 2427, 20,NGVD29,10140203
USGS,432249100420303, 39N29W 1CAD3,GW-TH,43.3802796,-100.7012508,T,NAD83, 2427, 20,NGVD29,10140203
USGS,432249100420304, 39N29W 1CAD4,GW,43.3802796,-100.7012508,T,NAD83, 2427, 20,NGVD29,10140203
USGS,432250100214001, 39N26W10ADAD4,GW-TH,43.37083526,-100.3729104,F,NAD83, 2235,  8,NGVD29,10140204
USGS,432250101084501, 39N32W 6AC,GW,43.3836123,-101.1457028,M,NAD83, 2667, 10,NGVD29,10140203
USGS,432251100412101, 39N28W 6CB,GW-TH,43.38083517,-100.6895838,T,NAD83, 2520, 20,NGVD29,10140203
USGS,432251101023801, 39N32W 1DBAA,GW,43.3808353,-101.0443136,S,NAD83, 2608, 10,NGVD29,10140203
USGS,432252100263601, 39N26W 6CAAC,GW,43.38111275,-100.4437453,S,NAD83, 2480,  2,NGVD29,10140204
USGS,432252100371201, 39N28W 3DBAC,GW,43.38111287,-100.6204157,F,NAD83, 2482,  5,NGVD29,10140203
USGS,432252100371202, 39N28W 3DBAC3,GW,43.38111287,-100.6204157,F,NAD83, 2482, 10,NGVD29,10140203
USGS,432252100410803, 39N28W 6CABC3,GW-TH,43.3811129,-100.6859727,F,NAD83, 2540, 20,NGVD29,10140203
USGS,432253101235301, 39N35W 1ADB,GW,43.3849988,-101.3984814,S,NAD83, 2706, 15,NGVD29,10140202
USGS,432254100193501, 39N25W 6CAB,GW,43.38166827,-100.3267986,T,NAD83, 2215, 16,NGVD29,10140204
USGS,432254100410501, 39N28W 6CABC,GW,43.38166848,-100.6851393,S,NAD83, 2541, 20,NGVD29,10140203
USGS,432254101093801, 39N33W 1DABA,GW,43.3816678,-101.1609806,S,NAD83, 2712, 10,NGVD29,10140202
USGS,432254101141801, 39N33W 5DAAB,GW,43.3816672,-101.2387587,F,NAD83, 2770, 15,NGVD29,10140202
USGS,432255100415001, 39N29W 1DBAB,GW-TH,43.38194626,-100.6976396,F,NAD83, 2420, 15,NGVD29,10140203
USGS,432256100252201, 39N26W 5CAA,GW,43.3822238,-100.4231893,F,NAD83, 2375,  8,NGVD29,10140204
USGS,432259100404901, 39N28W 6CABC2,GW-TH,43.3811129,-100.6859727,M,NAD83, 2540, 20,NGVD29,10140203
USGS,432301100160101, 39N25W 3BDC,GW,43.38361265,-100.267353,T,NAD83, 2149, 16,NGVD29,10140204
USGS,432301101203201, 39N34W 4ACAD,GW,43.38361055,-101.3426479,S,NAD83, 2765,  5,NGVD29,10140202
USGS,432302100203801, 39N26W 1DC2,GW-TH,43.37722396,-100.340132,M,NAD83, 2192, 16,NGVD29,10140204
USGS,432303100184901, 39N25W 6ADDA,GW,43.3841682,-100.3140206,F,NAD83, 2149, 16,NGVD29,10140204
USGS,432303100184902, 39N25W 6ADDA2,GW,43.3841682,-100.3140206,F,NAD83, 2149, 16,NGVD29,10140204
USGS,432303100391201, 39N28W 5ADDA,GW,43.38416839,-100.6537497,F,NAD83, 2485, 10,NGVD29,10140203
USGS,432305100474001, 39N29W 6ADBC,GW-TH,43.3847241,-100.794864,F,NAD83, 2373, 10,NGVD29,10140203
USGS,432305100474002, 39N29W 6ADBC2,GW,43.3847241,-100.794864,F,NAD83, 2373, 10,NGVD29,10140203
USGS,432308100444501, 39N29W 3BBD,GW-TH,43.3869462,-100.7468073,T,NAD83, 2581, 60,NGVD29,10140203
USGS,432310101045501,39N32W03AAAA (TD-80A),GW,43.388889,-101.078056,F,NAD83,2610.0,10.0,NGVD29,101402030505
USGS,432311100335601, 39N27W 6BDBB,GW,43.38639046,-100.56597,F,NAD83, 2454,  5,NGVD29,10140204
USGS,432311100335701, 39N27W 6BCAA,GW,43.38639046,-100.5662479,F,NAD83, 2456,  5,NGVD29,10140204
USGS,432312101165201, 39N34W 1ACA,GW,43.3850001,-101.2829255,T,NAD83, 2900.00, 30,NGVD29,10140203
USGS,432313101242201, 39N35W 1CDAB,GW,43.37777647,-101.4073705,S,NAD83, 2732, 10,NGVD29,10140202
USGS,432315100271901, 39N27W 1AAC,GW,43.38750145,-100.45569,T,NAD83, 2520,  8,NGVD29,10140204
USGS,432316100305801, 39N27W 3BBD,GW,43.38777925,-100.5165246,T,NAD83, 2500, 20,NGVD29,10140204
USGS,432316100322301, 39N27W 5ABC,GW,43.38777928,-100.5401362,T,NAD83, 2445, 10,NGVD29,10140204
USGS,432320099483001, 99N76W14CCC,GW,43.3888885,-99.8087276,F,NAD83, 2040.00,25,NGVD29,10140204
USGS,432320101044101, 39N32W 3AAAA2,GW,43.388335,-101.0784803,S,NAD83, 2607,  5,NGVD29,10140203
USGS,432322100145201, 39N25W 2BABB,GW,43.389168,-100.2481861,S,NAD83, 2159,  2,NGVD29,10140204
USGS,432322100331201, 39N27W 6AAA,GW,43.38916815,-100.5537476,T,NAD83, 2485, 10,NGVD29,10140204
USGS,432322101070501, 40N32W33CCCC,GW-TH,43.3894458,-101.1184804,F,NAD83, 2624, 10,NGVD29,10140203
USGS,432326101041001, 40N32W35CDD,GW,43.3900017,-101.0693136,F,NAD83, 2595,10,NGVD29,10140203
USGS,432326101081101, 40N32W32CCC,GW,43.3905568,-101.1376471,F,NAD83, 2650,10,NGVD29,10140203
USGS,432327100180301, 40N25W 5ABDC,GW,43.39083467,-100.3012427,S,NAD83, 2028,  2,NGVD29,10140204
USGS,432329101030101, 40N32W36CD,GW,43.3913907,-101.0512579,T,NAD83, 2560, 10,NGVD29,10140203
USGS,432329101075802, 40N32W32CCC2,GW,43.3905568,-101.1368138,F,NAD83, 2645, 10,NGVD29,10140203
USGS,432330101015301, 40N31W31DCC,GW,43.39000196,-101.0351468,F,NAD83, 2590, 10,NGVD29,10140203
USGS,432330101015302, 40N31W31DCC2,GW,43.38972418,-101.0351468,F,NAD83, 2590, 10,NGVD29,10140203
USGS,432332100182301, 40N25W32CDC,GW,43.3922235,-100.3092985,F,NAD83, 2182,50,NGVD29,10140204
USGS,432332101034001, 40N32W35DDB,GW,43.39222396,-101.063758,F,NAD83, 2590, 10,NGVD29,10140203
USGS,432332101295001, 40N35W31DDBB,GW,43.39249776,-101.4990373,S,NAD83, 2772, 10,NGVD29,10140202
USGS,432334100211301, 40N26W35DDD,GW,43.39111244,-100.3526326,F,NAD83, 2159,  2,NGVD29,10140204
USGS,432334100235401, 40N26W33DCD,GW,43.39166799,-100.3976335,F,NAD83, 2402,  8,NGVD29,10140204
USGS,432335100183201, 40N25W32CCD,GW,43.39083467,-100.3092984,F,NAD83, 2159,  8,NGVD29,10140204
USGS,432335100192601, 40N25W31CDDD,GW,43.39000136,-100.3234654,F,NAD83, 2136,  2,NGVD29,10140204
USGS,432336100494001, 99N76W15CDA,GW,43.39333288,-99.8281727,T,NAD83, 1953.00,10,NGVD29,10140101
USGS,432337100525801, 40N30W33C,GW,43.393613,-100.8831994,M,NAD83, 2340, 50,NGVD29,10140203
USGS,432338100180501, 40N25W32DCB,GW,43.39277905,-100.3026317,F,NAD83, 2149,  8,NGVD29,10140204
USGS,432338101053901, 40N32W33DA,GW,43.39389037,-101.1007025,T,NAD83, 2609, 10,NGVD29,10140203
USGS,432339101042801, 40N32W35CDB,GW,43.3941683,-101.074869,F,NAD83, 2595,10,NGVD29,10140203
USGS,432341101161001, 40N33W31DBDC,GW,43.3938892,-101.2637586,S,NAD83, 2707, 15,NGVD29,10140202
USGS,432344101102501, 40N33W36CBA,GW,43.39555654,-101.174036,F,NAD83, 2660,10,NGVD29,10140202
USGS,432348100343701, 40N28W36DBA,GW,43.39666799,-100.580137,F,NAD83, 2475, 30,NGVD29,10140203
USGS,432349100155201, 40N25W34CAAA,GW,43.39694559,-100.2648533,S,NAD83, 2126,  1,NGVD29,10140204
USGS,432350101123101, 40N33W34BDDD,GW,43.39722298,-101.2090361,S,NAD83, 2709, 10,NGVD29,10140202
USGS,432352101215201, 40N34W32ACCC,GW,43.397777,-101.36487,S,NAD83, 2674,  5,NGVD29,10140202
USGS,432354101251001, 40N35W35AC,GW,43.39833196,-101.4229258,T,NAD83, 2700.00, 15,NGVD29,10140202
USGS,432355101280001, 40N35W33BBCD,GW,43.3999981,-101.4726482,S,NAD83, 2706,  5,NGVD29,10140202
USGS,432356100510201, 40N30W34AD,GW,43.3988906,-100.8509763,T,NAD83, 2235, 10,NGVD29,10140203
USGS,432357101145901, 40N33W32BACD,GW,43.4008338,-101.2498695,S,NAD83, 2750, 20,NGVD29,10140202
USGS,432358101045501, 40N32W34AC,GW,43.39833487,-101.0859802,T,NAD83, 2610, 10,NGVD29,10140203
USGS,432359101003501, 40N31W32AC,GW,43.3997242,-101.0101466,T,NAD83, 2540, 10,NGVD29,10140203
USGS,432400100014501, 99N78W14AA,GW,43.39999939,-100.0295683,T,NAD83, 2007, 10,NGVD29,10140204
USGS,432400100201001, 40N26W36ADC,GW,43.3975011,-100.3370769,F,NAD83, 2139,  8,NGVD29,10140204
USGS,432404100444001, 40N29W34B,GW,43.40111259,-100.7448627,M,NAD83, 2480, 50,NGVD29,10140203
USGS,432404101182301, 40N34W35BAD,GW,43.401111,-101.3068142,S,NAD83, 2857,  5,NGVD29,10140202
USGS,432406100332101, 40N27W31A,GW,43.4016678,-100.5562477,M,NAD83, 2550, 10,NGVD29,10140204
USGS,432406100533201, 40N30W32AACA,GW,43.40166846,-100.892644,F,NAD83, 2450,10,NGVD29,10140203
USGS,432407101103001, 40N33W36BB,GW,43.4019454,-101.1754248,T,NAD83, 2660, 10,NGVD29,10140202
USGS,432407101131201, 40N33W33AAB,GW,43.4019451,-101.220425,T,NAD83, 2742,10,NGVD29,10140202
USGS,432408099515801, 99N76W 7CC,GW,43.40222157,-99.8665074,F,NAD83, 1999.00, 10,NGVD29,10140204
USGS,432408101250301, 40N35W35AA,GW,43.4022209,-101.4179257,T,NAD83, 2762, 50,NGVD29,10140202
USGS,432408101253901, 40N35W35BAAA,GW,43.40333197,-101.4245924,S,NAD83, 2703,  5,NGVD29,10140202
USGS,432408101281901, 40N35W33BBCD2,GW,43.40027588,-101.4726482,S,NAD83, 2706,  5,NGVD29,10140202
USGS,432408101283701, 40N35W32ADAC,GW,43.39860916,-101.4768149,S,NAD83, 2683, 10,NGVD29,10140202
USGS,432410100414801, 40N29W36ABA,GW,43.4027791,-100.6970839,F,NAD83, 2400,10,NGVD29,10140203
USGS,432410101294001, 40N35W31AAB,GW,43.4027756,-101.4990371,S,NAD83, 2765.00, 15,NGVD29,10140203
USGS,432410101294002, 40N35W31AAAA2,GW,43.40277566,-101.4948704,T,NAD83, 2732, 15,NGVD29,10140202
USGS,432411101080701,40N32W32BBBB (MT-78B),GW,43.403333,-101.136944,T,NAD83,2640.0,10.0,NGVD29,10140204
USGS,432412101114801, 40N33W35BBBB,GW-TH,43.40333416,-101.1970915,S,NAD83, 2702,  5,NGVD29,10140202
USGS,432413100243901, 40N26W33BBC,GW,43.4013899,-100.4115228,F,NAD83, 2378,  8,NGVD29,10140204
USGS,432416100315601, 40N27W32AAA,GW,43.4033344,-100.5337473,F,NAD83, 2478, 20,NGVD29,10140204
USGS,432416100315602, 40N27W32AAA2,GW,43.40361218,-100.5334695,F,NAD83, 2478, 10,NGVD29,10140204
USGS,432418100191701, 40N25W31ABB,GW,43.40250099,-100.321799,F,NAD83, 2117,  8,NGVD29,10140204
USGS,432418100191702, 40N25W31ABB2,GW,43.40166768,-100.3217989,F,NAD83, 2118,  8,NGVD29,10140204
USGS,432419100412701, 40N29W25DDD,GW-TH,43.40527908,-100.6912505,F,NAD83, 2510, 10,NGVD29,10140203
USGS,432420101242501, 40N32W26CCAD,GW,43.4055571,-101.0740356,S,NAD83, 2550, 10,NGVD29,10140203
USGS,432421101051301, 40N32W27DCBC,GW,43.40583479,-101.087369,S,NAD83, 2632, 10,NGVD29,10140203
USGS,432424100132001, 40N25W25DCCA,GW,43.4066673,-100.2226303,S,NAD83, 2096,  2,NGVD29,10140204
USGS,432425100295601, 40N27W27DC,GW,43.40694536,-100.4993022,T,NAD83, 2484, 10,NGVD29,10140204
USGS,432425100301401, 40N27W27CD,GW,43.40694537,-100.5043023,T,NAD83, 2410, 10,NGVD29,10140204
USGS,432425100315601, 40N27W29DDD,GW,43.4061121,-100.5351362,F,NAD83, 2470, 10,NGVD29,10140204
USGS,432425100315602, 40N27W29DDD2,GW,43.40638988,-100.5345807,F,NAD83, 2480, 10,NGVD29,10140204
USGS,432428100273001, 40N27W25DCAB,GW,43.40777866,-100.4593015,F,NAD83, 2375,  8,NGVD29,10140204
USGS,432428101181101, 40N34W26ACCD,GW,43.4116666,-101.3048695,S,NAD83, 2952.00,  5,NGVD29,10140202
USGS,432429101272101, 40N35W28DADC,GW,43.40805389,-101.456259,F,NAD83, 2673, 15,NGVD29,10140202
USGS,432430100264601, 40N26W30CDBB,GW,43.40833419,-100.4465235,S,NAD83, 2392,  2,NGVD29,10140204
USGS,432430101094001, 40N33W25DAC,GW,43.40694548,-101.1601469,F,NAD83, 2635,10,NGVD29,10140202
USGS,432430101094002, 40N33W25DAC2,GW,43.40694548,-101.1601469,F,NAD83, 2540,10,NGVD29,10140202
USGS,432430101264001, 40N35W27CACA,GW,43.4086095,-101.4479257,S,NAD83, 2647.00, 10,NGVD29,10140202
USGS,432433101293301, 40N35W29CBBD,GW,43.40388676,-101.4968149,F,NAD83, 2756, 10,NGVD29,10140202
USGS,432434100160501, 41N25W27C,GW,43.4094452,-100.2684649,T,NAD83, 2034, 70,NGVD29,10140204
USGS,432434101291201, 40N35W29CA,GW,43.40944246,-101.4870925,T,NAD83, 2723, 45,NGVD29,10140202
USGS,432437100192601, 40N25W30CDA,GW,43.4069453,-100.3259658,F,NAD83, 2113,  8,NGVD29,10140204
USGS,432439100341101, 40N27W30CBC,GW,43.4086121,-100.5701369,F,NAD83, 2415, 20,NGVD29,10140204
USGS,432440100575501, 40N31W28CAA,GW,43.4111129,-100.9657012,T,NAD83, 2457, 15,NGVD29,10140203
USGS,432441100185001, 40N25W30DAD,GW,43.4113896,-100.314299,F,NAD83, 2093,  8,NGVD29,10140204
USGS,432441100185002, 40N25W30DAD2,GW,43.4113896,-100.314299,F,NAD83, 2093,  8,NGVD29,10140204
USGS,432441100185101, 40N25W30DAA,GW,43.4113896,-100.3145768,T,NAD83, 2125, 20,NGVD29,10140204
USGS,432441100343601, 40N28W25DBB,GW,43.4113898,-100.5798594,F,NAD83, 2460, 10,NGVD29,10140203
USGS,432441100343701, 40N28W25DABB,GW,43.4113898,-100.5773593,F,NAD83, 2455, 10,NGVD29,10140203
USGS,432441101070601, 40N32W29ADDD,GW,43.4113901,-101.1187579,S,NAD83, 2601, 10,NGVD29,10140203
USGS,432442100333501, 40N27W30DBB,GW,43.41166757,-100.5601368,F,NAD83, 2353, 10,NGVD29,10140204
USGS,432442100333502, 40N27W30DBB2,GW,43.41166757,-100.5601368,F,NAD83, 2358, 15,NGVD29,10140204
USGS,432443100133001, 40N25W25CAAB,GW,43.41194495,-100.2254083,S,NAD83, 2087,  2,NGVD29,10140204
USGS,432443100221601, 40N26W26CBB,GW,43.4108341,-100.3715222,F,NAD83, 2208,  8,NGVD29,10140204
USGS,432445099552001, 99N77W11BA,GW,43.41249905,-99.9226206,F,NAD83, 1991.00,50,NGVD29,10140204
USGS,432445100512201, 40N30W27ACCA,GW-TH,43.4125015,-100.8565319,S,NAD83, 2350, 10,NGVD29,10140203
USGS,432446101131104, 40N33W28AD,GW,43.41277847,-101.220147,T,NAD83, 2740, 40,NGVD29,10140202
USGS,432446101131105, 40N33W28AD2,GW,43.41277847,-101.220147,T,NAD83, 2740, 40,NGVD29,10140202
USGS,432446101203701, 40N34W28AC,GW,43.4127773,-101.3440363,T,NAD83, 2709, 30,NGVD29,10140202
USGS,432447101253901, 40N35W26BD,GW,43.4130542,-101.4279256,T,NAD83, 2677, 15,NGVD29,10140202
USGS,432452100335301, 40N27W30BDC,GW,43.4133342,-100.5629146,F,NAD83, 2345, 10,NGVD29,10140204
USGS,432453100210401, 40N26W25BCC,GW,43.4125007,-100.3509664,F,NAD83, 2175,  8,NGVD29,10140204
USGS,432453101075601, 40N32W29BCAB,GW-TH,43.41444558,-101.1345912,F,NAD83, 2618, 10,NGVD29,10140202
USGS,432455101201801, 40N34W28AA,GW,43.41694406,-101.3387585,T,NAD83, 2750.00, 60,NGVD29,10140202
USGS,432456099551901, 99N77W11BABA,GW,43.41555455,-99.9223428,S,NAD83, 1991.00, 10,NGVD29,10140204
USGS,432459101210401, 40N34W28BAC,GW,43.41555506,-101.3487585,F,NAD83, 2700, 20,NGVD29,10140202
USGS,432500101170401, 40N34W25ACBB,GW,43.41361125,-101.2873694,S,NAD83, 2713, 10,NGVD29,10140202
USGS,432500101213001, 40N34W29AADB,GW,43.41555496,-101.3584808,S,NAD83, 2732,  5,NGVD29,10140202
USGS,432504100350401, 40N28W25BAC,GW,43.4163897,-100.5870817,F,NAD83, 2450, 20,NGVD29,10140204
USGS,432505101044301, 40N32W22DDDD,GW-TH,43.41805695,-101.0790355,F,NAD83, 2546, 10,NGVD29,10140203
USGS,432506100130501, 40N25W25AABC,GW,43.4183336,-100.2184638,S,NAD83, 2110,  2,NGVD29,10140204
USGS,432508100303601, 40N27W34BBC,GW,43.4036121,-100.5093024,T,NAD83, 2470, 20,NGVD29,10140204
USGS,432508101055201, 40N32W22CCCC,GW-TH,43.41889018,-101.0982022,S,NAD83, 2568,  1,NGVD29,10140203
USGS,432509100211301, 40N26W26AAA,GW,43.41750056,-100.354022,F,NAD83, 2142,  8,NGVD29,10140204
USGS,432509100225101, 40N26W27ABBB,GW,43.4188894,-100.3812448,F,NAD83, 2221,  1,NGVD29,10140204
USGS,432510100140401, 40N25W26AAA,GW,43.4186115,-100.2356866,F,NAD83, 2083,  8,NGVD29,10140204
USGS,432510100173801, 40N25W29AAA,GW,43.41833385,-100.2959656,F,NAD83, 2067,  8,NGVD29,10140204
USGS,432512101145801, 40N33W20CDBC,GW,43.42055608,-101.2523692,F,NAD83, 2707, 15,NGVD29,10140202
USGS,432512101151601, 40N33W20CDDC,GW,43.41916716,-101.2545914,F,NAD83, 2723, 15,NGVD29,10140202
USGS,432512101161001, 40N33W19CDDD,GW,43.41833369,-101.2679248,T,NAD83, 2720, 15,NGVD29,10140202
USGS,432513101252601, 40N35W23CC,GW,43.4202764,-101.4332032,T,NAD83, 2654, 15,NGVD29,10140202
USGS,432513101283701, 40N35W20DD,GW,43.42027597,-101.47737,T,NAD83, 2740, 90,NGVD29,10140202
USGS,432515100564501, 40N31W24CCC,GW,43.42166826,-100.9468117,F,NAD83, 2510, 10,NGVD29,10140203
USGS,432515100564502, 40N31W24CCC2,GW,43.4208349,-100.9462562,F,NAD83, 2503, 15,NGVD29,10140203
USGS,432515101071701, 40N32W20DDBB,GW,43.4216678,-101.1273689,T,NAD83, 2597, 10,NGVD29,10140202
USGS,432517100405401, 40N28W19CDD,GW,43.4194454,-100.6787502,F,NAD83, 2500, 10,NGVD29,10140203
USGS,432517101064001, 40N32W21CAACC,GW,43.42194564,-101.112091,T,NAD83, 2600, 10,NGVD29,10140203
USGS,432518100182801, 40N25W20CDBC,GW,43.42166709,-100.3081881,T,NAD83, 2073,  8,NGVD29,10140204
USGS,432518100291601, 40N27W23CCAC,GW,43.42166717,-100.488191,F,NAD83, 2297,  8,NGVD29,10140204
USGS,432518100314301, 40N27W21CC,GW,43.4208339,-100.5295807,F,NAD83, 2370, 10,NGVD29,10140204
USGS,432518101272301, 40N35W28DD,GW,43.42166508,-101.4568144,T,NAD83, 2667, 25,NGVD29,10140202
USGS,432520100182301, 40N25W20CDC,GW,43.4194449,-100.308188,F,NAD83, 2075,  8,NGVD29,10140204
USGS,432520100182302, 40N25W20CDC2,GW,43.4194449,-100.308188,F,NAD83, 2075,  8,NGVD29,10140204
USGS,432520100391501, 40N28W20DDB,GW,43.42138976,-100.6565275,F,NAD83, 2370, 30,NGVD29,10140203
USGS,432522100201001, 40N26W24DDB,GW,43.42194487,-100.3365219,F,NAD83, 2170, 10,NGVD29,10140204
USGS,432522100292501, 40N27W22AACC,GW,43.430278,-100.4962468,F,NAD83, 2346,  6,NGVD29,10140204
USGS,432524101083901, 40N35W20DB,GW,43.4233315,-101.4809812,T,NAD83, 2756.00, 30,NGVD29,10140202
USGS,432525100212601, 40N26W23D,GW,43.42277819,-100.3587445,M,NAD83, 2165, 10,NGVD29,10140204
USGS,432525101003101, 40N31W20DADB,GW,43.42361278,-101.0090352,S,NAD83, 2553, 10,NGVD29,10140203
USGS,432526101205401, 40N34W21DBBB,GW,43.4247218,-101.3445917,S,NAD83, 2775,4.3,NAVD88,
USGS,432529101175401, 40N34W23ADCD,GW,43.42472228,-101.2987582,S,NAD83, 2811,  5,NGVD29,10140202
USGS,432530101024801, 40N32W24CBB,GW,43.4250014,-101.055702,F,NAD83, 2568, 10,NGVD29,10140203
USGS,432530101024902, 40N32W24DBB2,GW,43.4250014,-101.0554242,F,NAD83, 2568,10,NGVD29,10140203
USGS,432530101024903, 40N32W24DBB3,GW,43.4250014,-101.055702,F,NAD83, 2568,10,NGVD29,10140203
USGS,432530101134801, 40N33W16CBDB,GW,43.4363895,-101.2348688,S,NAD83, 2593, 20,NGVD29,10140202
USGS,432532101172801, 40N34W24AC,GW,43.42555576,-101.2843136,T,NAD83, 2766.00, 90,NGVD29,10140202
USGS,432533100364301, 40N28W22DAA,GW,43.42583399,-100.61236,F,NAD83, 2497, 10,NGVD29,10140204
USGS,432533100364302, 40N28W22DAA2,GW,43.42583399,-100.61236,F,NAD83, 2495, 10,NGVD29,10140204
USGS,432534100331701, 40N27W19BDDD,GW,43.42666718,-100.5615258,F,NAD83, 2325, 10,NGVD29,10140204
USGS,432536101092303, 40N32W19BCC,GW,43.4280565,-101.1568133,F,NAD83, 2595,10,NGVD29,10140202
USGS,432540101092202, 40N32W19BCC2,GW,43.4277787,-101.1565355,F,NAD83, 2595, 10,NGVD29,10140202
USGS,432541101000901, 40N31W21BCD,GW,43.42694608,-101.0059796,F,NAD83, 2527, 10,NGVD29,10140202
USGS,432541101000902, 40N31W21BCD2,GW,43.42694608,-101.0059796,F,NAD83, 2527, 10,NGVD29,10140202
USGS,432542101000101, 40N31W21BC,GW,43.42833497,-101.0007018,T,NAD83, 2550, 10,NGVD29,10140203
USGS,432542101123901, 40N33W22BDBB,GW,43.42833406,-101.2112578,S,NAD83, 2603, 10,NGVD29,10140202
USGS,432543101072401, 40N32W20ACB,GW,43.4319455,-101.1262576,F,NAD83, 2575, 10,NGVD29,10140202
USGS,432544100310301, 40N27W21ACD,GW,43.42750038,-100.5179138,F,NAD83, 2493, 10,NGVD29,10140204
USGS,432544100591601, 40N31W21ADA,GW,43.42666829,-100.9882016,F,NAD83, 2577, 10,NGVD29,10140203
USGS,432544100591602, 40N31W21ADA2,GW,43.4263905,-100.9882016,F,NAD83, 2560, 10,NGVD29,10140203
USGS,432545100211301, 40N26W23ADD,GW,43.4272225,-100.3540223,F,NAD83, 2182, 50,NGVD29,10140204
USGS,432545101102701, 40N33W24BBDD,GW,43.42916755,-101.174591,S,NAD83, 2548, 10,NGVD29,10140202
USGS,432546100170301, 40N25W21BCAB,GW,43.43000017,-100.290688,S,NAD83, 2070,  8,NGVD29,10140204
USGS,432547101105001, 40N33W23AACD,GW-TH,43.42972308,-101.18098,S,NAD83, 2547, 10,NGVD29,10140202
USGS,432548101105201, 40N33W23AAC,GW,43.43000085,-101.18098,F,NAD83, 2525,10,NGVD29,10140202
USGS,432548101105202, 40N33W23AAC2,GW,43.42972308,-101.18098,F,NAD83, 2525,10,NGVD29,10140202
USGS,432550100294801, 40N27W22ABDD,GW,43.4305558,-100.4970802,F,NAD83, 2313, 10,NGVD29,10140204
USGS,432550101121101, 40N33W27ACAA,GW,43.4305563,-101.20348,S,NAD83, 2701, 10,NGVD29,10140202
USGS,432551101155201, 40N33W19ABAA,GW,43.4327782,-101.2626468,S,NAD83, 2634, 15,NGVD29,10140202
USGS,432554100584901, 40N31W22BAC,GW,43.4305571,-100.9807013,F,NAD83, 2570, 10,NGVD29,10140203
USGS,432554101065601,40N32W21BBBB (MT-78A),GW,43.4325,-101.1175,T,NAD83,2576.0,10.0,NGVD29,10140204
USGS,432555100591301, 40N31W21AAAA,GW-TH,43.43194599,-100.9873681,S,NAD83, 2587, 10,NGVD29,10140203
USGS,432555100591302, 40N31W21AAAA2,GW,43.43194599,-100.9873681,S,NAD83, 2587, 10,NGVD29,10140203
USGS,432555101093101, 40N33W24AAA,GW,43.43194538,-101.1584799,F,NAD83, 2615,10,NGVD29,10140202
USGS,432555101095801, 40N33W13CCDC,GW,43.43194535,-101.1665355,F,NAD83, 2553,10,NGVD29,10140202
USGS,432556101054901, 40N32W21AAA,GW,43.4322234,-101.0990353,F,NAD83, 2585, 10,NGVD29,10140202
USGS,432556101061501, 40N32W21ABB,GW,43.43222339,-101.1026464,F,NAD83, 2580, 10,NGVD29,10140202
USGS,432556101085001, 40N32W19BAA,GW,43.4322232,-101.1498687,F,NAD83, 2580, 10,NGVD29,10140202
USGS,432556101085002, 40N32W19BAA2,GW,43.4322232,-101.1493132,F,NAD83, 2580, 10,NGVD29,10140202
USGS,432556101085003, 40N32W19BAA3,GW,43.4322232,-101.1493132,F,NAD83, 2580, 10,NGVD29,10140202
USGS,432557100304901, 40N27W21AA,GW,43.4325002,-100.5140249,T,NAD83, 2400,50,NGVD29,10140204
USGS,432557100332601, 40N27W19ABD,GW,43.4311115,-100.5576368,F,NAD83, 2305,  5,NGVD29,10140204
USGS,432558100243001, 40N26W21BBD,GW,43.4311113,-100.4087455,F,NAD83, 2297, 50,NGVD29,10140204
USGS,432558100513303, 40N30W22BAB,GW,43.4319456,-100.8623652,T,NAD83, 2360, 10,NGVD29,10140203
USGS,432558101245201, 40N35W13CCCC2,GW,43.43277668,-101.4148696,F,NAD83, 2627, 15,NGVD29,10140202
USGS,432600100303601, 40N27W22BBA,GW,43.4325002,-100.5070804,F,NAD83, 2425, 10,NGVD29,10140204
USGS,432600100303602, 40N27W22BBA2,GW,43.43194468,-100.5070803,F,NAD83, 2425, 10,NGVD29,10140204
USGS,432600100303603, 40N27W22BBA3,GW,43.43194468,-100.5065248,F,NAD83, 2425, 10,NGVD29,10140204
USGS,432600100303604, 40N27W22BBA4,GW,43.4325002,-100.5070804,F,NAD83, 2425, 10,NGVD29,10140204
USGS,432600100442501, 40N29W15CDDD,GW-TH,43.43333415,-100.7406957,S,NAD83, 2427, 10,NGVD29,10140203
USGS,432600101245201, 40N35W13CCCC,GW,43.4333322,-101.4148696,T,NAD83, 2628, 50,NGVD29,10140202
USGS,432602100173801, 40N25W20AAA,GW,43.4338889,-100.2942993,F,NAD83, 2060,  8,NGVD29,10140204
USGS,432602100173802, 40N25W20AAA2,GW,43.4338889,-100.2942993,F,NAD83, 2060,  8,NGVD29,10140204
USGS,432602101190501, 40N34W15CDDD,GW,43.4324998,-101.3257026,S,NAD83, 2821.00,  5,NGVD29,10140202
USGS,432603101065301, 40N32W16CC,GW,43.43416777,-101.1151464,T,NAD83, 2575, 10,NGVD29,10140202
USGS,432603101164001, 40N34W13DDBA,GW,43.4355558,-101.2790357,S,NAD83, 2700.00,  5,NGVD29,10140202
USGS,432603101192001, 40N34W22DBDB,GW,43.4233331,-101.3226472,T,NAD83, 2907.00, 60,NGVD29,10140202
USGS,432604101041201, 40N32W14CDD,GW,43.4344457,-101.0704241,T,NAD83, 2615, 10,NGVD29,10140203
USGS,432604101133601, 40N33W16CCAD,GW,43.4344451,-101.227091,S,NAD83, 2579, 10,NGVD29,10140202
USGS,432605101205401, 40N34W16CDBA,GW,43.43611064,-101.354036,S,NAD83, 2693, 20,NGVD29,10140202
USGS,432606101040602, 40N32W14CDD2,GW,43.43500127,-101.0704241,F,NAD83, 2615, 10,NGVD29,10140203
USGS,432609100155101, 40N25W15CDD,GW,43.4358333,-100.2645767,F,NAD83, 2080,  8,NGVD29,10140204
USGS,432609101064101, 40N32W16CCA,GW,43.4358344,-101.1145908,F,NAD83, 2575, 10,NGVD29,10140202
USGS,432610100285801, 40N27W14CDD,GW,43.4361112,-100.4831911,F,NAD83, 2280,  8,NGVD29,10140204
USGS,432610100285802, 40N27W14CDD2,GW,43.43527789,-100.4831911,F,NAD83, 2280,  8,NGVD29,10140204
USGS,432610100285803, 40N27W14CDD3,GW,43.43527789,-100.4831911,F,NAD83, 2280,  8,NGVD29,10140204
USGS,432610100285804, 40N27W14CDD4,GW,43.43527789,-100.4831911,F,NAD83, 2280,  8,NGVD29,10140204
USGS,432610100285805, 40N27W14CDD5,GW,43.4361112,-100.4831911,F,NAD83, 2280,  8,NGVD29,10140204
USGS,432612100155102, 40N25W15CDD2,GW,43.43444446,-100.2634655,F,NAD83, 2080,  8,NGVD29,10140204
USGS,432612100155103, 40N25W15CDD3,GW,43.4366666,-100.2645767,F,NAD83, 2080,  8,NGVD29,10140204
USGS,432613100393301, 40N28W17DCB,GW,43.43805605,-100.6606942,F,NAD83, 2270, 15,NGVD29,10140203
USGS,432613100393302, 40N28W17DCB2,GW,43.43777828,-100.6595831,F,NAD83, 2270, 15,NGVD29,10140203
USGS,432613100393303, 40N28W17DCB3,GW,43.43777828,-100.6612498,F,NAD83, 2270, 15,NGVD29,10140203
USGS,432614100121701,100N79W33CBBB,GW-TH,43.43722186,-100.2051306,S,NAD83, 2184,  8,NGVD29,10140204
USGS,432615101293501, 40N35W16CAC,GW,43.4374984,-101.4684809,T,NAD83, 2690.00, 30,NGVD29,10140202
USGS,432619101054901, 40N32W16DAD,GW,43.43722336,-101.0990352,F,NAD83, 2580, 10,NGVD29,10140202
USGS,432619101062401, 40N32W16CADA,GW,43.43777888,-101.1082019,S,NAD83, 2565, 10,NGVD29,10140202
USGS,432623100284901, 40N27W14DBC,GW,43.43750005,-100.48208,F,NAD83, 2300, 16,NGVD29,10140204
USGS,432625100050201,100N78W33BDDB,GW,43.44027654,-100.0842933,F,NAD83, 1976.00, 10,NGVD29,10150006
USGS,432626100364301, 40N28W15DAA,GW,43.4397225,-100.6131934,F,NAD83, 2480, 10,NGVD29,10140204
USGS,432627100284901, 40N27W14DBB,GW,43.44083329,-100.4806911,F,NAD83, 2300, 16,NGVD29,10140204
USGS,432627101111001, 40N33W14ACBA,GW,43.4433341,-101.1859798,F,NAD83, 2525,10,NGVD29,10140202
USGS,432631100112101,100N79W33A,GW,43.4419438,-100.1895746,M,NAD83, 1975.00, 10,NGVD29,10140204
USGS,432631101071101, 40W32W17AD,GW,43.44194444,-101.1197222,F,NAD83,,,,10140202
USGS,432631101181501, 40N34W14ACAB,GW,43.4433334,-101.3026468,S,NAD83, 2775,  5,NGVD29,10140202
USGS,432631101224101, 40N34W18AD,GW,43.44194376,-101.3784804,T,NAD83, 2664, 30,NGVD29,10140202
USGS,432634101281001, 40N35W16BDBB,GW,43.44277619,-101.4698697,T,NAD83, 2650, 15,NGVD29,10140202
USGS,432635099550303,100N77W23DC3,GW,43.443054,-99.9178986,F,NAD83, 1872.00,20,NGVD29,10150006
USGS,432635101092201, 40N32W18BCB,GW,43.44305646,-101.1565353,F,NAD83, 2553, 10,NGVD29,10140202
USGS,432635101092202, 40N32W18BCB2,GW,43.44055646,-101.1570909,F,NAD83, 2552, 10,NGVD29,10140202
USGS,432638100221601, 40N26W14BCC,GW,43.4424998,-100.3704118,F,NAD83, 2200, 10,NGVD29,10140204
USGS,432641100234501, 40N26W16ADB,GW,43.4427776,-100.3956899,F,NAD83, 2188,  8,NGVD29,10140204
USGS,432641101051501, 40N32W15ABCB,GW,43.4447233,-101.087924,S,NAD83, 2572, 10,NGVD29,10140202
USGS,432641101125901, 40N33W15BBCB,GW,43.4447229,-101.2168131,S,NAD83, 2541, 10,NGVD29,10140202
USGS,432642100000101,100N77W30CD,GW,43.4449981,-100.0006794,M,NAD83, 1936,111,NGVD29,10140204
USGS,432642100161801, 40N25W15BCB,GW,43.4438886,-100.2712437,F,NAD83, 2044,  8,NGVD29,10140204
USGS,432642100161802, 40N25W15BCB2,GW,43.4438886,-100.272077,F,NAD83, 2044,  8,NGVD29,10140204
USGS,432642100161803, 40N25W15BCB3,GW,43.4449997,-100.272077,F,NAD83, 2044,  8,NGVD29,10140204
USGS,432644101205401, 40N34W16BA,GW,43.44555518,-101.348758,T,NAD83, 2680, 15,NGVD29,10140202
USGS,432644101213001, 40N34W17AA,GW,43.44555508,-101.358758,T,NAD83, 2673, 30,NGVD29,10140202
USGS,432644101233501, 40N34W18BB,GW,43.4455547,-101.3934804,T,NAD83, 2610, 15,NGVD29,10140202
USGS,432645101054001, 40N32W15BBC,GW,43.4458344,-101.0948685,F,NAD83, 2573, 10,NGVD29,10140202
USGS,432648101072401, 40N32W17ABB,GW,43.44611209,-101.1284796,T,NAD83, 2553, 10,NGVD29,10140202
USGS,432648101075001, 40N32W17BBA,GW,43.44611208,-101.1290352,F,NAD83, 2553, 10,NGVD29,10140202
USGS,432649101002301, 40N31W16BBBB,GW-TH,43.44694579,-101.0068127,F,NAD83, 2533,  2,NGVD29,10140203
USGS,432649101081801, 40N32W17BBBB,GW,43.44694538,-101.1387574,S,NAD83, 2546, 10,NGVD29,10140202
USGS,432649101081802, 40N32W17BBBB2,GW,43.44694538,-101.1387574,S,NAD83, 2546, 10,NGVD29,10140202
USGS,432649101233001, 40N34W 7CCDC,GW,43.44694365,-101.3920915,S,NAD83, 2611, 10,NGVD29,10140202
USGS,432650100273301, 40N27W13AB,GW,43.44722199,-100.4595798,T,NAD83, 2313, 16,NGVD29,10140204
USGS,432650100312501, 40N27W16BAA,GW,43.44722208,-100.5234697,T,NAD83, 2308,  5,NGVD29,10140204
USGS,432650101250901, 40N35W 8BDDD,GW,43.4538872,-101.4848696,S,NAD83, 2664, 10,NGVD29,10140202
USGS,432652100173801, 40N25W17AAD,GW,43.44361087,-100.2942996,F,NAD83, 2157,  8,NGVD29,10140204
USGS,432654100230001, 40N26W15BAAA,GW,43.44777748,-100.3826343,F,NAD83, 2169, 15,NGVD29,10140204
USGS,432654100255901, 40N26W18AAA,GW,43.44722197,-100.4331905,F,NAD83, 2211,  8,NGVD29,10140204
USGS,432654101094901, 40N33W12DCD,GW,43.4491675,-101.1640352,F,NAD83, 2540,10,NGVD29,10140202
USGS,432654101094902, 40N33W12DCD2,GW,43.4491675,-101.1640352,F,NAD83, 2540,10,NGVD29,10140202
USGS,432654101130401, 40N33W 9DDDA,GW,43.448334,-101.2182019,F,NAD83, 2570, 10,NGVD29,10140202
USGS,432654101130601, 40N33W 9DDDA2,GW,43.448334,-101.2182019,T,NAD83, 2575, 10,NGVD29,10140202
USGS,432655100185001, 40N25W18AAA,GW,43.4477774,-100.3151333,F,NAD83, 2183,  8,NGVD29,10140204
USGS,432655101053901, 40N32W10CCD,GW,43.44861219,-101.0895906,F,NAD83, 2570,10,NGVD29,10140202
USGS,432655101230701, 40N34W 7CDAD,GW,43.44861039,-101.3857026,S,NAD83, 2621,  5,NGVD29,10140202
USGS,432656101230801, 40N34W 7CDA2,GW,43.44888816,-101.3859803,S,NAD83, 2624,  5,NGVD29,10140202
USGS,432657101155201, 40N33W 7CDCC,GW,43.4472226,-101.2707021,S,NAD83, 2674, 15,NGVD29,10140202
USGS,432657101213001, 40N34W 8DDDD,GW,43.44749956,-101.356258,S,NAD83, 2667, 15,NGVD29,10140202
USGS,432657101231801, 40N34W 7CDBD,GW,43.4491659,-101.3887581,S,NAD83, 2618, 10,NGVD29,10140202
USGS,432658101075801, 40N32W 8CCC,GW,43.44805649,-101.1365352,F,NAD83, 2548, 10,NGVD29,10140202
USGS,432658101075803, 40N32W 8CCC2,GW,43.44805649,-101.1368129,F,NAD83, 2548, 10,NGVD29,10140202
USGS,432700101120401, 40N33W10DAB,GW,43.45361185,-101.2001463,F,NAD83, 2540,10,NGVD29,10140202
USGS,432701101034801, 40N32W11DCCA,GW,43.4480567,-101.0651462,S,NAD83, 2658, 10,NGVD29,10140203
USGS,432701101045701, 40N32W10DAD,GW,43.45027886,-101.0829239,T,NAD83, 2590, 15,NGVD29,10140202
USGS,432701101054001, 40N32W10CCB,GW,43.4502788,-101.0968128,F,NAD83, 2563, 10,NGVD29,10140202
USGS,432703100304901, 40N27W 9DD,GW,43.45083306,-100.514025,T,NAD83, 2445, 10,NGVD29,10140204
USGS,432703101210001, 40N34W 9C,GW,43.45083296,-101.3504246,M,NAD83, 2657, 30,NGVD29,10140202
USGS,432704101232501, 40N34W 7CDA,GW,43.4491659,-101.3862581,S,NAD83, 2621,  5,NGVD29,10140202
USGS,432706100200101, 40N26W12DDAB,GW,43.4516662,-100.3340226,S,NAD83, 2093,  2,NGVD29,10140204
USGS,432708101052201, 40N32W 9DBCA,GW,43.45222326,-101.0898684,S,NAD83, 2559, 10,NGVD29,10140202
USGS,432709100415001, 40N29W12DBDB,GW,43.45250028,-100.6976393,S,NAD83, 2343,  1,NGVD29,10140203
USGS,432711101062401, 40N32W 9CAD,GW,43.45166766,-101.1093128,F,NAD83, 2565, 10,NGVD29,10140202
USGS,432711101255601, 40N35W11CB,GW,43.4530544,-101.4326471,T,NAD83, 2575.00, 30,NGVD29,10140202
USGS,432715101013601, 40N31W 7DAA,GW,43.4522234,-101.0287572,F,NAD83, 2587, 10,NGVD29,10140203
USGS,432715101013602, 40N31W 7DAA2,GW,43.4522234,-101.0287572,F,NAD83, 2583, 10,NGVD29,10140203
USGS,432715101040201, 40N32W11DBB,GW,43.45416775,-101.067646,F,NAD83, 2640, 10,NGVD29,10140202
USGS,432716100314301, 40N27W 9CB,GW,43.4536108,-100.5290254,F,NAD83, 2300, 10,NGVD29,10140204
USGS,432716101051701, 40N32W10,GW,43.45444547,-101.0884794,M,NAD83, 2581,10,NGVD29,10140202
USGS,432718100045501,100N78W28B,GW,43.45499838,-100.082349,T,NAD83, 1968, 10,NGVD29,10140204
USGS,432720101281101, 40N35W 8BD,GW,43.45555389,-101.4876473,T,NAD83, 2674, 30,NGVD29,10140202
USGS,432723101145801, 40N33W 8BDDA,GW,43.4563895,-101.2484796,S,NAD83, 2600, 20,NGVD29,10140202
USGS,432723101145802, 40N33W 8BDBD,GW,43.45305618,-101.2448686,S,NAD83, 2600, 20,NGVD29,10140202
USGS,432724101294801, 40N35W 7AD,GW,43.4566649,-101.4970918,T,NAD83, 2729, 45,NGVD29,10140202
USGS,432726101231001, 40N34W 7BDDA,GW,43.4572215,-101.3865358,S,NAD83, 2614,  5,NGVD29,10140202
USGS,432727101045701, 40N32W10ACA,GW,43.457501,-101.0834794,F,NAD83, 2593, 10,NGVD29,10140202
USGS,432728100283001, 41N27W25DAD,GW,43.45777725,-100.4754135,T,NAD83, 2147,  8,NGVD29,10140204
USGS,432728100562701, 40N31W12BDB,GW,43.4583343,-100.9412557,F,NAD83, 2340, 10,NGVD29,10140203
USGS,432728100562702, 40N31W12BDB2,GW,43.45777878,-100.9412557,F,NAD83, 2345, 15,NGVD29,10140203
USGS,432728100562703, 40N31W12BDB3,GW,43.45777878,-100.9412557,F,NAD83, 2345, 15,NGVD29,10140203
USGS,432729100164501, 40N25W 9A,GW,43.45805488,-100.2795775,M,NAD83, 2051,111,NGVD29,10140204
USGS,432729100531101, 40N30W 9BCB,GW,43.45694527,-100.8859766,F,NAD83, 2510, 10,NGVD29,10140203
USGS,432730100562701, 40N31W12BDB4,GW,43.4583343,-100.9412557,T,NAD83, 2345, 15,NGVD29,10140203
USGS,432730101045201, 40N32W10AACD,GW,43.4583343,-101.0815349,F,NAD83, 2580., 10,NGVD29,10140203
USGS,432730101232501, 40N34W 7BBCC,GW,43.45833256,-101.3954247,F,NAD83, 2585, 25,NGVD29,10140202
USGS,432731100133301, 40N25W12BD,GW,43.4488883,-100.2262427,T,NAD83, 2047,  8,NGVD29,10140203
USGS,432732100283101, 40N27W11ADB,GW,43.46055495,-100.4740246,F,NAD83, 2215, 10,NGVD29,10140204
USGS,432732100283102, 40N27W11ADB2,GW,43.46055495,-100.4743024,F,NAD83, 2215, 10,NGVD29,10140204
USGS,432732100283103, 40N27W11ADB3,GW,43.46055495,-100.4740246,F,NAD83, 2215, 10,NGVD29,10140204
USGS,432732101261501, 40N35W10AACC,GW,43.4588877,-101.4398693,S,NAD83, 2585.00, 15,NGVD29,10140202
USGS,432733100462701, 40N29W 5DDCD,GW,43.46222257,-100.7751407,F,NAD83, 2260, 10,NGVD29,10140203
USGS,432733101120401, 40N33W10AAC,GW,43.45916739,-101.201535,F,NAD83, 2540,10,NGVD29,10140202
USGS,432734100050601,100N78W28BBBB,GW,43.4594427,-100.0854049,S,NAD83, 2000.00, 10,NGVD29,10140204
USGS,432734101145801, 40N33W 8BDD2,GW,43.4563895,-101.2484796,T,NAD83, 2604.00, 20,NGVD29,10140202
USGS,432737100280201, 40N27W10BB,GW,43.46027718,-100.4676356,T,NAD83, 2325, 15,NGVD29,10140204
USGS,432737100382201, 40N28W 9ABAC,GW,43.46027769,-100.6398605,F,NAD83, 2400, 10,NGVD29,10140203
USGS,432738100381902, 40N28W 9ABAC2,GW,43.46055546,-100.6390272,F,NAD83, 2400, 10,NGVD29,10140203
USGS,432738100381903, 40N28W 9ABAC3,GW,43.46055546,-100.6390272,F,NAD83, 2400, 10,NGVD29,10140203
USGS,432738100381904, 40N28W 9ABAC4,GW,43.46055546,-100.6390272,F,NAD83, 2400, 10,NGVD29,10140203
USGS,432740101022201, 40N32W12AAA,GW,43.46111218,-101.0398682,F,NAD83, 2600, 10,NGVD29,10140203
USGS,432740101062403, 40N32W 9BAA3,GW,43.461112,-101.1070905,T,NAD83, 2565, 10,NGVD29,10140202
USGS,432740101063301, 40N32W 9BAA,GW,43.4600009,-101.109035,F,NAD83, 2565,10,NGVD29,10140202
USGS,432740101063302, 40N32W 9BAA2,GW,43.4600009,-101.1095905,F,NAD83, 2565,10,NGVD29,10140202
USGS,432740101223501,40N34W06DDDA (JA-80B),GW,43.462222,-101.375278,S,NAD83,2611.0,15.0,NGVD29,101402020904
USGS,432741100411201, 40N28W 7BCAA,GW,43.45833346,-100.687639,F,NAD83, 2200, 10,NGVD29,10140203
USGS,432742100314301, 40N27W 9BB,GW,43.46166615,-100.5290254,F,NAD83, 2310, 30,NGVD29,10140204
USGS,432742101115801, 40N33W 3DDDC,GW-TH,43.4616674,-101.1998684,S,NAD83, 2526,  2,NGVD29,10140202
USGS,432742101115802, 40N33W 3DDDC2,GW,43.4616674,-101.1998684,S,NAD83, 2526,  2,NGVD29,10140202
USGS,432744100374601, 40N28W10BBC,GW,43.46027766,-100.6309715,F,NAD83, 2455, 10,NGVD29,10140203
USGS,432745100302701, 40N27W10BBA,GW,43.4611105,-100.506525,F,NAD83, 2330, 10,NGVD29,10140204
USGS,432745100302702, 40N27W10BBA2,GW,43.4611105,-100.506525,F,NAD83, 2330, 20,NGVD29,10140204
USGS,432745100532301, 40N30W 4DDCC,GW-TH,43.46250075,-100.8901433,S,NAD83, 2510, 10,NGVD29,10140203
USGS,432745101281001, 40N35W 4CC,GW,43.4624985,-101.4732027,T,NAD83, 2674.00, 30,NGVD29,10140202
USGS,432746100172201, 40N25W 4CCDD,GW,43.46277697,-100.2898556,S,NAD83, 2031,  5,NGVD29,10140204
USGS,432746100463001, 40N29W 5DDCB,GW,43.4627781,-100.7754184,S,NAD83, 2260, 10,NGVD29,10140203
USGS,432746101094901, 40N33W 1DCD,GW,43.4633341,-101.164035,F,NAD83, 2525,10,NGVD29,10140202
USGS,432746101100701, 40N33W 1CDD,GW,43.46277857,-101.169035,F,NAD83, 2523,10,NGVD29,10140202
USGS,432746101101601, 40N33W 1CDC,GW,43.46277856,-101.1707017,F,NAD83, 2523,10,NGVD29,10140202
USGS,432748100020901,100N78W23DC,GW,43.4633312,-100.0362366,T,NAD83, 1975, 10,NAVD88,10140204
USGS,432749100104601,100N79W22C,GW,43.4636098,-100.1798527,F,NAD83, 2017, 10,NGVD29,10140204
USGS,432749101222301, 40N34W 5CC,GW,43.46361058,-101.37348,T,NAD83, 2608, 15,NGVD29,10140202
USGS,432750100380601, 40N28W 4DDCD,GW,43.4638887,-100.635416,F,NAD83, 2440, 10,NGVD29,10140203
USGS,432750101281901, 40N35W 4CC2,GW,43.4638874,-101.4723694,T,NAD83, 2674, 30,NGVD29,10140202
USGS,432751100380301, 40N28W 4DDC,GW,43.46305539,-100.6370827,T,NAD83, 2420, 50,NGVD29,10140203
USGS,432752101100701, 40N33W 1CDA,GW,43.4644452,-101.169035,F,NAD83, 2520,10,NGVD29,10140202
USGS,432752101123101, 40N33W 3CDA,GW,43.46444515,-101.209035,F,NAD83, 2530,10,NGVD29,10140202
USGS,432754100380302, 40N28W 4DDC2,GW,43.4627776,-100.6384716,F,NAD83, 2430, 15,NGVD29,10140203
USGS,432754100380303, 40N28W 4DDC3,GW,43.4627776,-100.6384716,F,NAD83, 2430,  5,NGVD29,10140203
USGS,432754101045701, 40N32W 3DCA,GW,43.46444539,-101.0845904,F,NAD83, 2635, 15,NGVD29,10140202
USGS,432754101081801, 40N32W 6DDBA,GW,43.4650008,-101.1412571,F,NAD83, 2520, 10,NGVD29,10140202
USGS,432755100282201, 40N27W 2DDD,GW,43.46333265,-100.4731913,F,NAD83, 2215,  8,NGVD29,10140204
USGS,432755100282202, 40N27W 2DDD2,GW,43.46333265,-100.4731913,F,NAD83, 2215,  8,NGVD29,10140204
USGS,432755100282203, 40N27W 2DDD3,GW,43.4644437,-100.473469,F,NAD83, 2215,  8,NGVD29,10140204
USGS,432755100282204, 40N27W 2DDD4,GW,43.4644437,-100.473469,F,NAD83, 2215,  8,NGVD29,10140204
USGS,432755101115501, 40N33W 3ACAD,GW,43.4713896,-101.202646,S,NAD83, 2519, 10,NGVD29,10140202
USGS,432756101032301, 40N32W 1CBCD,GW,43.46555654,-101.0568126,S,NAD83, 2687, 10,NGVD29,10140203
USGS,432756101293501, 40N35W 6DDBD,GW,43.4644427,-101.497925,S,NAD83, 2651, 10,NGVD29,10140202
USGS,432756101295701, 40N35W 6D,GW,43.460276,-101.4995918,M,NAD83, 2706, 45,NGVD29,10140202
USGS,432759101055101, 40N32W 3CBCB,GW,43.46638979,-101.0979237,S,NAD83, 2612, 10,NGVD29,10140202
USGS,432759101114601, 40N33W 2CBC,GW,43.4663896,-101.196535,F,NAD83, 2517,10,NGVD29,10140202
USGS,432800100375401, 40N28W 3CBCB,GW,43.4666664,-100.6320826,F,NAD83, 2445, 10,NGVD29,10140203
USGS,432800101094201, 40N35W 6AABA,GW,43.47110945,-101.4987583,S,NAD83, 2647.00,  5,NGVD29,10140202
USGS,432802101114801, 40N33W 2CB,GW,43.46722295,-101.1970905,F,NAD83, 2500, 10,NGVD29,10140202
USGS,432802101115901, 40N33W 3DA,GW,43.4672229,-101.2009794,T,NAD83, 2517,10,NGVD29,10140202
USGS,432802101121701, 40N33W 3DB,GW,43.4672229,-101.205146,T,NAD83, 2520,10,NGVD29,10140202
USGS,432804100363401, 40N28W 2CAD,GW,43.4672218,-100.60486,F,NAD83, 2405, 10,NGVD29,10140204
USGS,432804101015301, 40N31W 6DBC,GW,43.46472326,-101.0359793,F,NAD83, 2590, 20,NGVD29,10140203
USGS,432805100174501, 40N25W 5ADC,GW,43.4705545,-100.2962448,T,NAD83, 2056, 10,NGVD29,10140204
USGS,432805100374801, 40N28W 3CBBD,GW,43.46805525,-100.6304159,F,NAD83, 2480, 10,NGVD29,10140203
USGS,432807100141301, 40N25W 2DAC,GW,43.46749895,-100.2387437,F,NAD83, 2041, 10,NGVD29,10140204
USGS,432807101095801, 40N33W 1DBBA,GW,43.46861188,-101.1665349,S,NAD83, 2508, 10,NGVD29,10140202
USGS,432807101234001, 40N34W 6CBAD,GW,43.4677771,-101.3901467,S,NAD83, 2598,  5,NGVD29,10140202
USGS,432808100303601, 40N28W 3CBC,GW,43.46888857,-100.6318048,F,NAD83, 2470,  5,NGVD29,10140204
USGS,432808100303602, 40N28W 3CBC2,GW,43.46694417,-100.6309715,F,NAD83, 2470, 15,NGVD29,10140204
USGS,432808100303603, 40N28W 3CBC3,GW,43.46777748,-100.6309715,F,NAD83, 2470, 15,NGVD29,10140204
USGS,432808100303604, 40N28W 3CBC4,GW,43.4688881,-100.510414,F,NAD83, 2470,  5,NGVD29,10140204
USGS,432808101012901, 40N31W 5CBB,GW,43.467501,-101.0245903,F,NAD83, 2605, 10,NGVD29,10140203
USGS,432808101012902, 40N31W 5CBB2,GW,43.4677788,-101.0251459,F,NAD83, 2610, 10,NGVD29,10140203
USGS,432808101012903, 40N31W 5CBB3,GW,43.46888989,-101.0251459,F,NAD83, 2605, 10,NGVD29,10140203
USGS,432809100223301, 40N26W 3DAC,GW,43.4666658,-100.3756901,F,NAD83, 2083,  8,NGVD29,10140204
USGS,432811100175401, 40N25W 5DB,GW,43.4697212,-100.2987448,F,NAD83, 2058,  8,NGVD29,10140204
USGS,432812101123101, 40N33W 3BDDD,GW,43.4700007,-101.2079238,F,NAD83, 2535,10,NGVD29,10140202
USGS,432813100175601, 40N25W 5CA,GW,43.47027675,-100.2993003,F,NAD83, 2057,  8,NGVD29,10140204
USGS,432816101255701, 40N35W 2BC,GW,43.47111006,-101.4329246,T,NAD83, 2575, 15,NGVD29,10140202
USGS,432816101281901, 40N35W 4BC,GW,43.47110969,-101.4723693,T,NAD83, 2634, 30,NGVD29,10140202
USGS,432818100512001, 40N30W 3ACCC,GW,43.46944496,-100.8584759,S,NAD83, 2435, 10,NGVD29,10140203
USGS,432821100304901, 40N27W 4DADD,GW,43.46666595,-100.5120807,S,NAD83, 2296,  1,NGVD29,10140204
USGS,432822100223301, 40N26W 3ADC,GW,43.4713879,-100.3768013,F,NAD83, 2083,  8,NGVD29,10140204
USGS,432822100223302, 40N26W 3ADC2,GW,43.4713879,-100.3768013,F,NAD83, 2083,  8,NGVD29,10140204
USGS,432823101090901, 40N32W 6BC,GW,43.4730563,-101.1529237,M,NAD83, 2507, 10,NGVD29,10140202
USGS,432823101090902, 40N32W 6B,GW,43.4730563,-101.1529237,M,NAD83, 2515,10,NGVD29,10140202
USGS,432824100381201, 40N28W 4ACA,GW,43.47499956,-100.6395827,F,NAD83, 2475, 10,NGVD29,10140203
USGS,432824100381203, 40N28W 4ACA3,GW,43.4755551,-100.6401383,F,NAD83, 2475, 10,NGVD29,10140203
USGS,432825100322301, 40N27W 5ACB,GW,43.4736103,-100.5401368,F,NAD83, 2207, 10,NGVD29,10140204
USGS,432825100322302, 40N27W 5ACB2,GW,43.4736103,-100.5401368,F,NAD83, 2207, 10,NGVD29,10140204
USGS,432825100322303, 40N27W 5ACB3,GW,43.4736103,-100.5401368,F,NAD83, 2207, 10,NGVD29,10140204
USGS,432825100322304, 40N27W 5ACB4,GW,43.4736103,-100.5401368,F,NAD83, 2207, 10,NGVD29,10140204
USGS,432825101104301, 40N33W 2AAD,GW,43.47361185,-101.1790348,F,NAD83, 2500,10,NGVD29,10140202
USGS,432827100175401, 40N25W 5DA,GW,43.4741655,-100.2987449,F,NAD83, 2060,  8,NGVD29,10140204
USGS,432830100164001, 40N25W 4A,GW,43.4741655,-100.2793002,F,NAD83, 2000, 10,NGVD29,10140204
USGS,432830100322101, 40N27W 5ABC,GW,43.47499917,-100.5395812,T,NAD83, 2207, 10,NGVD29,10140204
USGS,432832100382301, 40N28W 4ACA2,GW,43.4755551,-100.6401383,F,NAD83, 2475, 10,NGVD29,10140203
USGS,432832101105201, 40N33W 2AAB,GW,43.47444518,-101.183757,F,NAD83, 2497, 10,NGVD29,10140202
USGS,432833101075001, 40N32W 5BBA,GW,43.4758341,-101.1345903,F,NAD83, 2580, 10,NGVD29,10140202
USGS,432834100271501, 40N27W 1AA,GW,43.47611005,-100.4545801,T,NAD83, 2182, 50,NGVD29,10140204
USGS,432836100435101, 40N29W 3AAA,GW,43.47749988,-100.7320841,F,NAD83, 2100, 10,NGVD29,10140203
USGS,432837100361601, 40N28W 2BAB,GW,43.4769438,-100.60486,F,NAD83, 2545, 10,NAVD88,10140204
USGS,432837100390601, 40N28W 5AAA,GW,43.4780551,-100.6534718,F,NAD83, 2455, 10,NGVD29,10140203
USGS,432838100293302, 40N27W 3AAA2,GW,43.47611008,-100.4923583,F,NAD83, 2231,  8,NGVD29,10140204
USGS,432840100125201, 40N25W 1AAAA,GW-TH,43.47777629,-100.2148543,S,NAD83, 2122,  8,NGVD29,10140204
USGS,432840100391401, 40N28W 5AAA2,GW,43.4777773,-100.6543052,T,NAD83, 2455, 10,NGVD29,10140204
USGS,432840100391402, 40N28W 5AAA3,GW,43.4777773,-100.6543052,T,NAD83, 2455, 10,NGVD29,10140203
USGS,432840100391403, 40N28W 5AAA4,GW,43.4777773,-100.6543052,T,NAD83, 2455, 10,NGVD29,10140203
USGS,432845100281602, 41N27W36DDD,GW,43.4791655,-100.4706915,F,NAD83, 2180, 16,NGVD29,10140204
USGS,432845101051801, 41N32W35DCB,GW,43.47916748,-101.0887569,F,NAD83, 2680, 10,NGVD29,10140203
USGS,432848101294701, 41N35W33C,GW,43.4799984,-101.4968137,M,NAD83, 2635, 50,NGVD29,10140202
USGS,432849100302201, 41N27W35CCD,GW,43.48027667,-100.5065252,F,NAD83, 2240, 20,NGVD29,10140204
USGS,432849100302202, 41N27W35CCD2,GW,43.48027667,-100.5065252,F,NAD83, 2240, 20,NGVD29,10140204
USGS,432850100143001, 41N25W36CDD,GW,43.4805541,-100.2420775,F,NAD83, 2020, 10,NGVD29,10140204
USGS,432850100160001, 41N25W35DCB,GW,43.47999866,-100.2654113,F,NAD83, 2103,  8,NGVD29,10140204
USGS,432854100080601,100N79W13,GW,43.4816646,-100.1354071,M,NAD83, 1900.00,50,NGVD29,10140204
USGS,432858100320001, 41N27W33DB,GW,43.48111009,-100.5337479,M,NAD83, 2220, 40,NGVD29,10140204
USGS,432858100320002, 41N27W33DDB,GW,43.48111008,-100.5315256,T,NAD83, 2193, 10,NGVD29,10140204
USGS,432859101132701, 41N33W34DABB,GW,43.4830562,-101.2245903,S,NAD83, 2568, 10,NGVD29,10140202
USGS,432901100454402, 42N29W34CAA2,GW,43.57083088,-100.7612503,F,NAD83, 1960,  8,NGVD29,10140203
USGS,432905100225301, 41N26W35CAA,GW,43.48472085,-100.3818016,F,NAD83, 2057, 16,NGVD29,10140204
USGS,432905100290101, 41N27W36CAB,GW,43.48472094,-100.4820805,F,NAD83, 2159, 16,NGVD29,10140204
USGS,432906099513001,100N76W17ABB,GW,43.484998,-99.8587302,T,NAD83, 1985.00,50,NGVD29,10140204
USGS,432906100143901, 41N25W36CAB,GW,43.48499847,-100.2456889,F,NAD83, 2000, 16,NGVD29,10140204
USGS,432906100203801, 41N25W31CAB,GW,43.48499858,-100.3426345,F,NAD83, 2080,50,NGVD29,10140204
USGS,432909101212001, 41N34W34BD,GW,43.48583306,-101.3559796,T,NAD83, 2690, 50,NGVD29,10140202
USGS,432910101005701, 41N31W33BCAD,GW-TH,43.4861119,-101.0162568,S,NAD83, 2607, 10,NGVD29,10140203
USGS,432910101005702, 41N31W33BCAD2,GW,43.4861119,-101.0162568,S,NAD83, 2607,  5,NGVD29,10140203
USGS,432912101264201, 41N35W35A,GW,43.48666559,-101.4454244,M,NAD83, 2550.00, 50,NGVD29,10140202
USGS,432914100381001, 41N28W34ACD,GW,43.48722149,-100.6365271,F,NAD83, 2460, 50,NGVD29,10140203
USGS,432915100195801, 40N25W31AD,GW,43.4011121,-100.3192989,T,NAD83, 2142, 16,NGVD29,10150006
USGS,432921100313001, 41N27W34B,GW,43.48916539,-100.5254145,F,NAD83, 2175, 20,NGVD29,10140204
USGS,432921101101001, 41N32W31BAAD2,GW-TH,43.48916737,-101.1698679,M,NAD83, 2525, 10,NGVD29,10140202
USGS,432921101101701, 41N32W31BAAD3,GW,43.4894451,-101.1704235,F,NAD83, 2525,10,NGVD29,10140202
USGS,432921101224301, 41N34W33BB,GW,43.4891662,-101.3790352,T,NAD83, 2559, 15,NGVD29,10140202
USGS,432922100270001, 41N26W31ADAA,GW-TH,43.489443,-100.4504136,F,NAD83, 2132,  8,NGVD29,10140204
USGS,432922101101101, 41N32W31BAAD,GW-TH,43.4894451,-101.1701457,F,NAD83, 2525, 10,NGVD29,10140202
USGS,432928100240901, 41N26W34BA,GW,43.49110957,-100.4029131,F,NAD83, 2065, 16,NGVD29,10140204
USGS,432928100244501, 41N26W33AAA,GW,43.49222066,-100.4123577,T,NAD83, 2105,  8,NGVD29,10140204
USGS,432928100283901, 41N27W36ABC,GW,43.49110965,-100.4779139,F,NAD83, 2155,  8,NGVD29,10140204
USGS,432929100281101, 41N26W31BBCB,GW-TH,43.4913874,-100.470136,F,NAD83, 2149,  8,NGVD29,10140204
USGS,432934101080901, 41N32W28CCD,GW,43.4911118,-101.1379234,S,NAD83, 2658, 10,NGVD29,10140204
USGS,432934101112601, 41N33W25CDD,GW,43.4919451,-101.195979,T,NAD83, 2478, 10,NGVD29,10140202
USGS,432934101235501, 41N34W29CC,GW,43.49277715,-101.3990352,T,NAD83, 2549, 30,NGVD29,10140202
USGS,432935101213401, 41N34W27CC,GW,43.49305528,-101.3598684,T,NAD83, 2705, 40,NGVD29,10140202
USGS,432937100370701, 41N28W26CDA,GW,43.4958323,-100.6212492,F,NAD83, 2505, 10,NGVD29,10140204
USGS,432937101093001, 41N32W29CBD,GW,43.4944451,-101.15709,F,NAD83, 2632, 10,NGVD29,10140202
USGS,432937101093002, 41N32W29CBD2,GW,43.49500068,-101.1559789,F,NAD83, 2642, 10,NGVD29,10140202
USGS,432937101093003, 41N32W29CCB,GW,43.49361179,-101.1587567,F,NAD83, 2630, 20,NGVD29,10140202
USGS,432939100244501, 41N26W28DDC,GW,43.49416505,-100.4129133,T,NAD83, 2011, 16,NGVD29,10140204
USGS,432940100211001, 41N26W30DDCB,GW,43.4947205,-100.3540238,F,NAD83, 2108,  8,NGVD29,10140204
USGS,432945100283501, 41N27W25D,GW,43.4958317,-100.4768028,T,NAD83, 2147, 16,NGVD29,10140204
USGS,432945100283701, 41N27W25DCA,GW,43.4958317,-100.4773584,M,NAD83, 2149,  8,NGVD29,10140204
USGS,432946101290101, 41N35W28DD,GW,43.49610976,-101.4840356,T,NAD83, 2625, 60,NGVD29,10140202
USGS,432947100285701, 41N27W25C,GW,43.49638728,-100.482914,M,NAD83, 2160, 16,NGVD29,10140204
USGS,432950100283001, 41N27W25DBDD,GW,43.4977761,-100.4759695,T,NAD83, 2146,  8,NGVD29,10140204
USGS,432953100283901, 41N27W25DBDC,GW,43.47722115,-100.4779137,S,NAD83, 2152,  8,NGVD29,10140204
USGS,432953100495601, 41N30W25DAAA,GW,43.4994443,-100.8304194,S,NAD83, 2299,  1,NGVD29,10140203
USGS,432954100285701, 41N27W25CA,GW,43.49833167,-100.482914,T,NAD83, 2147,  8,NGVD29,10140204
USGS,432958101224501, 41N34W28BCC,GW,43.499444,-101.3795906,T,NAD83, 2560, 40,NGVD29,10140202
USGS,433000100480301, 41N29W32DCA,GW,43.4805556,-100.796252,S,NAD83, 2315, 10,NGVD29,10140203
USGS,433001100240001, 41N26W27C,GW,43.48833187,-100.400413,F,NAD83, 2116, 30,NGVD29,10140204
USGS,433005100280501, 43N26W 6CCCA,GW-TH,43.5013871,-100.4684695,F,NAD83, 1705,  5,NGVD29,10140204
USGS,433006100102001,101N78W33CD,GW,43.50166428,-100.1726312,F,NAD83, 1956.00, 10,NGVD29,10140204
USGS,433006100470101, 41N29W28CBAA,GW,43.4994441,-100.7848628,F,NAD83, 2363, 10,NGVD29,10140203
USGS,433013100361701, 41N28W25B,GW,43.5036098,-100.6051378,M,NAD83, 2438, 16,NGVD29,10140204
USGS,433013100365301, 41N28W26A,GW,43.50360986,-100.6151379,M,NAD83, 2450, 16,NGVD29,10140204
USGS,433013100510501, 38N30W34AABA,GW,43.22944444,-100.8513889,R,NAD83, 2600, 10,NGVD29,10140203
USGS,433014100253001, 41N26W28B,GW,43.50388699,-100.4254135,F,NAD83, 2067, 16,NGVD29,10140204
USGS,433016100582701, 41N31W26BAB,GW,43.5044448,-100.9745893,F,NAD83, 2437, 16,NGVD29,10140203
USGS,433016101120201, 41N33W26AAD,GW,43.50277839,-101.2009788,F,NAD83, 2480,  8,NGVD29,10140202
USGS,433019100514401, 41N30W26BA,GW,43.5052776,-100.8626423,F,NAD83, 2355, 10,NGVD29,10140203
USGS,433023100453101, 41N29W27ABB,GW,43.50638825,-100.7590288,F,NAD83, 2250,  8,NGVD29,10140204
USGS,433023100453102, 41N29W27ABB2,GW,43.50638825,-100.7590288,F,NAD83, 2257, 16,NGVD29,10140203
USGS,433024099533201,101N76W35,GW,43.50666409,-99.8926206,M,NAD83, 1906, 10,NGVD29,10140204
USGS,433026100590301, 41N31W22DDC,GW,43.50611147,-100.9818116,F,NAD83, 2428, 16,NGVD29,10140203
USGS,433027100471601, 41N29W20DDD2,GW,43.50749948,-100.792085,T,NAD83, 2346,  8,NGVD29,10140204
USGS,433029101010101, 41N31W21CCA,GW,43.50805596,-101.0165343,F,NAD83, 2430, 33,NGVD29,10140203
USGS,433029101080001, 41N32W21CDBB,GW,43.50861156,-101.1315343,S,NAD83, 2665,  2,NGVD29,10140202
USGS,433029101182901, 41N34W25AC,GW,43.4997224,-101.3084791,T,NAD83, 2657, 30,NGVD29,10140202
USGS,433030099554501,101N76W33BDD,GW,43.50833048,-99.9295665,T,NAD83, 1860.00,50,NGVD29,10140204
USGS,433032100354601, 41N28W24DCD,GW,43.50888738,-100.5965265,F,NAD83, 2467, 16,NGVD29,10140204
USGS,433032100472801, 41N29W20DDD,GW,43.50777725,-100.792085,F,NAD83, 2346,  8,NGVD29,10140203
USGS,433032100473201, 41N29W20DD,GW,43.508055,-100.7926406,T,NAD83, 2346, 16,NGVD29,10140203
USGS,433032101140301, 41N33W22CDBA,GW,43.50805606,-101.2334788,F,NAD83, 2539, 30,NGVD29,10140202
USGS,433033100234701, 41N26W22DCD,GW,43.50916456,-100.396802,F,NAD83, 2030, 20,NAVD88,10140204
USGS,433033100315201, 41N27W21DDD,GW,43.50860928,-100.5304146,F,NAD83, 2182, 16,NGVD29,10140204
USGS,433033100325001, 41N27W21CC,GW,43.5091649,-100.547637,F,NAD83, 2230, 16,NGVD29,10140204
USGS,433033100334001, 41N27W20CDD,GW,43.50916497,-100.5606927,F,NAD83, 2268,  8,NGVD29,10140204
USGS,433035101121601, 41N33W23DBDD,GW-TH,43.50972268,-101.2048676,S,NAD83, 2487,  8,NGVD29,10140202
USGS,433036100262901, 41N26W20CDA,GW,43.5099979,-100.4418025,F,NAD83, 2116, 80,NGVD29,10140204
USGS,433036100334901, 41N27W20CDB,GW,43.50916498,-100.5626372,F,NAD83, 2267,  8,NGVD29,10140204
USGS,433036100334902, 41N27W20CDB2,GW,43.50999829,-100.5626372,F,NAD83, 2267,  8,NGVD29,10140204
USGS,433038100054601,100N78W 5,GW,43.51055258,-100.0965172,F,NAD83, 1886, 10,NGVD29,10140204
USGS,433039100324101, 41N27W21C,GW,43.5108315,-100.545137,F,NAD83, 2215, 16,NGVD29,10140204
USGS,433042101012801, 41N31W20DAB,GW,43.51166699,-101.0248675,F,NAD83, 2395, 33,NGVD29,10140203
USGS,433045100360801, 41N28W24CA,GW,43.5124984,-100.6026377,F,NAD83, 2543, 50,NGVD29,10140204
USGS,433045101270401, 41N35W23,GW,43.51249876,-101.4515352,M,NAD83, 2552, 50,NGVD29,10140202
USGS,433045103195001, 41N34W23CAB,GW,43.5124997,-101.334868,T,NAD83, 2641.00, 50,NGVD29,10140202
USGS,433046100321401, 41N27W21DDC,GW,43.5094426,-100.5345813,T,NAD83, 2192,  8,NGVD29,10140204
USGS,433046100321402, 41N27W21DB,GW,43.51277585,-100.5376369,F,NAD83, 2190, 16,NGVD29,10140204
USGS,433049099044601,101N77W32BBBB,GW,43.513608,-100.0798499,S,NAD83, 1932, 10,NGVD29,10140101
USGS,433049099533901, 95N77W25D,GW,43.013616,-99.8945617,M,NAD83, 2275,111,NGVD29,10150006
USGS,433052100355901, 41N28W24,GW,43.51444278,-100.6001377,F,NAD83, 2270, 50,NGVD29,10140204
USGS,433052101163601, 41N33W20CDBB,GW,43.50805587,-101.2743122,S,NAD83, 2559, 30,NGVD29,10140202
USGS,433055101004901, 41N31W21BDB,GW,43.51583355,-101.0137564,T,NAD83, 2345, 16,NGVD29,10140203
USGS,433055101004902, 41N31W21BDB2,GW,43.515278,-101.0140341,F,NAD83, 2345, 33,NGVD29,10140203
USGS,433055101005203, 41N31W21BDB3,GW,43.515278,-101.0148675,F,NAD83, 2345, 33,NGVD29,10140202
USGS,433057101243001, 41N34W18DCC,GW,43.5205545,-101.4087572,T,NAD83, 2460.00, 50,NGVD29,10140202
USGS,433105100361701, 41N28W24BAB,GW,43.5180538,-100.6051377,M,NAD83, 2467, 16,NGVD29,10140204
USGS,433105100435501, 41N29W23AD,GW,43.51805445,-100.7323615,M,NAD83, 2024, 32,NGVD29,10140203
USGS,433105101214901, 41N34W21AA,GW,43.5180549,-101.3640348,T,NAD83, 2559, 30,NGVD29,10140202
USGS,433106100215401, 41N26W24B,GW,43.51833089,-100.3654128,F,NAD83, 2030, 16,NGVD29,10140204
USGS,433112100292801, 41N27W23AAD,GW,43.5199976,-100.4931918,F,NAD83, 2093, 16,NGVD29,10140204
USGS,433115100292801, 41N27W23AAA,GW,43.5199976,-100.4931918,F,NAD83, 2100,  8,NGVD29,10140204
USGS,433118100022801,101N77W28ADDD,GW,43.5216632,-100.0415151,S,NAD83, 1879, 10,NGVD29,10140204
USGS,433118100191201, 41N25W17CDDD,GW,43.52166406,-100.3204123,S,NAD83, 1955,  2,NGVD29,10140204
USGS,433118101214901, 41N34W16DBBA,GW,43.5183327,-101.3651459,S,NAD83, 2559, 30,NGVD29,10140202
USGS,433118101261901, 41N35W13CC,GW,43.52166538,-101.439035,T,NAD83, 2575, 30,NGVD29,10140202
USGS,433122100150601, 41N25W14DDD,GW,43.52166399,-100.2545784,F,NAD83, 2018,  8,NGVD29,10140204
USGS,433125100214101, 41N26W13CDD,GW,43.52194187,-100.3609683,F,NAD83, 2090,  6,NGVD29,10140204
USGS,433126100195301, 41N25W18DDD,GW,43.52277515,-100.3337458,F,NAD83, 2028,  8,NGVD29,10140204
USGS,433131101220701, 41N34W16DB,GW,43.52527698,-101.3687569,S,NAD83, 2559, 30,NGVD29,10140202
USGS,433132100215401, 41N26W13C,GW,43.52555287,-100.3654128,M,NAD83, 2085, 50,NGVD29,10140204
USGS,433132101155101, 41N33W17D,GW,43.52555557,-101.2645898,T,NAD83, 2535, 50,NGVD29,10140202
USGS,433136100023501,101N77W28AA,GW,43.5266631,-100.0434596,T,NAD83, 1886, 10,NGVD29,10140204
USGS,433138100220801, 41N26W13CBC,GW,43.52638617,-100.3693017,F,NAD83, 2055, 20,NGVD29,10140204
USGS,433139101243001, 41N34W18DC,GW,43.52138785,-101.4087572,T,NAD83, 2460, 60,NGVD29,10140202
USGS,433141100334001, 41N27W17CAA,GW,43.52805325,-100.561526,F,NAD83, 2330,  8,NGVD29,10140204
USGS,433141101250001, 41N34W18BCCD,GW,43.5269432,-101.4207016,S,NAD83, 2467.00, 30,NGVD29,10140202
USGS,433142101163101, 41N33W17B,GW,43.5283332,-101.2757009,T,NAD83, 2525, 50,NGVD29,10140202
USGS,433143100202501, 41N25W18CAAA,GW-TH,43.52860829,-100.3406903,S,NAD83, 2034, 10,NGVD29,10140204
USGS,433144101161801, 41N33W17BCAC,GW,43.52944428,-101.2757009,S,NAD83, 2526, 30,NGVD29,10140202
USGS,433150100552401, 41N30W17BDC,GW,43.5288884,-100.9209766,F,NAD83, 2223, 16,NGVD29,10140203
USGS,433152100154601, 41N25W14BD,GW,43.5311081,-100.2631895,T,NAD83, 1900,50,NGVD29,10140204
USGS,433152100435301, 41N29W14DDDC,GW,43.5311096,-100.7318058,F,NAD83, 1993,  8,NGVD29,10140203
USGS,433157100320501, 41N27W16BAA2,GW,43.5352751,-100.5373589,T,NAD83, 2260, 10,NGVD29,10140204
USGS,433157101154201, 41N33W17AADC,GW,43.53166657,-101.2612564,F,NAD83, 2526, 30,NGVD29,10140202
USGS,433204100442701, 41N29W14BAAD,GW-CR,43.5344429,-100.7412504,S,NAD83, 2001,  8,NGVD29,10140203
USGS,433206100364901, 41N28W14AAB,GW,43.53499776,-100.6140266,T,NAD83, 2372, 16,NGVD29,10140204
USGS,433206100374301, 41N28W14BBB,GW,43.53583115,-100.6290267,F,NAD83, 2362,  8,NGVD29,10140204
USGS,433206100420401, 41N28W18BAA,GW,43.5349982,-100.700972,F,NAD83, 2238,  8,NGVD29,10140203
USGS,433206101251601, 41N35W12DD,GW,43.53638748,-101.4240349,T,NAD83, 2470.00, 60,NGVD29,10140202
USGS,433207100320101, 41N27W16AAB,GW,43.5352751,-100.5395812,F,NAD83, 2245,  8,NGVD29,10140204
USGS,433207100321901, 41N27W16ABB,GW,43.5352751,-100.5390256,F,NAD83, 2277,  8,NGVD29,10140204
USGS,433207100322801, 41N27W16BAA,GW,43.5352751,-100.5415257,F,NAD83, 2276,  8,NGVD29,10140204
USGS,433207100351901, 41N27W18BBB,GW,43.53527539,-100.5890262,T,NAD83, 2343,  8,NGVD29,10140204
USGS,433210100355801, 41N28W13ABBB,GW-TH,43.53610876,-100.5998597,S,NAD83, 2459,  8,NGVD29,10140204
USGS,433211100150201, 41N25W11DDDD,GW-TH,43.5363857,-100.2509671,S,NAD83, 2048,  8,NGVD29,10140204
USGS,433213100301601, 41N27W14BABA,GW-TH,43.5369415,-100.5048585,S,NAD83, 2159,  5,NGVD29,10140204
USGS,433216100422601, 41N28W 7CCCC,GW,43.53777598,-100.709861,F,NAD83, 2211,  8,NGVD29,10140203
USGS,433216100423102, 41N28W 7CCC2,GW,43.53777597,-100.7090277,F,NAD83, 2211,  8,NGVD29,10140203
USGS,433216100423103, 41N28W 7CCC3,GW,43.53777597,-100.7090277,F,NAD83, 2211,  8,NGVD29,10140203
USGS,433223100414101, 41N28W 7D,GW,43.53972028,-100.6951386,M,NAD83, 2700, 50,NGVD29,10140203
USGS,433227100281801, 41N27W12DAA,GW,43.54083025,-100.4720804,T,NAD83, 2050, 10,NGVD29,10140204
USGS,433229100370201, 41N28W11DB,GW,43.54138647,-100.6176377,T,NAD83, 2339, 16,NGVD29,10140204
USGS,433229100563101, 41N30W 7DDBD,GW,43.53805489,-100.9329212,T,NAD83, 2188,  8,NGVD29,10140203
USGS,433233101015201, 41N31W 8BDD,GW,43.54249959,-101.0315337,F,NAD83, 2310, 16,NGVD29,10140203
USGS,433234100153301, 41N25W11DBB,GW,43.54221886,-100.2595783,T,NAD83, 2000, 50,NGVD29,10140204
USGS,433234100154201, 41N25W11CAA,GW,43.54221886,-100.2620783,F,NAD83, 1920, 30,NGVD29,10140204
USGS,433235101181201, 41N31W12AD,GW,43.54305477,-100.9337544,T,NAD83, 2227, 10,NGVD29,10140202
USGS,433236100284801, 40N25W12DAA,GW,43.4113896,-100.3145768,M,NAD83, 2125, 20,NGVD29,10140204
USGS,433236100415901, 41N28W 7A,GW,43.5433313,-100.7001386,M,NAD83, 2300, 50,NGVD29,10140203
USGS,433236101181201, 41N34W12AD,GW,43.54333267,-101.3037564,T,NAD83, 2592, 30,NGVD29,10140202
USGS,433236101181202, 41N34W12AD2,GW,43.54333267,-101.3037564,T,NAD83, 2592, 30,NGVD29,10140202
USGS,433237100213601, 41N26W12ABBB,GW,43.54916318,-100.3601348,F,NAD83, 2064,  2,NGVD29,10140204
USGS,433238101060401, 41N32W10AD,GW,43.54388849,-101.1015338,M,NAD83, 2592, 60,NGVD29,10140203
USGS,433241100254901, 41N26W 9BCCC,GW-TH,43.54471896,-100.430691,S,NAD83, 2287,  5,NGVD29,10140204
USGS,433242100560901, 41N30W 7ACD,GW,43.54499918,-100.9362545,F,NAD83, 2215,  8,NGVD29,10140203
USGS,433243100281401, 41N27W12ADDA,GW,43.5452745,-100.4709693,M,NAD83, 2028,  8,NGVD29,10140204
USGS,433243101020601, 41N31W 8B,GW,43.5452773,-101.0354226,M,NAD83, 2320, 16,NGVD29,10140203
USGS,433248100511701, 41N30W11A,GW,43.54666538,-100.8551415,M,NAD83, 2070, 16,NGVD29,10140203
USGS,433248101121501, 41N33W11ABDD,GW-TH,43.54666628,-101.2045894,S,NAD83, 2441,  8,NGVD29,10140202
USGS,433248101121502, 41N33W11ABDD2,GW,43.54666628,-101.2045894,S,NAD83, 2441, 10,NGVD29,10140202
USGS,433249100391701, 41N28W 9A,GW,43.54694206,-100.655138,M,NAD83, 2300, 50,NGVD29,10140203
USGS,433250099532001,101N76W16D,GW,43.547219,-99.8892868,F,NAD83, 1820, 10,NGVD29,10140204
USGS,433250100204201, 41N25W 7B,GW,43.54721878,-100.3454125,M,NAD83, 2000, 80,NGVD29,10140204
USGS,433250100204202, 41N25W 7B2,GW,43.54721878,-100.3454125,M,NAD83, 2000, 50,NGVD29,10140204
USGS,433255100173801, 41N25W 3CCC,GW,43.551663,-100.2901341,T,NAD83, 1880,  8,NGVD29,10140204
USGS,433256100232001, 41N26W11BBC,GW,43.5483299,-100.3879129,F,NAD83, 2156, 10,NGVD29,10140204
USGS,433256100255701, 41N26W 8AA,GW,43.54888549,-100.4329133,T,NAD83, 2180, 15,NGVD29,10140204
USGS,433256100304501, 41N27W10AAD,GW,43.54833008,-100.5098585,T,NAD83, 2142, 10,NGVD29,10140204
USGS,433256100304502, 41N27W10AAC,GW,43.5483301,-100.5129141,T,NAD83, 2140,50,NGVD29,10140203
USGS,433256100460001, 41N29W10BAB,GW,43.54888708,-100.767084,T,NAD83,,,,10140203
USGS,433257100151501, 41N25W11AAC,GW,43.54666315,-100.2545782,F,NAD83, 2000,50,NGVD29,10140204
USGS,433300100512401, 41N30W11AB,GW,43.54860978,-100.857086,M,NAD83, 2070, 16,NGVD29,10140203
USGS,433301100015001,101N77W15,GW,43.55027369,-100.0309589,M,NAD83, 1900.00,50,NGVD29,10140204
USGS,433301100450301, 41N29W10AAAB,GW-TH,43.55027585,-100.7512503,F,NAD83, 2155,  8,NGVD29,10140103
USGS,433301100451501, 41N29W10AABB,GW-TH,43.55027587,-100.7545837,F,NAD83, 2125,  8,NGVD29,10140203
USGS,433302100423001, 41N28W 7BBBA,GW-TH,43.55055338,-100.7087498,F,NAD83, 2198,  8,NGVD29,10140103
USGS,433302101012101, 41N34W 5DD,GW,43.55055438,-101.3562566,T,NAD83, 2526, 60,NGVD29,10140202
USGS,433302101235501, 41N34W 5CC,GW,43.55194297,-101.3951457,S,NAD83, 2477, 20,NGVD29,10140202
USGS,433303101011301, 41N31W 5DDAD,GW-TH,43.5508327,-101.0207003,F,NAD83, 2313, 20,NGVD29,10140203
USGS,433304100381101, 41N29W 3CCC,GW-TH,43.5511085,-100.6368045,T,NAD83, 2008,  8,NGVD29,10140203
USGS,433307100503001, 41N30W 1BDD3,GW,43.5588872,-100.840141,T,NAD83, 2055, 16,NGVD29,10140203
USGS,433310099491501,101N75W16BBBA,GW,43.552775,-99.8212285,F,NAD83, 1760.00,50,NGVD29,10140204
USGS,433310099495001,101N75W17ABBC,GW,43.5527749,-99.8309511,T,NAD83, 1820.00,50,NGVD29,10140204
USGS,433310101121001, 41N33W 2DAB,GW,43.5549994,-101.2040338,T,NAD83, 2400, 16,NGVD29,10140202
USGS,433313101243001, 41N34W 6DB,GW,43.5536095,-101.4087568,T,NAD83, 2428,120,NGVD29,10140202
USGS,433315101220701, 41N34W 4DB,GW,43.5541653,-101.3690344,T,NAD83, 2591, 30,NGVD29,10140202
USGS,433316100204201, 41N25W 6CCDB,GW,43.55194085,-100.3473569,S,NAD83, 2008, 10,NGVD29,10140204
USGS,433321100525601, 41N30W 3CA,GW,43.55583195,-100.882642,T,NAD83, 2227, 48,NGVD29,10140203
USGS,433321101244001, 41N34W 6,GW,43.55583168,-101.4115346,M,NAD83, 2428, 90,NGVD29,10140202
USGS,433326101141501, 41N33W 3CAB,GW,43.55499944,-101.233756,F,NAD83, 2428, 30,NGVD29,10140202
USGS,433327101132501, 41N33W 3ADCB,GW,43.55749938,-101.2240338,S,NAD83, 2415, 16,NGVD29,10140202
USGS,433327101143201, 42N33W33AD,GW,43.57249906,-101.2426448,T,NAD83, 2460.00, 30,NGVD29,10140202
USGS,433331100502701, 41N30W 1BDD,GW,43.5586094,-100.8412522,F,NAD83, 2050, 15,NGVD29,10140203
USGS,433334100502702, 41N30W 1BDD2,GW,43.55944274,-100.8412522,F,NAD83, 2055, 16,NGVD29,10140203
USGS,433334101095201, 41N32W 6A,GW,43.5594437,-101.164867,M,NAD83, 2680, 50,NGVD29,10140202
USGS,433335101180801, 42N34W36DD,GW,43.5647211,-101.302645,F,NAD83, 2740.00, 90,NGVD29,10140202
USGS,433337100502701, 41N30W 1BDA,GW,43.56027605,-100.8412521,F,NAD83, 2070,  8,NGVD29,10140203
USGS,433338099530201,101N76W11DD,GW,43.56055216,-99.8842865,T,NAD83, 1896, 10,NGVD29,10140204
USGS,433341100402901, 41N28W 5A,GW,43.56138619,-100.6751382,F,NAD83, 2083,  6,NGVD29,10140203
USGS,433348100220801, 41N26W 1BBC,GW,43.56249607,-100.3676348,F,NAD83, 2067,  8,NGVD29,10140204
USGS,433348100220802, 41N26W 1BBC2,GW,43.56249607,-100.3670793,F,NAD83, 2067,  8,NGVD29,10140204
USGS,433348100310301, 41N27W 3AB,GW,43.5633296,-100.517914,F,NAD83, 2182,  6,NGVD29,10140204
USGS,433348100340201, 41N27W 5BB,GW,43.5633299,-100.5676369,F,NAD83, 2231, 16,NGVD29,10140204
USGS,433350100510601, 41N29W 6AAAB,GW,43.5638871,-100.8520857,F,NAD83, 2018, 16,NGVD29,10140203
USGS,433351100352801, 41N28W 1AAA,GW,43.56249676,-100.591526,F,NAD83, 2220, 16,NGVD29,10140204
USGS,433351100352802, 41N28W 1AAA2,GW,43.56138569,-100.591526,F,NAD83, 2216, 16,NGVD29,10140204
USGS,433351100423101, 41N28W 6CBC,GW,43.555831,-100.7090275,F,NAD83, 2175, 16,NGVD29,10140203
USGS,433351100423102, 41N28W 6CBC2,GW,43.555831,-100.7093053,F,NAD83, 2175, 16,NGVD29,10140203
USGS,433351100423103, 41N28W 6CBC3,GW,43.5555532,-100.7090275,F,NAD83, 2175, 16,NGVD29,10140203
USGS,433354101135401, 42N33W34CD,GW,43.5649992,-101.2320893,T,NAD83, 2460, 15,NGVD29,10140202
USGS,433355100425301, 42N29W36DCD,GW,43.5652752,-100.7151386,T,NAD83,, 16,,10140204
USGS,433358100321901, 42N27W33DCC,GW,43.5661074,-100.5390254,F,NAD83, 2100, 16,NGVD29,10140204
USGS,433359100454801, 42N29W34CDC,GW,43.56638657,-100.7637504,F,NAD83, 1958,  8,NGVD29,10140203
USGS,433400100193001, 42N25W32CDA,GW,43.5677736,-100.3231899,S,NAD83, 2106,  2,NGVD29,10140204
USGS,433400100490201, 42N29W31DC,GW-TH,43.5666646,-100.8176404,M,NAD83, 2024, 16,NGVD29,10140202
USGS,433401100060301,101N78W12AD,GW,43.56694008,-100.1012391,F,NAD83, 1950.00,50,NGVD29,10140204
USGS,433401100340201, 42N27W32CC,GW,43.5669409,-100.5676369,F,NAD83, 2247, 50,NGVD29,10140204
USGS,433401101121601, 42N33W35D,GW,43.56694359,-101.204867,M,NAD83, 2395, 16,NGVD29,10140202
USGS,433405100173001, 42N25W34CCB,GW,43.56694029,-100.2898563,T,NAD83, 1821,  8,NGVD29,10140204
USGS,433405101281201, 42N35W34,GW,43.5702755,-101.4715347,T,NAD83, 2595.00,150,NGVD29,10140202
USGS,433407100432901, 42N29W36CB,GW,43.57083068,-100.7290276,M,NAD83, 2152, 32,NGVD29,10140203
USGS,433408100483301, 42N29W32CBC,GW-TH,43.56888676,-100.8095847,F,NAD83, 2014,  8,NGVD29,10140203
USGS,433412100454101, 42N29W34CADB,GW,43.56999757,-100.7618058,F,NAD83, 1958,  8,NGVD29,10140203
USGS,433416100454101, 42N29W34CAAC2,GW,43.57110865,-100.7618058,F,NAD83, 1959,  8,NGVD29,10140203
USGS,433416100531801, 42N30W34CBB,GW,43.57110936,-100.888753,F,NAD83, 2280, 16,NGVD29,10140203
USGS,433416100531802, 42N30W34CBB2,GW,43.57110936,-100.888753,F,NAD83, 2277, 16,NGVD29,10140203
USGS,433418100453701, 42N29W34CAAA,GW-TH,43.5722197,-100.7604169,F,NAD83, 1959,  8,NGVD29,10140203
USGS,433420100431101, 42N29W36CBC,GW,43.5713862,-100.7290276,F,NAD83, 2152,  8,NGVD29,10140203
USGS,433425100453001, 42N29W34CAAC (2),GW,43.5705531,-100.7618058,T,NAD83, 1959,  8,NGVD29,10140203
USGS,433425101143401, 42N33W33ADBA,GW,43.5736101,-101.2432003,F,NAD83, 2460, 30,NGVD29,10140202
USGS,433426100492001, 42N29W31BD,GW-TH,43.57388669,-100.8226405,T,NAD83, 2149,50,NGVD29,10140203
USGS,433426100563102, 42N30W31ADC3,GW,43.5738873,-100.9326428,F,NAD83, 2297,  8,NGVD29,10140203
USGS,433426100563601, 42N30W31ADC,GW,43.5738873,-100.9326428,F,NAD83, 2296,  8,NGVD29,10140202
USGS,433426100563602, 42N30W31ADC2,GW,43.57333178,-100.9326428,F,NAD83, 2297,  8,NGVD29,10140202
USGS,433427100252601, 42N26W33BDC,GW,43.5741624,-100.424302,F,NAD83, 2159, 16,NGVD29,10140204
USGS,433427100252602, 42N26W33BDC2,GW,43.5741624,-100.4254131,F,NAD83, 2165, 16,NGVD29,10140204
USGS,433427100330801, 42N27W32AD,GW,43.57555165,-100.5512477,F,NAD83, 2155, 16,NGVD29,10140204
USGS,433427100454801, 42N29W34BDBD,GW-CR,43.5741641,-100.7637503,F,NAD83, 1958,5,NGVD29,10140203
USGS,433434100211801, 42N26W36AA,GW,43.5777733,-100.3529124,F,NAD83, 2034, 16,NGVD29,10140204
USGS,433436100523301, 42N30W34ABD,GW,43.5766647,-100.8762527,F,NAD83, 2264, 16,NGVD29,10140202
USGS,433437100340701, 42N27W32BBCC,GW,43.5769406,-100.5690257,F,NAD83, 2172,  8,NGVD29,10140204
USGS,433438100204201, 42N25W31BBD,GW-CR,43.57721778,-100.3454123,T,NAD83, 2008, 16,NGVD29,10140204
USGS,433438101281901, 42N35W34BABB,GW,43.5772198,-101.4759791,S,NAD83, 2532, 15,NGVD29,10140202
USGS,433439101282301, 42N35W27DCCC,GW,43.579442,-101.470979,S,NAD83, 2522, 15,NGVD29,10140202
USGS,433440100454301, 42N29W34BA,GW,43.5777751,-100.7623613,F,NAD83, 1958, 15,NGVD29,10140203
USGS,433440100454302, 42N29W34BA2,GW,43.5777751,-100.7623613,F,NAD83, 1958, 15,NGVD29,10140203
USGS,433440100454303, 42N29W34BA3,GW,43.5777751,-100.7623613,F,NAD83, 1958,  8,NGVD29,10140203
USGS,433440100454304, 42N29W34BA4,GW,43.5777751,-100.7623613,F,NAD83, 1958,  8,NGVD29,10140203
USGS,433440100454305, 42N29W34BA5,GW,43.5777751,-100.7623613,F,NAD83, 1958, 10,NGVD29,10140203
USGS,433440100454306, 42N29W34BA6,GW,43.5777751,-100.7623613,F,NAD83, 1958,  8,NGVD29,10140203
USGS,433440100454307, 42N29W34BA7,GW,43.5777751,-100.7623613,F,NAD83, 1958,  8,NGVD29,10140203
USGS,433440100454308, 42N29W34BA8,GW,43.5777751,-100.7623613,F,NAD83, 1958,  8,NGVD29,10140203
USGS,433440100454309, 42N29W34BA9,GW-TH,43.5777751,-100.7623613,F,NAD83, 1958,  8,NGVD29,10140203
USGS,433440100454310, 42N29W34BA10,GW-TH,43.5777751,-100.7623613,F,NAD83, 1958,  8,NGVD29,10140203
USGS,433440100454312, 42N29W34BA12,GW-TH,43.5777751,-100.7623613,F,NAD83, 1958,  8,NGVD29,10140203
USGS,433440100454313, 42N29W34BA13,GW-TH,43.5777751,-100.7623613,F,NAD83, 1958,  8,NGVD29,10140203
USGS,433440100454314, 42N29W34BA14,GW-TH,43.5777751,-100.7623613,F,NAD83, 1958,  8,NGVD29,10140203
USGS,433440100544311, 42N29W34BA11,GW-TH,43.57777599,-100.9123646,F,NAD83, 1958,  8,NGVD29,10140203
USGS,433443100304001, 42N27W34AAA,GW,43.57860686,-100.511525,F,NAD83, 2059,  8,NGVD29,10140204
USGS,433443101154501, 42N33W29DD,GW,43.5852764,-101.2695892,T,NAD83, 2461.00, 30,NGVD29,10140202
USGS,433445100235801, 42N26W34ABCD,GW,43.57694007,-100.3987462,F,NAD83, 2174,  8,NGVD29,10140204
USGS,433447100460401, 42N29W27CDC,GW,43.57971955,-100.7681948,T,NAD83, 1952, 16,NGVD29,10140204
USGS,433447101284401, 42N35W27CCBD,GW,43.57971976,-101.4793124,F,NAD83, 2565, 20,NGVD29,10140202
USGS,433452100445501, 42N29W26CCC,GW,43.58110829,-100.7490277,F,NAD83, 2106,  8,NGVD29,10140203
USGS,433456100304901, 42N27W27DDB,GW,43.58221786,-100.514025,F,NAD83, 2100, 32,NGVD29,10140204
USGS,433456100360401, 42N28W25CDA,GW,43.5822184,-100.601526,F,NAD83, 2356, 16,NGVD29,10140204
USGS,433456100414601, 42N28W30DCA,GW,43.582219,-100.696527,F,NAD83, 2118, 32,NGVD29,10140203
USGS,433459100305401, 42N27W27D,GW,43.58305118,-100.515414,M,NAD83, 2105, 32,NGVD29,10140204
USGS,433459100305402, 42N27W27D2,GW,43.58305118,-100.515414,M,NAD83, 2093, 40,NGVD29,10140204
USGS,433459100313001, 42N27W27C,GW,43.5830512,-100.525414,M,NAD83, 2105, 32,NGVD29,10140204
USGS,433502100535403, 42N30W28DBC,GW,43.58472018,-100.898753,F,NAD83, 2247,  8,NGVD29,10140202
USGS,433505100450801, 42N29W27DAD,GW,43.5847193,-100.7526388,F,NAD83, 2108,  8,NGVD29,10140203
USGS,433506100342001, 42N27W30DA,GW,43.58555145,-100.5704145,T,NAD83, 2205, 16,NGVD29,10140204
USGS,433506100351001, 42N27W30CBD,GW,43.58444048,-100.586248,F,NAD83, 2230, 16,NGVD29,10140204
USGS,433506100351401, 42N27W30CBAA,GW,43.584996,-100.587637,F,NAD83, 2247, 16,NGVD29,10140204
USGS,433509100360401, 42N28W25CAA,GW,43.58638496,-100.601526,F,NAD83, 2315, 32,NGVD29,10140204
USGS,433512100453501,42N29W27,GW,43.58666375,-100.7601389,M,NAD83, 2072,4.3,NAVD88,10140203
USGS,433513100022801,102N77W33DDDD,GW,43.58693959,-100.0415144,S,NAD83, 1910.00, 10,NGVD29,10140204
USGS,433515101023001,102N77W33DD,GW,43.5874951,-100.04207,F,NAD83, 1910.00,50,NGVD29,10140204
USGS,433518100523301, 42N30W27ACD,GW,43.58833106,-100.8762525,T,NAD83, 2239,  8,NGVD29,10140202
USGS,433519101121601, 42N33W26AAD,GW,43.5891653,-101.2012556,M,NAD83, 2320, 16,NGVD29,10140202
USGS,433520100422801, 42N28W30BCB,GW,43.58971889,-100.7087494,F,NAD83, 1975,  8,NGVD29,10140203
USGS,433521101283301, 42N35W27ACAD,GW,43.58694195,-101.4665345,S,NAD83, 2575, 30,NGVD29,10140202
USGS,433523100240501, 42N26W27BDA,GW,43.5897174,-100.4018017,F,NAD83, 2153, 16,NGVD29,10140204
USGS,433525100313001, 42N27W27B,GW,43.5902732,-100.525414,M,NAD83, 2149, 16,NGVD29,10140204
USGS,433525100331701, 42N27W29A,GW,43.5902734,-100.5551366,M,NAD83, 2155, 40,NGVD29,10140204
USGS,433525100342901, 42N27W30A,GW,43.59027355,-100.5751368,M,NAD83, 2230, 45,NGVD29,10140204
USGS,433529100361601, 42N28W25BACC,GW-TH,43.5913848,-100.6048593,S,NAD83, 2352,  8,NGVD29,10140204
USGS,433530101114301, 42N33W25BBAA,GW-TH,43.59166524,-101.1957,S,NAD83, 2333,  8,NGVD29,10140202
USGS,433532100240901, 42N26W27BA,GW,43.5922173,-100.4029128,F,NAD83, 2150,  8,NGVD29,10140204
USGS,433535100423101, 42N28W30BBB,GW,43.5930521,-100.7090271,M,NAD83, 2000,111,NGVD29,10140203
USGS,433544100450801, 42N29W22DDB,GW,43.59555234,-100.7526387,T,NAD83, 1935, 16,NGVD29,10140203
USGS,433544100450802, 42N29W22DDB2,GW,43.59555234,-100.7526387,M,NAD83, 1935, 16,NGVD29,10140203
USGS,433545100252601, 42N26W21CDC,GW,43.59582835,-100.4243019,F,NAD83, 2202, 16,NGVD29,10140204
USGS,433545100342001, 42N27W19DD,GW,43.5958289,-100.5726367,T,NAD83, 2238, 16,NGVD29,10140204
USGS,433545101031701, 42N31W19D,GW,43.5963872,-101.0448663,M,NAD83, 2297, 16,NGVD29,10140202
USGS,433548100452201, 42N29W22DCA,GW,43.59666345,-100.7565276,F,NAD83, 1932,  8,NGVD29,10140203
USGS,433551100481701, 42N29W20C,GW,43.59749705,-100.8051398,M,NAD83, 2244, 10,NGVD29,10140203
USGS,433552100444001, 42N29W23CACC,GW,43.5999966,-100.7454163,T,NAD83, 1929,  8,NGVD29,10140203
USGS,433552100455801, 42N29W23CBCC,GW-TH,43.59777459,-100.7665278,F,NAD83, 1929,  8,NGVD29,10140203
USGS,433552100455802, 42N29W23CBCC2,GW-TH,43.59777459,-100.7665278,F,NAD83, 1929,  8,NGVD29,10140203
USGS,433554100314801, 42N27W28AAAA,GW-TH,43.59832855,-100.530414,S,NAD83, 2154,  8,NGVD29,10140204
USGS,433556100452201, 42N29W22DB,GW,43.5988856,-100.7565276,T,NAD83, 1968, 32,NGVD29,10140203
USGS,433557100360801, 42N28W24CA,GW,43.59999565,-100.602637,T,NAD83, 2247, 50,NGVD29,10140203
USGS,433557100370201, 42N28W23DB,GW,43.59805137,-100.6187483,F,NAD83, 2274, 16,NGVD29,10140203
USGS,433558100325001, 42N27W21CB,GW,43.5994397,-100.5476364,F,NAD83, 2149, 16,NGVD29,10140204
USGS,433558101101001, 42N32W19BDBA,GW,43.59805396,-101.1665332,F,NAD83, 2411, 16,NGVD29,10140202
USGS,433600100015601,102N77W27CC,GW,43.59999487,-100.032625,F,NAD83, 1950.00,50,NGVD29,10140204
USGS,433801100574501, 41N33W11AA,GW,43.54583296,-101.201256,T,NAD83, 2422, 16,NGVD29,10140202
USGS,433940100252101, 42N26W33BD,GW,43.5749957,-100.4231909,T,NAD83, 2160, 16,NGVD29,10140204
USGS,433940100252102, 42N26W33BD2,GW,43.5749957,-100.4231909,T,NAD83, 2160, 16,NGVD29,10140204
USGS,433940100252103, 42N26W33BD3,GW,43.5749957,-100.4231909,T,NAD83, 2160, 16,NGVD29,10140204
USGS,433950100233501, 42N31W34ABA,GW,43.5766653,-100.9831994,F,NAD83, 2329, 16,NGVD29,10140204
USGS,434323101040501, 39N32W 2DBCC,GW,43.3777796,-101.0684804,S,NAD83, 2595, 10,NGVD29,10140203
USGS,434427100313601, 35N27W 8BCDD,GW,43.02500705,-100.5270773,S,NAD83, 2695,  1,NGVD29,10150004
USGS,434922100535501, 37N30W29BAAC,GW,43.1561111,-100.8986111,R,NAD83, 2875, 10,NGVD29,10140203
USGS,435440100533201, 37N30W20D,GW,43.16416667,-100.8969444,R,NAD83, 2861, 10,NGVD29,10140203
USGS,440726100464901, 36N29W 6ADB,GW,43.12389448,-100.780698,F,NAD83, 2940.00,10,NGVD29,10150006
USGS,441401099105401, 97N77W10D (3),GW,43.2336136,-99.9320628,M,NAD83, 2450.00,25,NGVD29,10140105
USGS,441921099522201,100N75W20ABDA,GW,43.4891645,-99.8731753,T,NAD83, 1530.00,50,NGVD29,10140101
USGS,443203100443001, 41N29W14BA,GW,43.53416515,-100.7420837,T,NAD83, 2001,  8,NGVD29,10130105
USGS,450155100261601, 35N27W 1DCDD,GW,43.0319513,-100.4381864,S,NAD83, 2637,  1,NGVD29,10150006
